user_id,login_count,unique_pcs,active_hours,actions_per_hour,file_access_count,file_copy_count,removable_uploads,removable_downloads,decoy_access_count,prediction,prediction_label
NFP2441,0,920,24,0.0,0.0,0.0,0.0,0.0,102.0,1.0,Normal
ADR1517,0,1,10,0.0,0.0,0.0,0.0,0.0,12.0,1.0,Normal
MWB4000,0,1,2,0.0,0.0,0.0,0.0,0.0,2.0,1.0,Normal
MLS2856,0,1,8,0.0,0.0,0.0,0.0,0.0,20.0,1.0,Normal
BTR2026,0,1,2,0.0,0.0,0.0,0.0,0.0,0.0,1.0,Normal
ZCT1009,0,1,4,0.0,0.0,0.0,0.0,0.0,0.0,1.0,Normal
SEM1983,0,1,7,0.0,0.0,0.0,0.0,0.0,9.0,1.0,Normal
BDW1459,0,1,4,0.0,0.0,0.0,0.0,0.0,0.0,1.0,Normal
FAJ3101,0,1,10,0.0,0.0,0.0,335.0,554.0,106.0,1.0,Normal
CLR1239,0,47,12,0.0,0.0,0.0,0.0,0.0,98.0,1.0,Normal
LOP1708,0,23,9,0.0,0.0,0.0,652.0,1135.0,239.0,1.0,Normal
GKK2422,0,1,9,0.0,0.0,0.0,0.0,0.0,146.0,1.0,Normal
MYB3817,0,1,8,0.0,0.0,0.0,0.0,0.0,52.0,1.0,Normal
JBO2839,0,1,4,0.0,0.0,0.0,0.0,0.0,14.0,1.0,Normal
JTC0941,0,1,2,0.0,0.0,0.0,0.0,0.0,0.0,1.0,Normal
IKA2925,0,104,11,0.0,0.0,0.0,0.0,0.0,33.0,1.0,Normal
JSN1905,0,1,2,0.0,0.0,0.0,0.0,0.0,0.0,1.0,Normal
JRL2365,0,1,2,0.0,0.0,0.0,0.0,0.0,16.0,1.0,Normal
GJB0850,0,1,4,0.0,0.0,0.0,0.0,0.0,6.0,1.0,Normal
LMD2804,0,1,3,0.0,0.0,0.0,0.0,0.0,23.0,1.0,Normal
KMB3003,0,1,4,0.0,0.0,0.0,0.0,0.0,29.0,1.0,Normal
LWV1525,0,106,11,0.0,0.0,0.0,0.0,0.0,41.0,1.0,Normal
RBB3867,0,1,3,0.0,0.0,0.0,0.0,0.0,0.0,1.0,Normal
ARF0575,0,1,4,0.0,0.0,0.0,0.0,0.0,57.0,1.0,Normal
WSC2981,0,1,2,0.0,0.0,0.0,0.0,0.0,24.0,1.0,Normal
HKT1778,0,1,9,0.0,0.0,0.0,66.0,124.0,68.0,1.0,Normal
MAS3218,0,13,23,0.0,0.0,0.0,142.0,293.0,68.0,1.0,Normal
MJG2304,0,86,9,0.0,0.0,0.0,1219.0,2182.0,365.0,-1.0,Anomaly
CCH1508,0,1,4,0.0,0.0,0.0,0.0,0.0,0.0,1.0,Normal
HDN2609,0,84,12,0.0,0.0,0.0,364.0,272.0,609.0,1.0,Normal
FCM3926,0,1,2,0.0,0.0,0.0,873.0,1493.0,259.0,-1.0,Anomaly
DMR0336,0,1,2,0.0,0.0,0.0,0.0,0.0,0.0,1.0,Normal
XAB0936,0,10,10,0.0,0.0,0.0,69.0,131.0,114.0,1.0,Normal
LCB2041,0,1,2,0.0,0.0,0.0,0.0,0.0,0.0,1.0,Normal
ZJB0552,0,1,2,0.0,0.0,0.0,0.0,0.0,14.0,1.0,Normal
AKP3573,0,1,2,0.0,0.0,0.0,0.0,0.0,17.0,1.0,Normal
JRA0522,0,1,3,0.0,0.0,0.0,0.0,0.0,18.0,1.0,Normal
RLS1738,0,85,11,0.0,0.0,0.0,0.0,0.0,49.0,1.0,Normal
CWK2870,0,23,11,0.0,0.0,0.0,0.0,0.0,11.0,1.0,Normal
BRH1107,0,1,2,0.0,0.0,0.0,0.0,0.0,27.0,1.0,Normal
TEF3555,0,1,2,0.0,0.0,0.0,0.0,0.0,0.0,1.0,Normal
GEH0420,0,1,3,0.0,0.0,0.0,0.0,0.0,21.0,1.0,Normal
VCV2521,0,109,10,0.0,0.0,0.0,991.0,1596.0,267.0,1.0,Normal
LJR0253,0,1,4,0.0,0.0,0.0,0.0,0.0,0.0,1.0,Normal
RPH2326,0,15,5,0.0,0.0,0.0,266.0,507.0,88.0,1.0,Normal
FJO1828,0,65,24,0.0,0.0,0.0,275.0,503.0,103.0,1.0,Normal
JIG1936,0,1,3,0.0,0.0,0.0,0.0,0.0,0.0,1.0,Normal
OAS0991,0,1,9,0.0,0.0,0.0,0.0,0.0,95.0,1.0,Normal
CRT2273,0,1,4,0.0,0.0,0.0,0.0,0.0,42.0,1.0,Normal
KGR2815,0,1,4,0.0,0.0,0.0,0.0,0.0,1.0,1.0,Normal
ACH1910,0,68,24,0.0,0.0,0.0,0.0,0.0,127.0,1.0,Normal
WDS2197,0,88,9,0.0,0.0,0.0,464.0,833.0,120.0,1.0,Normal
TJM0328,0,1,2,0.0,0.0,0.0,0.0,0.0,0.0,1.0,Normal
JJS2973,0,1,2,0.0,0.0,0.0,0.0,0.0,13.0,1.0,Normal
UDW0487,0,1,3,0.0,0.0,0.0,0.0,0.0,12.0,1.0,Normal
SHB2106,0,1,3,0.0,0.0,0.0,0.0,0.0,0.0,1.0,Normal
PCT1234,0,1,10,0.0,0.0,0.0,0.0,0.0,43.0,1.0,Normal
KAV2926,0,6,22,0.0,0.0,0.0,0.0,0.0,19.0,1.0,Normal
ADS0763,0,1,4,0.0,0.0,0.0,0.0,0.0,83.0,1.0,Normal
SKG1731,0,1,4,0.0,0.0,0.0,0.0,0.0,0.0,1.0,Normal
ISJ1479,0,77,11,0.0,0.0,0.0,0.0,0.0,12.0,1.0,Normal
CAG2236,0,1,10,0.0,0.0,0.0,0.0,0.0,4.0,1.0,Normal
YKW3832,0,20,21,0.0,0.0,0.0,175.0,327.0,81.0,1.0,Normal
AVC2328,0,1,2,0.0,0.0,0.0,0.0,0.0,47.0,1.0,Normal
CSP2186,0,23,9,0.0,0.0,0.0,678.0,1211.0,190.0,1.0,Normal
DBG0477,0,10,24,0.0,0.0,0.0,75.0,179.0,57.0,1.0,Normal
HPR2023,0,1,2,0.0,0.0,0.0,0.0,0.0,8.0,1.0,Normal
HAR3571,0,1,8,0.0,0.0,0.0,340.0,607.0,114.0,1.0,Normal
NJM0440,0,87,11,0.0,0.0,0.0,361.0,645.0,103.0,1.0,Normal
IBW1779,0,1,14,0.0,0.0,0.0,0.0,0.0,412.0,1.0,Normal
BVB1673,0,3,6,0.0,0.0,0.0,154.0,62.0,74.0,1.0,Normal
DDF2937,0,1,4,0.0,0.0,0.0,0.0,0.0,0.0,1.0,Normal
NDH3827,0,1,3,0.0,0.0,0.0,0.0,0.0,0.0,1.0,Normal
NLS1866,0,1,2,0.0,0.0,0.0,0.0,0.0,0.0,1.0,Normal
MKM0647,0,33,11,0.0,0.0,0.0,280.0,550.0,100.0,1.0,Normal
DCR1531,0,84,11,0.0,0.0,0.0,0.0,0.0,48.0,1.0,Normal
BSB3083,0,1,9,0.0,0.0,0.0,1133.0,1932.0,348.0,1.0,Normal
SLM1119,0,111,14,0.0,0.0,0.0,0.0,0.0,114.0,1.0,Normal
KCO0269,0,1,4,0.0,0.0,0.0,0.0,0.0,0.0,1.0,Normal
HVS1143,0,1,4,0.0,0.0,0.0,0.0,0.0,0.0,1.0,Normal
JRR0829,0,1,10,0.0,0.0,0.0,0.0,0.0,60.0,1.0,Normal
BMF2337,0,1,2,0.0,0.0,0.0,0.0,0.0,0.0,1.0,Normal
JRK2707,0,1,3,0.0,0.0,0.0,0.0,0.0,74.0,1.0,Normal
CEC1352,0,59,10,0.0,0.0,0.0,2987.0,4972.0,821.0,-1.0,Anomaly
KDB0266,0,1,4,0.0,0.0,0.0,0.0,0.0,13.0,1.0,Normal
MKR2138,0,1,2,0.0,0.0,0.0,1146.0,1927.0,325.0,-1.0,Anomaly
ALS3440,0,1,22,0.0,0.0,0.0,0.0,0.0,214.0,1.0,Normal
AZG2343,0,28,11,0.0,0.0,0.0,0.0,0.0,47.0,1.0,Normal
RJS0846,0,1,4,0.0,0.0,0.0,0.0,0.0,11.0,1.0,Normal
BRG3267,0,1,18,0.0,0.0,0.0,3016.0,5080.0,772.0,-1.0,Anomaly
QNW0977,0,1,5,0.0,0.0,0.0,0.0,0.0,21.0,1.0,Normal
CNT0946,0,106,10,0.0,0.0,0.0,0.0,0.0,30.0,1.0,Normal
DMR2518,0,1,4,0.0,0.0,0.0,0.0,0.0,0.0,1.0,Normal
DSB0245,0,61,12,0.0,0.0,0.0,0.0,0.0,42.0,1.0,Normal
LBR1387,0,1,4,0.0,0.0,0.0,0.0,0.0,100.0,1.0,Normal
CKB3645,0,22,12,0.0,0.0,0.0,466.0,1045.0,283.0,1.0,Normal
DHG0962,0,20,10,0.0,0.0,0.0,411.0,742.0,172.0,1.0,Normal
HMR0098,0,1,17,0.0,0.0,0.0,71.0,139.0,748.0,1.0,Normal
TLW2668,0,1,3,0.0,0.0,0.0,0.0,0.0,0.0,1.0,Normal
LLH3157,0,101,11,0.0,0.0,0.0,936.0,1620.0,305.0,1.0,Normal
WNC0874,0,1,2,0.0,0.0,0.0,0.0,0.0,8.0,1.0,Normal
MNC0433,0,1,4,0.0,0.0,0.0,0.0,0.0,9.0,1.0,Normal
IWG0058,0,109,10,0.0,0.0,0.0,559.0,1007.0,195.0,1.0,Normal
LBM3284,0,1,3,0.0,0.0,0.0,0.0,0.0,0.0,1.0,Normal
HZH0297,0,29,13,0.0,0.0,0.0,493.0,937.0,186.0,1.0,Normal
UXC1495,0,113,24,0.0,0.0,0.0,1413.0,3433.0,656.0,-1.0,Anomaly
EHD1744,0,5,10,0.0,0.0,0.0,26.0,46.0,9.0,1.0,Normal
KMC2028,0,1,2,0.0,0.0,0.0,0.0,0.0,0.0,1.0,Normal
HWV1621,0,1,4,0.0,0.0,0.0,0.0,0.0,0.0,1.0,Normal
EFC1153,0,1,4,0.0,0.0,0.0,0.0,0.0,58.0,1.0,Normal
CGT3148,0,1,4,0.0,0.0,0.0,0.0,0.0,59.0,1.0,Normal
JKC3349,0,1,4,0.0,0.0,0.0,0.0,0.0,0.0,1.0,Normal
RJW1440,0,1,7,0.0,0.0,0.0,0.0,0.0,120.0,1.0,Normal
ELB0033,0,44,12,0.0,0.0,0.0,0.0,0.0,161.0,1.0,Normal
RLP3268,0,87,9,0.0,0.0,0.0,178.0,345.0,62.0,1.0,Normal
WEC3721,0,1,4,0.0,0.0,0.0,0.0,0.0,54.0,1.0,Normal
CRJ3070,0,1,4,0.0,0.0,0.0,0.0,0.0,0.0,1.0,Normal
WRM0515,0,102,12,0.0,0.0,0.0,982.0,1674.0,285.0,1.0,Normal
ZNG3404,0,1,4,0.0,0.0,0.0,0.0,0.0,12.0,1.0,Normal
NKV1451,0,1,4,0.0,0.0,0.0,0.0,0.0,0.0,1.0,Normal
GSB0666,0,1,4,0.0,0.0,0.0,0.0,0.0,0.0,1.0,Normal
FCK3307,0,1,4,0.0,0.0,0.0,0.0,0.0,3.0,1.0,Normal
RHD0787,0,1,2,0.0,0.0,0.0,0.0,0.0,84.0,1.0,Normal
MFL0355,0,1,4,0.0,0.0,0.0,0.0,0.0,157.0,1.0,Normal
SMO0458,0,925,24,0.0,0.0,0.0,0.0,0.0,0.0,1.0,Normal
GMF1213,0,19,12,0.0,0.0,0.0,291.0,144.0,307.0,1.0,Normal
JNR2260,0,1,2,0.0,0.0,0.0,0.0,0.0,317.0,1.0,Normal
AAH0721,0,1,4,0.0,0.0,0.0,0.0,0.0,79.0,1.0,Normal
ORB2880,0,17,11,0.0,0.0,0.0,0.0,0.0,119.0,1.0,Normal
BXG3763,0,1,4,0.0,0.0,0.0,0.0,0.0,18.0,1.0,Normal
BKF0427,0,1,9,0.0,0.0,0.0,449.0,818.0,141.0,1.0,Normal
CCW2381,0,1,24,0.0,0.0,0.0,2574.0,4609.0,1368.0,-1.0,Anomaly
CXB2183,0,1,4,0.0,0.0,0.0,0.0,0.0,0.0,1.0,Normal
MDP0161,0,1,8,0.0,0.0,0.0,0.0,0.0,82.0,1.0,Normal
JNP1240,0,40,12,0.0,0.0,0.0,27.0,50.0,35.0,1.0,Normal
ANM0564,0,25,13,0.0,0.0,0.0,0.0,0.0,68.0,1.0,Normal
MCS0512,0,1,4,0.0,0.0,0.0,0.0,0.0,38.0,1.0,Normal
DKD2409,0,1,7,0.0,0.0,0.0,150.0,283.0,111.0,1.0,Normal
SWR3808,0,1,3,0.0,0.0,0.0,0.0,0.0,0.0,1.0,Normal
CWA2549,0,1,4,0.0,0.0,0.0,0.0,0.0,1.0,1.0,Normal
BDK0854,0,1,2,0.0,0.0,0.0,0.0,0.0,0.0,1.0,Normal
BBC3733,0,1,4,0.0,0.0,0.0,0.0,0.0,119.0,1.0,Normal
KHP1043,0,1,3,0.0,0.0,0.0,0.0,0.0,35.0,1.0,Normal
ANC1950,0,1,16,0.0,0.0,0.0,1014.0,1664.0,312.0,1.0,Normal
ISS0949,0,1,4,0.0,0.0,0.0,0.0,0.0,61.0,1.0,Normal
AEH0187,0,1,22,0.0,0.0,0.0,0.0,0.0,175.0,1.0,Normal
MDD1920,0,1,3,0.0,0.0,0.0,0.0,0.0,38.0,1.0,Normal
DAM0096,0,60,13,0.0,0.0,0.0,3001.0,5133.0,850.0,-1.0,Anomaly
RAI1483,0,1,3,0.0,0.0,0.0,0.0,0.0,21.0,1.0,Normal
UKC1192,0,1,7,0.0,0.0,0.0,0.0,0.0,73.0,1.0,Normal
SIS3576,0,15,7,0.0,0.0,0.0,3139.0,5404.0,864.0,-1.0,Anomaly
QJF3038,0,949,24,0.0,0.0,0.0,0.0,0.0,25.0,1.0,Normal
DTW1276,0,1,4,0.0,0.0,0.0,0.0,0.0,62.0,1.0,Normal
KAH2398,0,1,4,0.0,0.0,0.0,0.0,0.0,0.0,1.0,Normal
LPC2011,0,1,2,0.0,0.0,0.0,200.0,369.0,71.0,1.0,Normal
EWA1486,0,1,3,0.0,0.0,0.0,0.0,0.0,0.0,1.0,Normal
HSH0292,0,1,3,0.0,0.0,0.0,0.0,0.0,0.0,1.0,Normal
PCM0609,0,16,23,0.0,0.0,0.0,0.0,0.0,14.0,1.0,Normal
CKB0169,0,1,4,0.0,0.0,0.0,0.0,0.0,64.0,1.0,Normal
SJW3131,0,22,11,0.0,0.0,0.0,0.0,0.0,379.0,1.0,Normal
EKC3706,0,99,10,0.0,0.0,0.0,0.0,0.0,20.0,1.0,Normal
VCV1353,0,1,4,0.0,0.0,0.0,0.0,0.0,86.0,1.0,Normal
HJW2646,0,1,10,0.0,0.0,0.0,125.0,369.0,567.0,1.0,Normal
BQV1308,0,1,10,0.0,0.0,0.0,76.0,155.0,125.0,1.0,Normal
LFR0075,0,1,10,0.0,0.0,0.0,945.0,1712.0,547.0,1.0,Normal
CAO3117,0,1,4,0.0,0.0,0.0,0.0,0.0,0.0,1.0,Normal
IMP0960,0,1,3,0.0,0.0,0.0,0.0,0.0,24.0,1.0,Normal
DEN0236,0,1,2,0.0,0.0,0.0,0.0,0.0,62.0,1.0,Normal
HHK0652,0,1,4,0.0,0.0,0.0,0.0,0.0,0.0,1.0,Normal
DNH0308,0,1,2,0.0,0.0,0.0,0.0,0.0,6.0,1.0,Normal
FHA3387,0,27,12,0.0,0.0,0.0,218.0,440.0,79.0,1.0,Normal
MTC0855,0,19,9,0.0,0.0,0.0,0.0,0.0,25.0,1.0,Normal
FMN0013,0,1,4,0.0,0.0,0.0,0.0,0.0,75.0,1.0,Normal
DRB0202,0,1,7,0.0,0.0,0.0,0.0,0.0,89.0,1.0,Normal
DMW2128,0,19,11,0.0,0.0,0.0,529.0,944.0,181.0,1.0,Normal
OKF2007,0,1,4,0.0,0.0,0.0,0.0,0.0,0.0,1.0,Normal
TAW2664,0,38,18,0.0,0.0,0.0,0.0,0.0,441.0,1.0,Normal
CAM1323,0,1,22,0.0,0.0,0.0,70.0,142.0,35.0,1.0,Normal
JCR1536,0,1,3,0.0,0.0,0.0,0.0,0.0,0.0,1.0,Normal
HDL2297,0,1,4,0.0,0.0,0.0,0.0,0.0,51.0,1.0,Normal
SCG2695,0,1,3,0.0,0.0,0.0,0.0,0.0,31.0,1.0,Normal
SKB3336,0,1,16,0.0,0.0,0.0,114.0,175.0,26.0,1.0,Normal
CTP2225,0,132,10,0.0,0.0,0.0,0.0,0.0,117.0,1.0,Normal
MBC0803,0,1,10,0.0,0.0,0.0,942.0,1614.0,278.0,1.0,Normal
CHB1062,0,955,24,0.0,0.0,0.0,839.0,1452.0,521.0,-1.0,Anomaly
NBT3447,0,69,10,0.0,0.0,0.0,57.0,104.0,325.0,1.0,Normal
TGW2782,0,1,4,0.0,0.0,0.0,0.0,0.0,0.0,1.0,Normal
TEC3006,0,1,4,0.0,0.0,0.0,0.0,0.0,37.0,1.0,Normal
TWH1178,0,1,3,0.0,0.0,0.0,0.0,0.0,0.0,1.0,Normal
SGV2780,0,1,4,0.0,0.0,0.0,0.0,0.0,8.0,1.0,Normal
TAN2642,0,1,4,0.0,0.0,0.0,0.0,0.0,29.0,1.0,Normal
CGB3928,0,1,4,0.0,0.0,0.0,0.0,0.0,5.0,1.0,Normal
MBH3427,0,94,10,0.0,0.0,0.0,0.0,0.0,1047.0,1.0,Normal
WNR0661,0,1,4,0.0,0.0,0.0,0.0,0.0,0.0,1.0,Normal
LMA3676,0,1,4,0.0,0.0,0.0,0.0,0.0,0.0,1.0,Normal
ESS3318,0,105,12,0.0,0.0,0.0,778.0,1376.0,224.0,1.0,Normal
LFC2015,0,1,2,0.0,0.0,0.0,0.0,0.0,0.0,1.0,Normal
JVS2308,0,32,9,0.0,0.0,0.0,686.0,1229.0,193.0,1.0,Normal
DRM2927,0,1,4,0.0,0.0,0.0,0.0,0.0,0.0,1.0,Normal
GKG3414,0,118,10,0.0,0.0,0.0,71.0,137.0,141.0,1.0,Normal
JCF0800,0,1,2,0.0,0.0,0.0,0.0,0.0,5.0,1.0,Normal
NMM1844,0,1,4,0.0,0.0,0.0,0.0,0.0,9.0,1.0,Normal
AFB0904,0,95,10,0.0,0.0,0.0,989.0,1658.0,273.0,1.0,Normal
FGN0375,0,1,4,0.0,0.0,0.0,0.0,0.0,0.0,1.0,Normal
ESH2077,0,31,11,0.0,0.0,0.0,120.0,228.0,78.0,1.0,Normal
THM1021,0,1,3,0.0,0.0,0.0,0.0,0.0,19.0,1.0,Normal
TGC1489,0,1,4,0.0,0.0,0.0,0.0,0.0,16.0,1.0,Normal
XKR2059,0,1,2,0.0,0.0,0.0,0.0,0.0,44.0,1.0,Normal
BAO2928,0,17,11,0.0,0.0,0.0,314.0,473.0,250.0,1.0,Normal
MJH3822,0,1,2,0.0,0.0,0.0,0.0,0.0,18.0,1.0,Normal
JAW0551,0,1,7,0.0,0.0,0.0,0.0,0.0,438.0,1.0,Normal
JLM3847,0,9,13,0.0,0.0,0.0,0.0,0.0,361.0,1.0,Normal
SCH1013,0,1,2,0.0,0.0,0.0,0.0,0.0,160.0,1.0,Normal
JBD3707,0,1,3,0.0,0.0,0.0,0.0,0.0,12.0,1.0,Normal
SDW0370,0,100,11,0.0,0.0,0.0,0.0,0.0,167.0,1.0,Normal
PCA3344,0,24,11,0.0,0.0,0.0,0.0,0.0,25.0,1.0,Normal
HTC1750,0,1,4,0.0,0.0,0.0,0.0,0.0,267.0,1.0,Normal
CLG3616,0,1,4,0.0,0.0,0.0,0.0,0.0,4.0,1.0,Normal
RCH3740,0,1,4,0.0,0.0,0.0,0.0,0.0,120.0,1.0,Normal
WNR0091,0,1,7,0.0,0.0,0.0,0.0,0.0,49.0,1.0,Normal
JMG3365,0,91,12,0.0,0.0,0.0,0.0,0.0,847.0,1.0,Normal
FQG2974,0,1,2,0.0,0.0,0.0,0.0,0.0,7.0,1.0,Normal
IMM3253,0,1,2,0.0,0.0,0.0,0.0,0.0,0.0,1.0,Normal
TAH0933,0,1,3,0.0,0.0,0.0,0.0,0.0,0.0,1.0,Normal
ITK2781,0,1,4,0.0,0.0,0.0,0.0,0.0,13.0,1.0,Normal
IOR0152,0,1,4,0.0,0.0,0.0,0.0,0.0,7.0,1.0,Normal
VTK2978,0,1,23,0.0,0.0,0.0,511.0,953.0,160.0,1.0,Normal
KAC2449,0,1,4,0.0,0.0,0.0,0.0,0.0,8.0,1.0,Normal
JUH3378,0,1,4,0.0,0.0,0.0,0.0,0.0,120.0,1.0,Normal
KKD1980,0,69,9,0.0,0.0,0.0,0.0,0.0,8.0,1.0,Normal
DRJ0794,0,1,2,0.0,0.0,0.0,0.0,0.0,118.0,1.0,Normal
JXP3801,0,1,2,0.0,0.0,0.0,0.0,0.0,6.0,1.0,Normal
KVD2453,0,1,2,0.0,0.0,0.0,0.0,0.0,48.0,1.0,Normal
KSV2881,0,1,4,0.0,0.0,0.0,0.0,0.0,0.0,1.0,Normal
VQS3246,0,1,7,0.0,0.0,0.0,885.0,1488.0,241.0,1.0,Normal
XCG2316,0,1,2,0.0,0.0,0.0,0.0,0.0,0.0,1.0,Normal
JAS0353,0,1,3,0.0,0.0,0.0,0.0,0.0,0.0,1.0,Normal
USD0600,0,1,4,0.0,0.0,0.0,0.0,0.0,23.0,1.0,Normal
FCS2824,0,95,12,0.0,0.0,0.0,0.0,0.0,20.0,1.0,Normal
QCD0386,0,1,2,0.0,0.0,0.0,125.0,230.0,41.0,1.0,Normal
FMS3285,0,1,8,0.0,0.0,0.0,0.0,0.0,28.0,1.0,Normal
NRN1312,0,120,11,0.0,0.0,0.0,0.0,0.0,198.0,1.0,Normal
UIM2818,0,1,3,0.0,0.0,0.0,0.0,0.0,0.0,1.0,Normal
BBH1056,0,944,23,0.0,0.0,0.0,0.0,0.0,0.0,-1.0,Anomaly
KTC0474,0,108,10,0.0,0.0,0.0,520.0,948.0,156.0,1.0,Normal
ERO2454,0,1,2,0.0,0.0,0.0,0.0,0.0,22.0,1.0,Normal
TKC0514,0,8,9,0.0,0.0,0.0,0.0,0.0,14.0,1.0,Normal
NAR1527,0,1,17,0.0,0.0,0.0,0.0,0.0,59.0,1.0,Normal
JHP1799,0,1,8,0.0,0.0,0.0,0.0,0.0,58.0,1.0,Normal
WLC0115,0,1,2,0.0,0.0,0.0,0.0,0.0,56.0,1.0,Normal
BNS3233,0,25,6,0.0,0.0,0.0,149.0,247.0,47.0,1.0,Normal
SCM0778,0,1,4,0.0,0.0,0.0,0.0,0.0,57.0,1.0,Normal
NEC2446,0,1,3,0.0,0.0,0.0,0.0,0.0,70.0,1.0,Normal
ZLB1878,0,1,2,0.0,0.0,0.0,0.0,0.0,0.0,1.0,Normal
HMA1258,0,1,2,0.0,0.0,0.0,0.0,0.0,42.0,1.0,Normal
SUG0718,0,1,4,0.0,0.0,0.0,0.0,0.0,0.0,1.0,Normal
WDL0140,0,1,4,0.0,0.0,0.0,0.0,0.0,0.0,1.0,Normal
SBT2585,0,1,3,0.0,0.0,0.0,0.0,0.0,151.0,1.0,Normal
GKB1150,0,1,4,0.0,0.0,0.0,0.0,0.0,51.0,1.0,Normal
APM0190,0,1,9,0.0,0.0,0.0,0.0,0.0,85.0,1.0,Normal
JLR3930,0,1,4,0.0,0.0,0.0,0.0,0.0,0.0,1.0,Normal
FAJ3608,0,27,9,0.0,0.0,0.0,701.0,810.0,332.0,1.0,Normal
GMB3703,0,1,17,0.0,0.0,0.0,0.0,0.0,3.0,1.0,Normal
MMR0700,0,1,2,0.0,0.0,0.0,0.0,0.0,11.0,1.0,Normal
IAR1895,0,1,3,0.0,0.0,0.0,0.0,0.0,0.0,1.0,Normal
ORJ1401,0,1,2,0.0,0.0,0.0,0.0,0.0,26.0,1.0,Normal
WAL0050,0,964,24,0.0,0.0,0.0,0.0,0.0,46.0,1.0,Normal
KMR0373,0,62,10,0.0,0.0,0.0,0.0,0.0,7.0,1.0,Normal
KDR3234,0,1,13,0.0,0.0,0.0,0.0,0.0,177.0,1.0,Normal
DSF2557,0,1,2,0.0,0.0,0.0,0.0,0.0,46.0,1.0,Normal
MKW0157,0,1,4,0.0,0.0,0.0,0.0,0.0,0.0,1.0,Normal
SAB3860,0,76,12,0.0,0.0,0.0,0.0,0.0,96.0,1.0,Normal
VLM3572,0,1,7,0.0,0.0,0.0,0.0,0.0,340.0,1.0,Normal
CJC2371,0,1,4,0.0,0.0,0.0,0.0,0.0,34.0,1.0,Normal
FKH0804,0,1,4,0.0,0.0,0.0,0.0,0.0,22.0,1.0,Normal
SEM1862,0,1,7,0.0,0.0,0.0,204.0,367.0,121.0,1.0,Normal
MGG0080,0,27,19,0.0,0.0,0.0,0.0,0.0,160.0,1.0,Normal
AJS3899,0,1,4,0.0,0.0,0.0,0.0,0.0,34.0,1.0,Normal
RMN1355,0,1,4,0.0,0.0,0.0,0.0,0.0,67.0,1.0,Normal
JCW1332,0,1,4,0.0,0.0,0.0,0.0,0.0,20.0,1.0,Normal
TPS1568,0,89,14,0.0,0.0,0.0,0.0,0.0,170.0,1.0,Normal
ERG3905,0,24,11,0.0,0.0,0.0,0.0,0.0,50.0,1.0,Normal
KED1219,0,1,2,0.0,0.0,0.0,0.0,0.0,14.0,1.0,Normal
PPP1295,0,56,23,0.0,0.0,0.0,607.0,880.0,681.0,-1.0,Anomaly
ZKR1397,0,1,2,0.0,0.0,0.0,0.0,0.0,0.0,1.0,Normal
PMG0284,0,1,3,0.0,0.0,0.0,0.0,0.0,30.0,1.0,Normal
CET3786,0,17,17,0.0,0.0,0.0,0.0,0.0,185.0,1.0,Normal
HMC0592,0,1,4,0.0,0.0,0.0,0.0,0.0,0.0,1.0,Normal
GBC0907,0,79,24,0.0,0.0,0.0,0.0,0.0,237.0,1.0,Normal
VWV1249,0,1,2,0.0,0.0,0.0,0.0,0.0,51.0,1.0,Normal
FSP0703,0,1,7,0.0,0.0,0.0,0.0,0.0,50.0,1.0,Normal
LLB3769,0,1,4,0.0,0.0,0.0,0.0,0.0,0.0,1.0,Normal
DDG1703,0,1,2,0.0,0.0,0.0,0.0,0.0,0.0,1.0,Normal
KLH0276,0,1,8,0.0,0.0,0.0,0.0,0.0,55.0,1.0,Normal
WLR0707,0,1,2,0.0,0.0,0.0,0.0,0.0,2.0,1.0,Normal
AAS0144,0,1,4,0.0,0.0,0.0,0.0,0.0,0.0,1.0,Normal
AHD2457,0,1,4,0.0,0.0,0.0,0.0,0.0,110.0,1.0,Normal
NBF3844,0,1,4,0.0,0.0,0.0,0.0,0.0,0.0,1.0,Normal
SCC1896,0,1,3,0.0,0.0,0.0,0.0,0.0,0.0,1.0,Normal
DAD1785,0,4,10,0.0,0.0,0.0,9.0,13.0,8.0,1.0,Normal
BJS0744,0,1,2,0.0,0.0,0.0,0.0,0.0,27.0,1.0,Normal
WBH1861,0,138,10,0.0,0.0,0.0,109.0,198.0,69.0,1.0,Normal
KIG1594,0,38,24,0.0,0.0,0.0,0.0,0.0,37.0,1.0,Normal
RFJ2193,0,1,2,0.0,0.0,0.0,0.0,0.0,23.0,1.0,Normal
EMO0159,0,1,4,0.0,0.0,0.0,0.0,0.0,63.0,1.0,Normal
ASM3925,0,1,2,0.0,0.0,0.0,0.0,0.0,15.0,1.0,Normal
FKM1622,0,1,10,0.0,0.0,0.0,0.0,0.0,16.0,1.0,Normal
ALT1354,0,1,4,0.0,0.0,0.0,0.0,0.0,33.0,1.0,Normal
AVP3044,0,917,24,0.0,0.0,0.0,0.0,0.0,0.0,1.0,Normal
BDV2474,0,1,7,0.0,0.0,0.0,0.0,0.0,62.0,1.0,Normal
ARB3934,0,1,4,0.0,0.0,0.0,0.0,0.0,5.0,1.0,Normal
GCL1782,0,1,9,0.0,0.0,0.0,0.0,0.0,31.0,1.0,Normal
BNS3594,0,1,4,0.0,0.0,0.0,0.0,0.0,0.0,1.0,Normal
ZNB3313,0,41,12,0.0,0.0,0.0,274.0,455.0,75.0,1.0,Normal
AHB0648,0,32,11,0.0,0.0,0.0,153.0,281.0,106.0,1.0,Normal
AGF1810,0,1,7,0.0,0.0,0.0,0.0,0.0,389.0,1.0,Normal
KFB2257,0,1,2,0.0,0.0,0.0,0.0,0.0,19.0,1.0,Normal
EHB0942,0,1,13,0.0,0.0,0.0,0.0,0.0,81.0,1.0,Normal
LCS3042,0,944,24,0.0,0.0,0.0,0.0,0.0,41.0,1.0,Normal
ACR0748,0,1,3,0.0,0.0,0.0,0.0,0.0,42.0,1.0,Normal
CLE3098,0,1,4,0.0,0.0,0.0,0.0,0.0,38.0,1.0,Normal
KOM1306,0,1,4,0.0,0.0,0.0,0.0,0.0,0.0,1.0,Normal
AJG0240,0,23,24,0.0,0.0,0.0,51.0,109.0,39.0,1.0,Normal
GSC0192,0,1,2,0.0,0.0,0.0,0.0,0.0,0.0,1.0,Normal
JTS2090,0,1,2,0.0,0.0,0.0,0.0,0.0,27.0,1.0,Normal
EKB3828,0,1,3,0.0,0.0,0.0,0.0,0.0,2.0,1.0,Normal
CIY1654,0,51,13,0.0,0.0,0.0,189.0,140.0,313.0,1.0,Normal
AEB3574,0,84,10,0.0,0.0,0.0,93.0,170.0,50.0,1.0,Normal
ODS0893,0,1,2,0.0,0.0,0.0,0.0,0.0,17.0,1.0,Normal
BHD0598,0,1,10,0.0,0.0,0.0,0.0,0.0,43.0,1.0,Normal
SIM3373,0,1,4,0.0,0.0,0.0,0.0,0.0,0.0,1.0,Normal
KWD3977,0,1,5,0.0,0.0,0.0,0.0,0.0,4.0,1.0,Normal
ROR3967,0,1,4,0.0,0.0,0.0,0.0,0.0,19.0,1.0,Normal
CTH3020,0,1,3,0.0,0.0,0.0,0.0,0.0,0.0,1.0,Normal
CID3640,0,30,12,0.0,0.0,0.0,314.0,466.0,174.0,1.0,Normal
AYA3962,0,1,4,0.0,0.0,0.0,0.0,0.0,0.0,1.0,Normal
GNB3337,0,1,8,0.0,0.0,0.0,0.0,0.0,0.0,1.0,Normal
BHG3238,0,1,2,0.0,0.0,0.0,0.0,0.0,0.0,1.0,Normal
GPD3917,0,81,10,0.0,0.0,0.0,0.0,0.0,17.0,1.0,Normal
DMH0011,0,1,3,0.0,0.0,0.0,0.0,0.0,1378.0,-1.0,Anomaly
GCM1580,0,1,4,0.0,0.0,0.0,0.0,0.0,0.0,1.0,Normal
LJE2413,0,1,7,0.0,0.0,0.0,0.0,0.0,839.0,1.0,Normal
BLS3327,0,1,3,0.0,0.0,0.0,0.0,0.0,10.0,1.0,Normal
AOC0982,0,1,8,0.0,0.0,0.0,3104.0,5025.0,830.0,-1.0,Anomaly
THW1425,0,1,3,0.0,0.0,0.0,0.0,0.0,70.0,1.0,Normal
WRF3534,0,5,9,0.0,0.0,0.0,781.0,842.0,598.0,1.0,Normal
RAB0455,0,1,2,0.0,0.0,0.0,0.0,0.0,0.0,1.0,Normal
ADS2950,0,34,24,0.0,0.0,0.0,88.0,174.0,733.0,1.0,Normal
UKS1465,0,103,11,0.0,0.0,0.0,300.0,868.0,694.0,1.0,Normal
OCH2853,0,1,10,0.0,0.0,0.0,216.0,390.0,78.0,1.0,Normal
DCG2203,0,1,4,0.0,0.0,0.0,0.0,0.0,0.0,1.0,Normal
ABJ0281,0,1,4,0.0,0.0,0.0,0.0,0.0,12.0,1.0,Normal
ATF3951,0,1,4,0.0,0.0,0.0,0.0,0.0,0.0,1.0,Normal
DBL2605,0,1,4,0.0,0.0,0.0,0.0,0.0,0.0,1.0,Normal
MAK1309,0,1,4,0.0,0.0,0.0,0.0,0.0,0.0,1.0,Normal
EIY2749,0,1,4,0.0,0.0,0.0,940.0,1594.0,251.0,1.0,Normal
TBC2256,0,109,11,0.0,0.0,0.0,0.0,0.0,95.0,1.0,Normal
TMB1474,0,1,9,0.0,0.0,0.0,0.0,0.0,30.0,1.0,Normal
ROS2030,0,1,4,0.0,0.0,0.0,0.0,0.0,0.0,1.0,Normal
SWH1053,0,919,24,0.0,0.0,0.0,0.0,0.0,190.0,-1.0,Anomaly
EMK3809,0,40,24,0.0,0.0,0.0,1187.0,2143.0,363.0,-1.0,Anomaly
ICP3710,0,1,3,0.0,0.0,0.0,0.0,0.0,0.0,1.0,Normal
MBS1375,0,109,10,0.0,0.0,0.0,0.0,0.0,62.0,1.0,Normal
KRN2211,0,1,4,0.0,0.0,0.0,0.0,0.0,0.0,1.0,Normal
JVZ3437,0,1,2,0.0,0.0,0.0,0.0,0.0,300.0,1.0,Normal
CJH0382,0,1,4,0.0,0.0,0.0,0.0,0.0,46.0,1.0,Normal
NHK2846,0,34,10,0.0,0.0,0.0,0.0,0.0,166.0,1.0,Normal
RLK3490,0,94,12,0.0,0.0,0.0,0.0,0.0,461.0,1.0,Normal
NSB1016,0,1,3,0.0,0.0,0.0,0.0,0.0,143.0,1.0,Normal
JRR3014,0,1,10,0.0,0.0,0.0,0.0,0.0,629.0,1.0,Normal
ABW0501,0,1,2,0.0,0.0,0.0,0.0,0.0,16.0,1.0,Normal
SCB1280,0,1,10,0.0,0.0,0.0,0.0,0.0,131.0,1.0,Normal
MDH2713,0,1,2,0.0,0.0,0.0,454.0,786.0,152.0,1.0,Normal
TTD2873,0,1,4,0.0,0.0,0.0,0.0,0.0,10.0,1.0,Normal
WVC3623,0,69,10,0.0,0.0,0.0,0.0,0.0,1.0,1.0,Normal
SMG1268,0,1,9,0.0,0.0,0.0,0.0,0.0,52.0,1.0,Normal
VSJ2569,0,1,2,0.0,0.0,0.0,0.0,0.0,78.0,1.0,Normal
JNG1998,0,1,4,0.0,0.0,0.0,0.0,0.0,15.0,1.0,Normal
TZM0716,0,1,4,0.0,0.0,0.0,0.0,0.0,66.0,1.0,Normal
RKW1754,0,1,4,0.0,0.0,0.0,0.0,0.0,39.0,1.0,Normal
MGB0326,0,1,2,0.0,0.0,0.0,0.0,0.0,22.0,1.0,Normal
SSD3197,0,1,2,0.0,0.0,0.0,0.0,0.0,56.0,1.0,Normal
TVC2918,0,21,23,0.0,0.0,0.0,233.0,414.0,86.0,1.0,Normal
RML2789,0,1,4,0.0,0.0,0.0,0.0,0.0,8.0,1.0,Normal
EHV1237,0,1,4,0.0,0.0,0.0,0.0,0.0,0.0,1.0,Normal
LHH2148,0,1,2,0.0,0.0,0.0,0.0,0.0,0.0,1.0,Normal
PJF2579,0,1,3,0.0,0.0,0.0,0.0,0.0,19.0,1.0,Normal
TDM2658,0,1,4,0.0,0.0,0.0,0.0,0.0,15.0,1.0,Normal
MCQ1546,0,1,3,0.0,0.0,0.0,0.0,0.0,0.0,1.0,Normal
NHY0685,0,1,2,0.0,0.0,0.0,0.0,0.0,18.0,1.0,Normal
KJB3654,0,113,12,0.0,0.0,0.0,967.0,1723.0,292.0,1.0,Normal
AME1490,0,17,24,0.0,0.0,0.0,2404.0,4289.0,690.0,-1.0,Anomaly
BHB2598,0,1,3,0.0,0.0,0.0,0.0,0.0,24.0,1.0,Normal
AAB0398,0,1,3,0.0,0.0,0.0,0.0,0.0,36.0,1.0,Normal
XAL2816,0,22,12,0.0,0.0,0.0,0.0,0.0,22.0,1.0,Normal
KNK1428,0,29,11,0.0,0.0,0.0,0.0,0.0,16.0,1.0,Normal
IGP1784,0,33,23,0.0,0.0,0.0,0.0,0.0,27.0,1.0,Normal
FTF1665,0,1,4,0.0,0.0,0.0,0.0,0.0,54.0,1.0,Normal
WSB1368,0,1,4,0.0,0.0,0.0,0.0,0.0,96.0,1.0,Normal
REM0580,0,83,23,0.0,0.0,0.0,183.0,433.0,595.0,1.0,Normal
FTS0246,0,17,23,0.0,0.0,0.0,132.0,199.0,43.0,1.0,Normal
WHL3282,0,1,3,0.0,0.0,0.0,0.0,0.0,7.0,1.0,Normal
EAM1432,0,1,7,0.0,0.0,0.0,0.0,0.0,87.0,1.0,Normal
TAB3539,0,54,10,0.0,0.0,0.0,0.0,0.0,84.0,1.0,Normal
BAL3618,0,1,8,0.0,0.0,0.0,0.0,0.0,1.0,1.0,Normal
GMI1134,0,87,23,0.0,0.0,0.0,0.0,0.0,165.0,1.0,Normal
DFM2933,0,21,11,0.0,0.0,0.0,248.0,432.0,90.0,1.0,Normal
SZG0325,0,1,4,0.0,0.0,0.0,0.0,0.0,64.0,1.0,Normal
RFS1633,0,1,10,0.0,0.0,0.0,0.0,0.0,30.0,1.0,Normal
CWH3487,0,1,4,0.0,0.0,0.0,0.0,0.0,0.0,1.0,Normal
GRM1511,0,1,3,0.0,0.0,0.0,0.0,0.0,2.0,1.0,Normal
LRG3408,0,1,4,0.0,0.0,0.0,0.0,0.0,0.0,1.0,Normal
OQL3890,0,1,8,0.0,0.0,0.0,634.0,1113.0,211.0,1.0,Normal
NHM1805,0,80,9,0.0,0.0,0.0,0.0,0.0,63.0,1.0,Normal
SGC1001,0,1,4,0.0,0.0,0.0,0.0,0.0,25.0,1.0,Normal
DDG1822,0,1,2,0.0,0.0,0.0,0.0,0.0,0.0,1.0,Normal
NSW0122,0,1,3,0.0,0.0,0.0,0.0,0.0,105.0,1.0,Normal
BKS2069,0,1,2,0.0,0.0,0.0,0.0,0.0,14.0,1.0,Normal
DLM2826,0,1,10,0.0,0.0,0.0,0.0,0.0,10.0,1.0,Normal
HAR1101,0,1,2,0.0,0.0,0.0,0.0,0.0,66.0,1.0,Normal
MCS1078,0,1,4,0.0,0.0,0.0,0.0,0.0,0.0,1.0,Normal
EUV1842,0,1,10,0.0,0.0,0.0,0.0,0.0,93.0,1.0,Normal
WKS3265,0,87,9,0.0,0.0,0.0,0.0,0.0,12.0,1.0,Normal
WKT0099,0,1,9,0.0,0.0,0.0,0.0,0.0,44.0,1.0,Normal
ASS0120,0,24,13,0.0,0.0,0.0,0.0,0.0,81.0,1.0,Normal
CHL2644,0,1,4,0.0,0.0,0.0,0.0,0.0,0.0,1.0,Normal
BLH3602,0,1,3,0.0,0.0,0.0,0.0,0.0,0.0,1.0,Normal
BYC3970,0,1,4,0.0,0.0,0.0,0.0,0.0,7.0,1.0,Normal
JHH3462,0,27,10,0.0,0.0,0.0,0.0,0.0,39.0,1.0,Normal
MJA2380,0,1,8,0.0,0.0,0.0,0.0,0.0,1197.0,1.0,Normal
BNR3128,0,1,2,0.0,0.0,0.0,0.0,0.0,8.0,1.0,Normal
DZG0889,0,106,24,0.0,0.0,0.0,0.0,0.0,129.0,1.0,Normal
PSD1409,0,7,23,0.0,0.0,0.0,0.0,0.0,224.0,1.0,Normal
MSH2210,0,1,4,0.0,0.0,0.0,0.0,0.0,3.0,1.0,Normal
RTS2009,0,41,11,0.0,0.0,0.0,1109.0,1987.0,315.0,1.0,Normal
IDB1059,0,958,24,0.0,0.0,0.0,0.0,0.0,0.0,1.0,Normal
OJB1538,0,1,3,0.0,0.0,0.0,0.0,0.0,9.0,1.0,Normal
HBD1371,0,1,9,0.0,0.0,0.0,646.0,1165.0,197.0,1.0,Normal
OJG3395,0,1,4,0.0,0.0,0.0,0.0,0.0,4.0,1.0,Normal
IWW0699,0,1,7,0.0,0.0,0.0,187.0,327.0,80.0,1.0,Normal
HJR2127,0,1,3,0.0,0.0,0.0,0.0,0.0,41.0,1.0,Normal
BXG1340,0,77,10,0.0,0.0,0.0,0.0,0.0,503.0,1.0,Normal
KLG0439,0,1,4,0.0,0.0,0.0,0.0,0.0,0.0,1.0,Normal
EKN3760,0,1,10,0.0,0.0,0.0,0.0,0.0,57.0,1.0,Normal
RDB1645,0,1,4,0.0,0.0,0.0,0.0,0.0,0.0,1.0,Normal
ERA0725,0,18,22,0.0,0.0,0.0,0.0,0.0,14.0,1.0,Normal
CNS2548,0,1,4,0.0,0.0,0.0,0.0,0.0,12.0,1.0,Normal
CWT3747,0,1,4,0.0,0.0,0.0,0.0,0.0,29.0,1.0,Normal
TJL3603,0,1,2,0.0,0.0,0.0,0.0,0.0,23.0,1.0,Normal
JHF1356,0,1,10,0.0,0.0,0.0,0.0,0.0,65.0,1.0,Normal
SAS1098,0,1,3,0.0,0.0,0.0,0.0,0.0,63.0,1.0,Normal
TPM0234,0,1,2,0.0,0.0,0.0,0.0,0.0,14.0,1.0,Normal
RRD2697,0,1,7,0.0,0.0,0.0,195.0,346.0,71.0,1.0,Normal
JCJ2572,0,1,3,0.0,0.0,0.0,0.0,0.0,432.0,1.0,Normal
JVC2443,0,401,24,0.0,0.0,0.0,0.0,0.0,0.0,1.0,Normal
JHE3080,0,92,11,0.0,0.0,0.0,452.0,832.0,179.0,1.0,Normal
SJC3900,0,105,11,0.0,0.0,0.0,224.0,384.0,94.0,1.0,Normal
SRP2080,0,1,4,0.0,0.0,0.0,0.0,0.0,20.0,1.0,Normal
RRS2359,0,1,7,0.0,0.0,0.0,237.0,477.0,89.0,1.0,Normal
EPW3971,0,1,8,0.0,0.0,0.0,0.0,0.0,28.0,1.0,Normal
TCH2233,0,1,4,0.0,0.0,0.0,0.0,0.0,9.0,1.0,Normal
PKB2483,0,1,7,0.0,0.0,0.0,0.0,0.0,179.0,1.0,Normal
RSW3232,0,1,2,0.0,0.0,0.0,0.0,0.0,0.0,1.0,Normal
CPC0724,0,139,12,0.0,0.0,0.0,404.0,699.0,130.0,1.0,Normal
BCB0521,0,63,9,0.0,0.0,0.0,0.0,0.0,514.0,1.0,Normal
ATM1615,0,42,20,0.0,0.0,0.0,283.0,484.0,469.0,1.0,Normal
NJO1460,0,1,4,0.0,0.0,0.0,0.0,0.0,17.0,1.0,Normal
BYF3784,0,77,11,0.0,0.0,0.0,181.0,331.0,109.0,1.0,Normal
IIW0036,0,1,8,0.0,0.0,0.0,0.0,0.0,95.0,1.0,Normal
WMM0873,0,9,16,0.0,0.0,0.0,0.0,5.0,2.0,1.0,Normal
DCW1901,0,1,3,0.0,0.0,0.0,0.0,0.0,17.0,1.0,Normal
BDB2163,0,1,10,0.0,0.0,0.0,0.0,0.0,184.0,1.0,Normal
BDP0031,0,101,13,0.0,0.0,0.0,233.0,412.0,100.0,1.0,Normal
JDH1550,0,1,8,0.0,0.0,0.0,0.0,0.0,22.0,1.0,Normal
RCB0302,0,1,4,0.0,0.0,0.0,0.0,0.0,0.0,1.0,Normal
ABM3772,0,1,20,0.0,0.0,0.0,337.0,604.0,173.0,1.0,Normal
ABM3687,0,74,10,0.0,0.0,0.0,1605.0,2867.0,453.0,-1.0,Anomaly
WMR2723,0,91,9,0.0,0.0,0.0,476.0,800.0,148.0,1.0,Normal
BNW3985,0,107,10,0.0,0.0,0.0,0.0,0.0,26.0,1.0,Normal
MST2486,0,109,9,0.0,0.0,0.0,0.0,0.0,173.0,1.0,Normal
JCH1952,0,1,2,0.0,0.0,0.0,0.0,0.0,48.0,1.0,Normal
YIP1802,0,1,2,0.0,0.0,0.0,0.0,0.0,0.0,1.0,Normal
NSM1464,0,23,11,0.0,0.0,0.0,0.0,0.0,39.0,1.0,Normal
KMW0259,0,1,2,0.0,0.0,0.0,0.0,0.0,135.0,1.0,Normal
JTJ3700,0,1,17,0.0,0.0,0.0,872.0,1578.0,255.0,1.0,Normal
PCB1603,0,1,4,0.0,0.0,0.0,0.0,0.0,164.0,1.0,Normal
TCB0550,0,1,8,0.0,0.0,0.0,358.0,663.0,131.0,1.0,Normal
ASS2760,0,1,2,0.0,0.0,0.0,0.0,0.0,33.0,1.0,Normal
ZHB1392,0,1,2,0.0,0.0,0.0,0.0,0.0,0.0,1.0,Normal
IFC0958,0,22,10,0.0,0.0,0.0,108.0,104.0,63.0,1.0,Normal
MLW2240,0,1,10,0.0,0.0,0.0,681.0,1203.0,198.0,1.0,Normal
JCB3054,0,971,24,0.0,0.0,0.0,808.0,1394.0,269.0,-1.0,Anomaly
GWW3788,0,1,2,0.0,0.0,0.0,859.0,1478.0,231.0,-1.0,Anomaly
TRH1083,0,41,11,0.0,0.0,0.0,0.0,0.0,466.0,1.0,Normal
ACH0008,0,1,4,0.0,0.0,0.0,0.0,0.0,0.0,1.0,Normal
CCC0491,0,1,8,0.0,0.0,0.0,0.0,0.0,45.0,1.0,Normal
JOC3621,0,19,10,0.0,0.0,0.0,0.0,0.0,5.0,1.0,Normal
VCH3696,0,22,24,0.0,0.0,0.0,0.0,0.0,93.0,1.0,Normal
IMS0862,0,76,9,0.0,0.0,0.0,3073.0,5105.0,775.0,-1.0,Anomaly
QRJ0691,0,1,2,0.0,0.0,0.0,0.0,0.0,0.0,1.0,Normal
RLR0365,0,1,4,0.0,0.0,0.0,0.0,0.0,19.0,1.0,Normal
EMC3609,0,1,3,0.0,0.0,0.0,0.0,0.0,0.0,1.0,Normal
HJB0220,0,1,4,0.0,0.0,0.0,0.0,0.0,113.0,1.0,Normal
MEW1406,0,18,9,0.0,0.0,0.0,3045.0,5086.0,787.0,-1.0,Anomaly
YQB2309,0,1,4,0.0,0.0,0.0,0.0,0.0,45.0,1.0,Normal
KBH3913,0,15,10,0.0,0.0,0.0,0.0,0.0,61.0,1.0,Normal
DQS0752,0,1,4,0.0,0.0,0.0,0.0,0.0,0.0,1.0,Normal
CSP3434,0,1,2,0.0,0.0,0.0,0.0,0.0,0.0,1.0,Normal
LTR1729,0,1,3,0.0,0.0,0.0,0.0,0.0,35.0,1.0,Normal
ANO2653,0,93,11,0.0,0.0,0.0,0.0,0.0,93.0,1.0,Normal
DJB1236,0,17,11,0.0,0.0,0.0,172.0,374.0,72.0,1.0,Normal
HSH3606,0,120,9,0.0,0.0,0.0,0.0,0.0,41.0,1.0,Normal
OGD0015,0,25,10,0.0,0.0,0.0,0.0,0.0,99.0,1.0,Normal
LAF1796,0,1,4,0.0,0.0,0.0,0.0,0.0,0.0,1.0,Normal
KGN0619,0,1,10,0.0,0.0,0.0,0.0,0.0,116.0,1.0,Normal
AXL0479,0,1,3,0.0,0.0,0.0,0.0,0.0,23.0,1.0,Normal
DCF2185,0,1,4,0.0,0.0,0.0,0.0,0.0,0.0,1.0,Normal
SJM3805,0,1,3,0.0,0.0,0.0,2967.0,4878.0,713.0,-1.0,Anomaly
CAG0888,0,68,24,0.0,0.0,0.0,0.0,0.0,103.0,1.0,Normal
RCF0054,0,45,13,0.0,0.0,0.0,88.0,145.0,155.0,1.0,Normal
JBW2054,0,1,10,0.0,0.0,0.0,0.0,0.0,120.0,1.0,Normal
LSN1672,0,37,13,0.0,0.0,0.0,0.0,0.0,1158.0,1.0,Normal
IUT3421,0,1,8,0.0,0.0,0.0,0.0,0.0,102.0,1.0,Normal
JFR3527,0,25,10,0.0,0.0,0.0,0.0,0.0,61.0,1.0,Normal
WDD2677,0,48,11,0.0,0.0,0.0,2978.0,5024.0,774.0,-1.0,Anomaly
INJ3876,0,1,3,0.0,0.0,0.0,0.0,0.0,0.0,1.0,Normal
THM2665,0,1,3,0.0,0.0,0.0,0.0,0.0,0.0,1.0,Normal
TTR0045,0,929,23,0.0,0.0,0.0,0.0,0.0,435.0,-1.0,Anomaly
MTM1434,0,1,2,0.0,0.0,0.0,0.0,0.0,0.0,1.0,Normal
MMR1695,0,1,9,0.0,0.0,0.0,0.0,0.0,261.0,1.0,Normal
EMO2120,0,1,3,0.0,0.0,0.0,0.0,0.0,26.0,1.0,Normal
XFL1583,0,1,4,0.0,0.0,0.0,0.0,0.0,0.0,1.0,Normal
ISR0021,0,36,10,0.0,0.0,0.0,0.0,0.0,411.0,1.0,Normal
UCG0322,0,1,3,0.0,0.0,0.0,0.0,0.0,65.0,1.0,Normal
LKC1944,0,27,10,0.0,0.0,0.0,0.0,0.0,149.0,1.0,Normal
KQD0274,0,87,12,0.0,0.0,0.0,0.0,0.0,40.0,1.0,Normal
JAY3851,0,35,12,0.0,0.0,0.0,0.0,0.0,124.0,1.0,Normal
FNM1482,0,1,4,0.0,0.0,0.0,0.0,0.0,54.0,1.0,Normal
HAG3196,0,73,22,0.0,0.0,0.0,3468.0,5860.0,895.0,-1.0,Anomaly
UOM3363,0,75,12,0.0,0.0,0.0,341.0,556.0,98.0,1.0,Normal
JKW0200,0,1,2,0.0,0.0,0.0,0.0,0.0,181.0,1.0,Normal
MKC1094,0,1,3,0.0,0.0,0.0,0.0,0.0,121.0,1.0,Normal
AOP1542,0,1,4,0.0,0.0,0.0,0.0,0.0,0.0,1.0,Normal
AEF2019,0,1,2,0.0,0.0,0.0,0.0,0.0,16.0,1.0,Normal
CRM0139,0,97,24,0.0,0.0,0.0,2712.0,4616.0,763.0,-1.0,Anomaly
NLN0673,0,1,4,0.0,0.0,0.0,0.0,0.0,0.0,1.0,Normal
GMC0953,0,1,4,0.0,0.0,0.0,0.0,0.0,84.0,1.0,Normal
JOW0688,0,1,3,0.0,0.0,0.0,0.0,0.0,116.0,1.0,Normal
CBH0413,0,1,4,0.0,0.0,0.0,0.0,0.0,129.0,1.0,Normal
DJH1506,0,11,24,0.0,0.0,0.0,0.0,0.0,19.0,1.0,Normal
NCS1854,0,56,24,0.0,0.0,0.0,335.0,617.0,117.0,1.0,Normal
COW3840,0,1,3,0.0,0.0,0.0,0.0,0.0,0.0,1.0,Normal
CBJ2083,0,1,4,0.0,0.0,0.0,0.0,0.0,65.0,1.0,Normal
IKC1205,0,27,24,0.0,0.0,0.0,0.0,0.0,907.0,1.0,Normal
BVD3974,0,1,3,0.0,0.0,0.0,0.0,0.0,16.0,1.0,Normal
SCD3192,0,1,4,0.0,0.0,0.0,0.0,0.0,21.0,1.0,Normal
QAH0048,0,973,24,0.0,0.0,0.0,843.0,1395.0,431.0,-1.0,Anomaly
WGF0506,0,1,2,0.0,0.0,0.0,0.0,0.0,42.0,1.0,Normal
SFE0723,0,1,4,0.0,0.0,0.0,0.0,0.0,0.0,1.0,Normal
NBC0607,0,1,4,0.0,0.0,0.0,0.0,0.0,0.0,1.0,Normal
CPT1533,0,1,8,0.0,0.0,0.0,0.0,0.0,32.0,1.0,Normal
SNW0798,0,1,2,0.0,0.0,0.0,0.0,0.0,230.0,1.0,Normal
ASM3771,0,1,2,0.0,0.0,0.0,0.0,0.0,113.0,1.0,Normal
ICF2294,0,1,4,0.0,0.0,0.0,0.0,0.0,19.0,1.0,Normal
CBG1074,0,11,10,0.0,0.0,0.0,252.0,669.0,564.0,1.0,Normal
SBW3023,0,1,4,0.0,0.0,0.0,0.0,0.0,0.0,1.0,Normal
CJC1433,0,98,11,0.0,0.0,0.0,337.0,645.0,157.0,1.0,Normal
JBL2993,0,1,9,0.0,0.0,0.0,0.0,0.0,25.0,1.0,Normal
AIH2535,0,21,13,0.0,0.0,0.0,0.0,0.0,153.0,1.0,Normal
GBH1126,0,1,7,0.0,0.0,0.0,0.0,0.0,169.0,1.0,Normal
LOF3279,0,1,9,0.0,0.0,0.0,0.0,0.0,4.0,1.0,Normal
CNH3475,0,108,10,0.0,0.0,0.0,527.0,938.0,161.0,1.0,Normal
IDH2939,0,1,4,0.0,0.0,0.0,0.0,0.0,45.0,1.0,Normal
RJG2239,0,80,10,0.0,0.0,0.0,0.0,0.0,16.0,1.0,Normal
ATT1191,0,1,2,0.0,0.0,0.0,3720.0,6423.0,988.0,-1.0,Anomaly
GTH3729,0,1,4,0.0,0.0,0.0,0.0,0.0,158.0,1.0,Normal
BCG1029,0,1,3,0.0,0.0,0.0,0.0,0.0,86.0,1.0,Normal
LCC1108,0,1,2,0.0,0.0,0.0,0.0,0.0,0.0,1.0,Normal
IRP2018,0,1,21,0.0,0.0,0.0,64.0,136.0,37.0,1.0,Normal
JMC2806,0,1,3,0.0,0.0,0.0,0.0,0.0,0.0,1.0,Normal
CKH0799,0,1,2,0.0,0.0,0.0,0.0,0.0,0.0,1.0,Normal
SPP2313,0,1,3,0.0,0.0,0.0,0.0,0.0,149.0,1.0,Normal
LVH1790,0,16,11,0.0,0.0,0.0,102.0,171.0,77.0,1.0,Normal
BTB0489,0,1,3,0.0,0.0,0.0,0.0,0.0,81.0,1.0,Normal
YRW0842,0,1,15,0.0,0.0,0.0,0.0,0.0,2.0,1.0,Normal
LRB0372,0,1,4,0.0,0.0,0.0,0.0,0.0,104.0,1.0,Normal
HMV2340,0,1,2,0.0,0.0,0.0,0.0,0.0,88.0,1.0,Normal
DFP3615,0,59,10,0.0,0.0,0.0,0.0,0.0,37.0,1.0,Normal
HMS3795,0,1,2,0.0,0.0,0.0,0.0,0.0,0.0,1.0,Normal
SKM3058,0,1,3,0.0,0.0,0.0,0.0,0.0,57.0,1.0,Normal
IMN1730,0,1,9,0.0,0.0,0.0,0.0,0.0,218.0,1.0,Normal
TKO0417,0,1,3,0.0,0.0,0.0,0.0,0.0,15.0,1.0,Normal
NGB0066,0,96,10,0.0,0.0,0.0,220.0,607.0,759.0,1.0,Normal
MNT0922,0,73,24,0.0,0.0,0.0,403.0,696.0,177.0,1.0,Normal
FMR0920,0,69,11,0.0,0.0,0.0,572.0,958.0,167.0,1.0,Normal
DGN3358,0,19,24,0.0,0.0,0.0,0.0,0.0,56.0,1.0,Normal
JCC0571,0,1,4,0.0,0.0,0.0,0.0,0.0,35.0,1.0,Normal
IKH3472,0,1,4,0.0,0.0,0.0,0.0,0.0,90.0,1.0,Normal
CCG3254,0,1,3,0.0,0.0,0.0,0.0,0.0,0.0,1.0,Normal
SDC3561,0,20,10,0.0,0.0,0.0,174.0,264.0,310.0,1.0,Normal
JAB2131,0,1,3,0.0,0.0,0.0,0.0,0.0,77.0,1.0,Normal
STR1769,0,950,24,0.0,0.0,0.0,0.0,0.0,43.0,1.0,Normal
YFP2558,0,1,3,0.0,0.0,0.0,0.0,0.0,55.0,1.0,Normal
SAL2493,0,1,2,0.0,0.0,0.0,0.0,0.0,0.0,1.0,Normal
LBC0194,0,1,4,0.0,0.0,0.0,0.0,0.0,0.0,1.0,Normal
NKG2706,0,1,2,0.0,0.0,0.0,0.0,0.0,0.0,1.0,Normal
SDN2932,0,98,11,0.0,0.0,0.0,0.0,0.0,19.0,1.0,Normal
HKD1826,0,1,4,0.0,0.0,0.0,0.0,0.0,0.0,1.0,Normal
KLL3118,0,1,3,0.0,0.0,0.0,0.0,0.0,37.0,1.0,Normal
GJM0838,0,1,4,0.0,0.0,0.0,0.0,0.0,26.0,1.0,Normal
MNV0618,0,1,9,0.0,0.0,0.0,0.0,0.0,32.0,1.0,Normal
YCA2885,0,1,4,0.0,0.0,0.0,0.0,0.0,0.0,1.0,Normal
KSW0206,0,1,4,0.0,0.0,0.0,0.0,0.0,23.0,1.0,Normal
ORB0755,0,2,8,0.0,0.0,0.0,0.0,0.0,3.0,1.0,Normal
CST2863,0,1,4,0.0,0.0,0.0,0.0,0.0,21.0,1.0,Normal
WXH2289,0,1,4,0.0,0.0,0.0,0.0,0.0,30.0,1.0,Normal
BVK1096,0,1,2,0.0,0.0,0.0,0.0,0.0,0.0,1.0,Normal
CTC0859,0,16,9,0.0,0.0,0.0,147.0,289.0,104.0,1.0,Normal
ENM2269,0,84,11,0.0,0.0,0.0,566.0,775.0,623.0,1.0,Normal
IQO1690,0,1,2,0.0,0.0,0.0,0.0,0.0,14.0,1.0,Normal
NGC1617,0,1,4,0.0,0.0,0.0,0.0,0.0,8.0,1.0,Normal
RGB0901,0,1,2,0.0,0.0,0.0,0.0,0.0,0.0,1.0,Normal
BLL3910,0,1,2,0.0,0.0,0.0,0.0,0.0,154.0,1.0,Normal
CGM2036,0,1,8,0.0,0.0,0.0,161.0,320.0,100.0,1.0,Normal
CTH0626,0,89,13,0.0,0.0,0.0,0.0,0.0,467.0,1.0,Normal
MDH0211,0,1,4,0.0,0.0,0.0,0.0,0.0,135.0,1.0,Normal
JEW2035,0,1,2,0.0,0.0,0.0,0.0,0.0,19.0,1.0,Normal
DAB2580,0,22,5,0.0,0.0,0.0,0.0,0.0,20.0,1.0,Normal
MIC2325,0,1,3,0.0,0.0,0.0,2688.0,4257.0,899.0,-1.0,Anomaly
NBL0182,0,1,10,0.0,0.0,0.0,0.0,0.0,92.0,1.0,Normal
NKD3073,0,91,11,0.0,0.0,0.0,0.0,0.0,169.0,1.0,Normal
JGH0728,0,1,3,0.0,0.0,0.0,0.0,0.0,0.0,1.0,Normal
KNS3380,0,1,4,0.0,0.0,0.0,0.0,0.0,0.0,1.0,Normal
SJB0086,0,1,2,0.0,0.0,0.0,0.0,0.0,45.0,1.0,Normal
TGA2006,0,1,4,0.0,0.0,0.0,0.0,0.0,0.0,1.0,Normal
JCH2505,0,18,24,0.0,0.0,0.0,0.0,0.0,566.0,1.0,Normal
HLD1109,0,1,4,0.0,0.0,0.0,0.0,0.0,34.0,1.0,Normal
CWP1829,0,1,4,0.0,0.0,0.0,0.0,0.0,54.0,1.0,Normal
CTH0915,0,1,22,0.0,0.0,0.0,0.0,0.0,874.0,1.0,Normal
FJC2198,0,1,2,0.0,0.0,0.0,0.0,0.0,6.0,1.0,Normal
MML2045,0,1,4,0.0,0.0,0.0,0.0,0.0,0.0,1.0,Normal
WBM0690,0,1,2,0.0,0.0,0.0,0.0,0.0,0.0,1.0,Normal
KCM3235,0,91,12,0.0,0.0,0.0,785.0,1114.0,622.0,1.0,Normal
RJW2318,0,1,3,0.0,0.0,0.0,0.0,0.0,83.0,1.0,Normal
AFF1492,0,27,8,0.0,0.0,0.0,0.0,0.0,14.0,1.0,Normal
ONR3291,0,112,24,0.0,0.0,0.0,0.0,0.0,142.0,1.0,Normal
ATC1587,0,1,4,0.0,0.0,0.0,0.0,0.0,274.0,1.0,Normal
RJG3325,0,44,12,0.0,0.0,0.0,0.0,0.0,114.0,1.0,Normal
GFJ2582,0,109,23,0.0,0.0,0.0,49.0,85.0,81.0,1.0,Normal
CRP1915,0,1,2,0.0,0.0,0.0,0.0,0.0,0.0,1.0,Normal
TPS2595,0,1,8,0.0,0.0,0.0,0.0,0.0,119.0,1.0,Normal
BNH3516,0,37,11,0.0,0.0,0.0,432.0,279.0,370.0,1.0,Normal
MWO0559,0,1,7,0.0,0.0,0.0,0.0,0.0,339.0,1.0,Normal
KOE1033,0,1,3,0.0,0.0,0.0,0.0,0.0,0.0,1.0,Normal
CDE1846,0,10,7,0.0,0.0,0.0,0.0,0.0,101.0,1.0,Normal
STR3896,0,1,3,0.0,0.0,0.0,0.0,0.0,67.0,1.0,Normal
TJE1945,0,1,3,0.0,0.0,0.0,0.0,0.0,32.0,1.0,Normal
DKW1659,0,1,3,0.0,0.0,0.0,0.0,0.0,282.0,1.0,Normal
RBH3142,0,1,4,0.0,0.0,0.0,0.0,0.0,58.0,1.0,Normal
LRV1120,0,1,4,0.0,0.0,0.0,0.0,0.0,15.0,1.0,Normal
ZAR0404,0,1,2,0.0,0.0,0.0,0.0,0.0,31.0,1.0,Normal
MBR3261,0,1,2,0.0,0.0,0.0,0.0,0.0,10.0,1.0,Normal
JBB1875,0,1,2,0.0,0.0,0.0,0.0,0.0,17.0,1.0,Normal
JJM2845,0,1,4,0.0,0.0,0.0,0.0,0.0,2.0,1.0,Normal
AYD2775,0,8,11,0.0,0.0,0.0,0.0,0.0,157.0,1.0,Normal
AIB0553,0,1,7,0.0,0.0,0.0,0.0,0.0,33.0,1.0,Normal
KJP1326,0,1,4,0.0,0.0,0.0,0.0,0.0,30.0,1.0,Normal
ZCM1781,0,1,4,0.0,0.0,0.0,0.0,0.0,0.0,1.0,Normal
IHH2590,0,1,3,0.0,0.0,0.0,0.0,0.0,0.0,1.0,Normal
FBD2277,0,1,4,0.0,0.0,0.0,0.0,0.0,0.0,1.0,Normal
CDB2947,0,26,7,0.0,0.0,0.0,0.0,0.0,56.0,1.0,Normal
NPS1563,0,1,4,0.0,0.0,0.0,0.0,0.0,9.0,1.0,Normal
JET2299,0,1,9,0.0,0.0,0.0,686.0,1150.0,200.0,1.0,Normal
LGR3119,0,39,11,0.0,0.0,0.0,97.0,186.0,39.0,1.0,Normal
SXO3514,0,1,10,0.0,0.0,0.0,0.0,0.0,14.0,1.0,Normal
JRB2741,0,1,10,0.0,0.0,0.0,0.0,0.0,135.0,1.0,Normal
BGM1226,0,31,9,0.0,0.0,0.0,0.0,0.0,188.0,1.0,Normal
OHF0078,0,1,3,0.0,0.0,0.0,0.0,0.0,21.0,1.0,Normal
JCH1410,0,1,2,0.0,0.0,0.0,0.0,0.0,0.0,1.0,Normal
NTF1342,0,22,10,0.0,0.0,0.0,1161.0,1933.0,305.0,1.0,Normal
RCT1697,0,82,12,0.0,0.0,0.0,198.0,407.0,86.0,1.0,Normal
CZT2970,0,1,3,0.0,0.0,0.0,0.0,0.0,33.0,1.0,Normal
DMB2533,0,1,3,0.0,0.0,0.0,0.0,0.0,0.0,1.0,Normal
DAB3255,0,79,9,0.0,0.0,0.0,0.0,0.0,16.0,1.0,Normal
SCJ0179,0,46,24,0.0,0.0,0.0,332.0,577.0,144.0,1.0,Normal
LQW0555,0,1,4,0.0,0.0,0.0,0.0,0.0,25.0,1.0,Normal
KAH1820,0,102,11,0.0,0.0,0.0,0.0,0.0,47.0,1.0,Normal
NJC1951,0,1,4,0.0,0.0,0.0,0.0,0.0,45.0,1.0,Normal
LTF3385,0,1,10,0.0,0.0,0.0,0.0,0.0,18.0,1.0,Normal
HGR0198,0,1,2,0.0,0.0,0.0,0.0,0.0,0.0,1.0,Normal
CGM0035,0,1,7,0.0,0.0,0.0,0.0,0.0,75.0,1.0,Normal
WAM0069,0,1,4,0.0,0.0,0.0,0.0,0.0,103.0,1.0,Normal
APH2985,0,1,3,0.0,0.0,0.0,0.0,0.0,27.0,1.0,Normal
JSJ2743,0,1,8,0.0,0.0,0.0,0.0,0.0,78.0,1.0,Normal
APB1122,0,1,9,0.0,0.0,0.0,187.0,330.0,602.0,1.0,Normal
CAS0391,0,1,4,0.0,0.0,0.0,0.0,0.0,26.0,1.0,Normal
MRB2390,0,1,3,0.0,0.0,0.0,0.0,0.0,0.0,1.0,Normal
TJD0106,0,46,10,0.0,0.0,0.0,162.0,283.0,79.0,1.0,Normal
DNS1758,0,1226,24,0.0,0.0,0.0,0.0,0.0,63.0,-1.0,Anomaly
CJM3315,0,18,21,0.0,0.0,0.0,451.0,807.0,107.0,1.0,Normal
EHD0024,0,1,4,0.0,0.0,0.0,0.0,0.0,0.0,1.0,Normal
OKH3777,0,1,9,0.0,0.0,0.0,287.0,606.0,968.0,1.0,Normal
ODB0151,0,1,4,0.0,0.0,0.0,0.0,0.0,0.0,1.0,Normal
MAM2363,0,1,2,0.0,0.0,0.0,458.0,948.0,160.0,1.0,Normal
EGG3374,0,1,4,0.0,0.0,0.0,0.0,0.0,36.0,1.0,Normal
EBS2201,0,106,9,0.0,0.0,0.0,0.0,0.0,181.0,1.0,Normal
INH1250,0,1,2,0.0,0.0,0.0,0.0,0.0,72.0,1.0,Normal
CJW2087,0,1,4,0.0,0.0,0.0,0.0,0.0,0.0,1.0,Normal
LQW1314,0,25,11,0.0,0.0,0.0,169.0,302.0,71.0,1.0,Normal
LRK2426,0,909,23,0.0,0.0,0.0,0.0,0.0,0.0,-1.0,Anomaly
KDC1487,0,1,3,0.0,0.0,0.0,0.0,0.0,0.0,1.0,Normal
PMF0768,0,106,10,0.0,0.0,0.0,791.0,1333.0,657.0,1.0,Normal
OWD0981,0,1,4,0.0,0.0,0.0,0.0,0.0,38.0,1.0,Normal
RRH0638,0,6,8,0.0,0.0,0.0,9.0,17.0,3.0,1.0,Normal
MPG1307,0,1,4,0.0,0.0,0.0,0.0,0.0,28.0,1.0,Normal
DAT1981,0,37,9,0.0,0.0,0.0,0.0,0.0,55.0,1.0,Normal
KRB3120,0,1,3,0.0,0.0,0.0,0.0,0.0,89.0,1.0,Normal
AAG3799,0,1,4,0.0,0.0,0.0,0.0,0.0,0.0,1.0,Normal
QSM3147,0,1,4,0.0,0.0,0.0,0.0,0.0,0.0,1.0,Normal
KZG3565,0,1,3,0.0,0.0,0.0,0.0,0.0,12.0,1.0,Normal
IHS0816,0,1,8,0.0,0.0,0.0,0.0,0.0,86.0,1.0,Normal
KVA2944,0,1,4,0.0,0.0,0.0,0.0,0.0,73.0,1.0,Normal
JAF0209,0,1,21,0.0,0.0,0.0,0.0,0.0,211.0,1.0,Normal
NJL0974,0,14,10,0.0,0.0,0.0,0.0,0.0,172.0,1.0,Normal
ABB0300,0,35,12,0.0,0.0,0.0,0.0,0.0,14.0,1.0,Normal
TBW1393,0,1,2,0.0,0.0,0.0,0.0,0.0,0.0,1.0,Normal
CHV0509,0,1,2,0.0,0.0,0.0,0.0,0.0,75.0,1.0,Normal
NTE3084,0,1,3,0.0,0.0,0.0,0.0,0.0,62.0,1.0,Normal
JTJ0597,0,20,24,0.0,0.0,0.0,0.0,0.0,480.0,1.0,Normal
JLC0216,0,1,21,0.0,0.0,0.0,0.0,0.0,87.0,1.0,Normal
LGJ2710,0,1,2,0.0,0.0,0.0,0.0,0.0,0.0,1.0,Normal
MDP1412,0,1,2,0.0,0.0,0.0,0.0,0.0,0.0,1.0,Normal
ABR0397,0,94,10,0.0,0.0,0.0,36.0,65.0,16.0,1.0,Normal
GJS3352,0,99,12,0.0,0.0,0.0,0.0,0.0,30.0,1.0,Normal
BUW2717,0,1,2,0.0,0.0,0.0,0.0,0.0,17.0,1.0,Normal
CJM3543,0,118,10,0.0,0.0,0.0,0.0,0.0,106.0,1.0,Normal
CIR1367,0,103,24,0.0,0.0,0.0,0.0,0.0,17.0,1.0,Normal
CBD3251,0,1,3,0.0,0.0,0.0,0.0,0.0,0.0,1.0,Normal
JCP0028,0,1,3,0.0,0.0,0.0,0.0,0.0,0.0,1.0,Normal
QCN2206,0,14,23,0.0,0.0,0.0,109.0,183.0,38.0,1.0,Normal
JJS2079,0,1,10,0.0,0.0,0.0,0.0,0.0,36.0,1.0,Normal
DPC3722,0,1,9,0.0,0.0,0.0,0.0,0.0,134.0,1.0,Normal
BDH0472,0,1,2,0.0,0.0,0.0,0.0,0.0,17.0,1.0,Normal
TTK2633,0,1,4,0.0,0.0,0.0,0.0,0.0,0.0,1.0,Normal
MHR0581,0,71,11,0.0,0.0,0.0,0.0,0.0,64.0,1.0,Normal
MBL2383,0,1,3,0.0,0.0,0.0,0.0,0.0,118.0,1.0,Normal
IAG2742,0,1,3,0.0,0.0,0.0,0.0,0.0,77.0,1.0,Normal
EAH3550,0,1,2,0.0,0.0,0.0,0.0,0.0,62.0,1.0,Normal
SMG1794,0,1,2,0.0,0.0,0.0,0.0,0.0,0.0,1.0,Normal
EVF1722,0,1,2,0.0,0.0,0.0,0.0,0.0,0.0,1.0,Normal
SIR3201,0,73,9,0.0,0.0,0.0,0.0,0.0,602.0,1.0,Normal
CFP3418,0,1,8,0.0,0.0,0.0,0.0,0.0,202.0,1.0,Normal
ZMB3686,0,1,3,0.0,0.0,0.0,0.0,0.0,7.0,1.0,Normal
ATP2680,0,1,20,0.0,0.0,0.0,0.0,0.0,55.0,1.0,Normal
BRM0143,0,1,4,0.0,0.0,0.0,0.0,0.0,81.0,1.0,Normal
KAM0005,0,1,2,0.0,0.0,0.0,0.0,0.0,123.0,1.0,Normal
JHC3520,0,1,4,0.0,0.0,0.0,0.0,0.0,56.0,1.0,Normal
TLC1147,0,1,4,0.0,0.0,0.0,0.0,0.0,131.0,1.0,Normal
SCD2333,0,1,3,0.0,0.0,0.0,0.0,0.0,0.0,1.0,Normal
BBW0594,0,12,23,0.0,0.0,0.0,919.0,1487.0,264.0,1.0,Normal
QLW2245,0,4,15,0.0,0.0,0.0,0.0,0.0,131.0,1.0,Normal
MBW1099,0,1,2,0.0,0.0,0.0,0.0,0.0,71.0,1.0,Normal
AMH1481,0,1,3,0.0,0.0,0.0,0.0,0.0,17.0,1.0,Normal
JRF3424,0,1,3,0.0,0.0,0.0,0.0,0.0,0.0,1.0,Normal
IIW1595,0,1,8,0.0,0.0,0.0,0.0,0.0,53.0,1.0,Normal
WWS0645,0,1,4,0.0,0.0,0.0,0.0,0.0,7.0,1.0,Normal
CDB3222,0,1,2,0.0,0.0,0.0,0.0,0.0,690.0,1.0,Normal
CCD3168,0,1,2,0.0,0.0,0.0,0.0,0.0,48.0,1.0,Normal
BTV0644,0,1,4,0.0,0.0,0.0,0.0,0.0,20.0,1.0,Normal
GLB0419,0,1,3,0.0,0.0,0.0,0.0,0.0,71.0,1.0,Normal
JLW2924,0,1,4,0.0,0.0,0.0,0.0,0.0,7.0,1.0,Normal
FAH1566,0,1,4,0.0,0.0,0.0,0.0,0.0,0.0,1.0,Normal
CNT1188,0,1,2,0.0,0.0,0.0,0.0,0.0,0.0,1.0,Normal
AMJ3174,0,1,3,0.0,0.0,0.0,0.0,0.0,30.0,1.0,Normal
PSH3834,0,1,4,0.0,0.0,0.0,0.0,0.0,62.0,1.0,Normal
CCM3075,0,1,8,0.0,0.0,0.0,0.0,0.0,110.0,1.0,Normal
IPB1935,0,1,4,0.0,0.0,0.0,0.0,0.0,36.0,1.0,Normal
RCG0105,0,30,23,0.0,0.0,0.0,115.0,101.0,484.0,1.0,Normal
LAL1956,0,1,2,0.0,0.0,0.0,0.0,0.0,12.0,1.0,Normal
OHC1892,0,19,11,0.0,0.0,0.0,0.0,0.0,581.0,1.0,Normal
ZNE3451,0,1,4,0.0,0.0,0.0,0.0,0.0,1.0,1.0,Normal
HZA3839,0,1,2,0.0,0.0,0.0,0.0,0.0,0.0,1.0,Normal
AMM3906,0,1,2,0.0,0.0,0.0,0.0,0.0,34.0,1.0,Normal
JRM0871,0,1,2,0.0,0.0,0.0,0.0,0.0,0.0,1.0,Normal
JSC3976,0,1,8,0.0,0.0,0.0,0.0,0.0,12.0,1.0,Normal
OTD1228,0,76,11,0.0,0.0,0.0,0.0,0.0,38.0,1.0,Normal
DMC1766,0,909,24,0.0,0.0,0.0,0.0,0.0,56.0,1.0,Normal
BMM3328,0,1,8,0.0,0.0,0.0,134.0,211.0,26.0,1.0,Normal
LSL0001,0,92,12,0.0,0.0,0.0,612.0,1142.0,301.0,1.0,Normal
GEG2093,0,19,9,0.0,0.0,0.0,0.0,0.0,29.0,1.0,Normal
AYP3586,0,1,8,0.0,0.0,0.0,0.0,0.0,86.0,1.0,Normal
TAC3330,0,1,3,0.0,0.0,0.0,767.0,1475.0,293.0,1.0,Normal
CDA2295,0,1,4,0.0,0.0,0.0,0.0,0.0,10.0,1.0,Normal
JRM1303,0,1,4,0.0,0.0,0.0,0.0,0.0,16.0,1.0,Normal
JLF3346,0,1,3,0.0,0.0,0.0,0.0,0.0,16.0,1.0,Normal
FRG1576,0,92,14,0.0,0.0,0.0,120.0,196.0,36.0,1.0,Normal
IBC0377,0,1,19,0.0,0.0,0.0,0.0,0.0,864.0,1.0,Normal
KTW1719,0,1,4,0.0,0.0,0.0,0.0,0.0,222.0,1.0,Normal
ADC1469,0,1,4,0.0,0.0,0.0,0.0,0.0,14.0,1.0,Normal
HLS2098,0,1,9,0.0,0.0,0.0,0.0,0.0,120.0,1.0,Normal
OEN0432,0,1,9,0.0,0.0,0.0,0.0,0.0,254.0,1.0,Normal
REK1037,0,106,11,0.0,0.0,0.0,0.0,0.0,222.0,1.0,Normal
KMW1008,0,37,22,0.0,0.0,0.0,0.0,0.0,55.0,1.0,Normal
PNL0018,0,1,7,0.0,0.0,0.0,0.0,0.0,167.0,1.0,Normal
ZSL2618,0,1,2,0.0,0.0,0.0,0.0,0.0,10.0,1.0,Normal
BCB0909,0,1,10,0.0,0.0,0.0,0.0,0.0,64.0,1.0,Normal
GJS0494,0,1,3,0.0,0.0,0.0,0.0,0.0,0.0,1.0,Normal
KDN1740,0,1,2,0.0,0.0,0.0,0.0,0.0,46.0,1.0,Normal
NLC2601,0,74,12,0.0,0.0,0.0,0.0,0.0,57.0,1.0,Normal
HSK0639,0,23,9,0.0,0.0,0.0,0.0,0.0,32.0,1.0,Normal
TLU1836,0,1,3,0.0,0.0,0.0,0.0,0.0,380.0,1.0,Normal
SLS0834,0,1,9,0.0,0.0,0.0,0.0,0.0,120.0,1.0,Normal
XSF3982,0,5,6,0.0,0.0,0.0,1837.0,3532.0,614.0,-1.0,Anomaly
EPM3878,0,1,4,0.0,0.0,0.0,0.0,0.0,26.0,1.0,Normal
CNF0212,0,1,4,0.0,0.0,0.0,0.0,0.0,14.0,1.0,Normal
FAD3114,0,1,3,0.0,0.0,0.0,0.0,0.0,58.0,1.0,Normal
CDS3824,0,1,3,0.0,0.0,0.0,0.0,0.0,4.0,1.0,Normal
BMA1411,0,1,2,0.0,0.0,0.0,0.0,0.0,86.0,1.0,Normal
REJ2666,0,36,11,0.0,0.0,0.0,3010.0,5059.0,781.0,-1.0,Anomaly
CHS2323,0,20,24,0.0,0.0,0.0,0.0,0.0,139.0,1.0,Normal
DSB2463,0,1,2,0.0,0.0,0.0,0.0,0.0,56.0,1.0,Normal
CEM1852,0,1,3,0.0,0.0,0.0,0.0,0.0,130.0,1.0,Normal
JJJ1267,0,1,4,0.0,0.0,0.0,0.0,0.0,81.0,1.0,Normal
GUC0473,0,1,3,0.0,0.0,0.0,0.0,0.0,0.0,1.0,Normal
VTL0314,0,127,13,0.0,0.0,0.0,0.0,0.0,68.0,1.0,Normal
SJN1601,0,25,10,0.0,0.0,0.0,0.0,0.0,548.0,1.0,Normal
GGB3663,0,1,4,0.0,0.0,0.0,0.0,0.0,16.0,1.0,Normal
ZCE3578,0,1,13,0.0,0.0,0.0,0.0,0.0,0.0,1.0,Normal
RQN2039,0,33,8,0.0,0.0,0.0,627.0,1103.0,188.0,1.0,Normal
PKH0730,0,1,3,0.0,0.0,0.0,0.0,0.0,5.0,1.0,Normal
KJR3538,0,1,2,0.0,0.0,0.0,0.0,0.0,0.0,1.0,Normal
BPD2437,0,1147,24,0.0,0.0,0.0,1026.0,1732.0,417.0,-1.0,Anomaly
SRN2617,0,102,10,0.0,0.0,0.0,0.0,0.0,65.0,1.0,Normal
CCE0745,0,1,4,0.0,0.0,0.0,0.0,0.0,0.0,1.0,Normal
IOF3298,0,1,2,0.0,0.0,0.0,0.0,0.0,1.0,1.0,Normal
ARH1610,0,1,3,0.0,0.0,0.0,0.0,0.0,78.0,1.0,Normal
USF1753,0,1,4,0.0,0.0,0.0,2649.0,4997.0,743.0,-1.0,Anomaly
ABM3203,0,27,8,0.0,0.0,0.0,0.0,0.0,405.0,1.0,Normal
NMW0896,0,1,3,0.0,0.0,0.0,0.0,0.0,8.0,1.0,Normal
HNG1909,0,1,3,0.0,0.0,0.0,0.0,0.0,57.0,1.0,Normal
CWR0043,0,883,24,0.0,0.0,0.0,0.0,0.0,0.0,1.0,Normal
CKR2586,0,1,10,0.0,0.0,0.0,0.0,0.0,42.0,1.0,Normal
CLS3806,0,1,2,0.0,0.0,0.0,0.0,0.0,0.0,1.0,Normal
WMA2016,0,1,7,0.0,0.0,0.0,0.0,0.0,39.0,1.0,Normal
CJH3630,0,1,3,0.0,0.0,0.0,0.0,0.0,0.0,1.0,Normal
WAA1816,0,1,7,0.0,0.0,0.0,0.0,0.0,137.0,1.0,Normal
AIT1264,0,1,4,0.0,0.0,0.0,0.0,0.0,0.0,1.0,Normal
JVB3184,0,66,10,0.0,0.0,0.0,0.0,0.0,57.0,1.0,Normal
JCS2391,0,79,13,0.0,0.0,0.0,274.0,500.0,120.0,1.0,Normal
MTB2982,0,1,2,0.0,0.0,0.0,0.0,0.0,37.0,1.0,Normal
JJB0042,0,919,24,0.0,0.0,0.0,0.0,0.0,49.0,1.0,Normal
KBC0578,0,1,3,0.0,0.0,0.0,0.0,0.0,11.0,1.0,Normal
LEP2922,0,1,4,0.0,0.0,0.0,0.0,0.0,0.0,1.0,Normal
YHD0593,0,1,4,0.0,0.0,0.0,0.0,0.0,69.0,1.0,Normal
JLA0030,0,1,4,0.0,0.0,0.0,0.0,0.0,25.0,1.0,Normal
WBS1592,0,1,4,0.0,0.0,0.0,0.0,0.0,58.0,1.0,Normal
IYM3865,0,1,9,0.0,0.0,0.0,0.0,0.0,55.0,1.0,Normal
MJB2167,0,1,4,0.0,0.0,0.0,0.0,0.0,14.0,1.0,Normal
CER0228,0,113,24,0.0,0.0,0.0,537.0,1124.0,807.0,-1.0,Anomaly
ARW1507,0,1,4,0.0,0.0,0.0,0.0,0.0,2.0,1.0,Normal
MVS1908,0,1,4,0.0,0.0,0.0,1393.0,3065.0,1065.0,-1.0,Anomaly
KGD3278,0,1,2,0.0,0.0,0.0,0.0,0.0,0.0,1.0,Normal
DKR0027,0,1,4,0.0,0.0,0.0,0.0,0.0,0.0,1.0,Normal
ELR1140,0,1,10,0.0,0.0,0.0,0.0,0.0,458.0,1.0,Normal
DHG1830,0,76,12,0.0,0.0,0.0,314.0,364.0,373.0,1.0,Normal
JRP0250,0,1,3,0.0,0.0,0.0,0.0,0.0,75.0,1.0,Normal
EGC0931,0,97,10,0.0,0.0,0.0,82.0,158.0,358.0,1.0,Normal
OJB1095,0,1,3,0.0,0.0,0.0,0.0,0.0,27.0,1.0,Normal
DRB0756,0,1,4,0.0,0.0,0.0,0.0,0.0,0.0,1.0,Normal
YAS2508,0,1,2,0.0,0.0,0.0,0.0,0.0,26.0,1.0,Normal
SDF3082,0,1,4,0.0,0.0,0.0,0.0,0.0,526.0,1.0,Normal
VRJ0636,0,101,9,0.0,0.0,0.0,640.0,1072.0,201.0,1.0,Normal
MQS3541,0,1,2,0.0,0.0,0.0,0.0,0.0,6.0,1.0,Normal
KAD0884,0,1,2,0.0,0.0,0.0,0.0,0.0,18.0,1.0,Normal
RBG3850,0,1,4,0.0,0.0,0.0,0.0,0.0,0.0,1.0,Normal
AKL1305,0,112,24,0.0,0.0,0.0,0.0,0.0,58.0,1.0,Normal
CXM1821,0,1,15,0.0,0.0,0.0,0.0,0.0,158.0,1.0,Normal
FKD2779,0,1,10,0.0,0.0,0.0,0.0,0.0,22.0,1.0,Normal
RBB0585,0,1,2,0.0,0.0,0.0,0.0,0.0,58.0,1.0,Normal
MVO2746,0,105,13,0.0,0.0,0.0,0.0,0.0,61.0,1.0,Normal
JZM1351,0,1,4,0.0,0.0,0.0,0.0,0.0,0.0,1.0,Normal
RXG1504,0,1,4,0.0,0.0,0.0,0.0,0.0,3.0,1.0,Normal
JTM0878,0,1,2,0.0,0.0,0.0,0.0,0.0,0.0,1.0,Normal
HDN1139,0,106,24,0.0,0.0,0.0,660.0,963.0,536.0,1.0,Normal
ARB0208,0,105,9,0.0,0.0,0.0,0.0,0.0,186.0,1.0,Normal
CCF3529,0,105,20,0.0,0.0,0.0,1128.0,375.0,544.0,-1.0,Anomaly
BJC0366,0,1,8,0.0,0.0,0.0,0.0,0.0,72.0,1.0,Normal
RVB0303,0,68,13,0.0,0.0,0.0,491.0,983.0,298.0,1.0,Normal
VBA1395,0,1,2,0.0,0.0,0.0,0.0,0.0,61.0,1.0,Normal
HBC0999,0,93,24,0.0,0.0,0.0,0.0,0.0,29.0,1.0,Normal
UME2842,0,1,4,0.0,0.0,0.0,0.0,0.0,2.0,1.0,Normal
GJM0065,0,9,10,0.0,0.0,0.0,211.0,397.0,118.0,1.0,Normal
ARM0771,0,1,4,0.0,0.0,0.0,0.0,0.0,0.0,1.0,Normal
LEC3857,0,104,12,0.0,0.0,0.0,0.0,0.0,86.0,1.0,Normal
NEB0371,0,1,4,0.0,0.0,0.0,0.0,0.0,0.0,1.0,Normal
GDH0108,0,1,3,0.0,0.0,0.0,0.0,0.0,109.0,1.0,Normal
WBS3870,0,105,9,0.0,0.0,0.0,0.0,0.0,585.0,1.0,Normal
RSM1089,0,1,3,0.0,0.0,0.0,0.0,0.0,129.0,1.0,Normal
CCB3943,0,1,4,0.0,0.0,0.0,0.0,0.0,20.0,1.0,Normal
BYL2133,0,1,2,0.0,0.0,0.0,0.0,0.0,0.0,1.0,Normal
WTG2109,0,89,13,0.0,0.0,0.0,662.0,1090.0,187.0,1.0,Normal
RSM3742,0,1,4,0.0,0.0,0.0,0.0,0.0,0.0,1.0,Normal
MSR3709,0,1,10,0.0,0.0,0.0,0.0,0.0,14.0,1.0,Normal
NBR3731,0,36,22,0.0,0.0,0.0,2412.0,4141.0,724.0,-1.0,Anomaly
APP1996,0,1,3,0.0,0.0,0.0,0.0,0.0,0.0,1.0,Normal
CFR1523,0,1,4,0.0,0.0,0.0,0.0,0.0,0.0,1.0,Normal
MOW1104,0,1,8,0.0,0.0,0.0,0.0,0.0,46.0,1.0,Normal
HFF2540,0,1,4,0.0,0.0,0.0,0.0,0.0,0.0,1.0,Normal
YCL0824,0,124,12,0.0,0.0,0.0,127.0,353.0,688.0,1.0,Normal
PLT3283,0,1,2,0.0,0.0,0.0,0.0,0.0,0.0,1.0,Normal
RNC3417,0,1,2,0.0,0.0,0.0,0.0,0.0,30.0,1.0,Normal
MVA2547,0,18,22,0.0,0.0,0.0,0.0,0.0,97.0,1.0,Normal
GCS2218,0,1,10,0.0,0.0,0.0,0.0,0.0,9.0,1.0,Normal
ARG0441,0,1,7,0.0,0.0,0.0,0.0,0.0,831.0,1.0,Normal
JDH3762,0,1,4,0.0,0.0,0.0,0.0,0.0,0.0,1.0,Normal
LER3942,0,1,4,0.0,0.0,0.0,916.0,1626.0,255.0,1.0,Normal
IDC2568,0,1,3,0.0,0.0,0.0,0.0,0.0,0.0,1.0,Normal
CGG3388,0,1,16,0.0,0.0,0.0,121.0,226.0,33.0,1.0,Normal
FDD1052,0,951,24,0.0,0.0,0.0,0.0,0.0,20.0,1.0,Normal
TRS3323,0,1,8,0.0,0.0,0.0,0.0,0.0,15.0,1.0,Normal
BBT1948,0,1,14,0.0,0.0,0.0,0.0,0.0,90.0,1.0,Normal
JGW1274,0,1,4,0.0,0.0,0.0,0.0,0.0,36.0,1.0,Normal
CSM1565,0,1,4,0.0,0.0,0.0,0.0,0.0,0.0,1.0,Normal
BGB3045,0,931,23,0.0,0.0,0.0,0.0,0.0,57.0,-1.0,Anomaly
EKV3321,0,1,3,0.0,0.0,0.0,0.0,0.0,37.0,1.0,Normal
WJH3158,0,1,4,0.0,0.0,0.0,0.0,0.0,23.0,1.0,Normal
RVH0535,0,80,9,0.0,0.0,0.0,517.0,899.0,165.0,1.0,Normal
NGP0549,0,1,4,0.0,0.0,0.0,1102.0,1792.0,316.0,-1.0,Anomaly
NYC2048,0,1,4,0.0,0.0,0.0,0.0,0.0,25.0,1.0,Normal
CMM3674,0,1,4,0.0,0.0,0.0,0.0,0.0,15.0,1.0,Normal
ZOO1613,0,1,3,0.0,0.0,0.0,0.0,0.0,0.0,1.0,Normal
CAV1868,0,1,7,0.0,0.0,0.0,0.0,0.0,47.0,1.0,Normal
YHH2785,0,1,4,0.0,0.0,0.0,0.0,0.0,14.0,1.0,Normal
LED0656,0,1,4,0.0,0.0,0.0,0.0,0.0,21.0,1.0,Normal
AKH1534,0,59,10,0.0,0.0,0.0,127.0,288.0,70.0,1.0,Normal
IHB0288,0,1,9,0.0,0.0,0.0,0.0,0.0,92.0,1.0,Normal
XML3920,0,1,2,0.0,0.0,0.0,0.0,0.0,26.0,1.0,Normal
HYP1591,0,1,4,0.0,0.0,0.0,0.0,0.0,57.0,1.0,Normal
JJL1448,0,108,11,0.0,0.0,0.0,0.0,0.0,67.0,1.0,Normal
NDC0948,0,97,10,0.0,0.0,0.0,478.0,589.0,1053.0,-1.0,Anomaly
UEP2013,0,1,2,0.0,0.0,0.0,0.0,0.0,0.0,1.0,Normal
DRF3306,0,1,4,0.0,0.0,0.0,0.0,0.0,1.0,1.0,Normal
MBH0527,0,18,24,0.0,0.0,0.0,1099.0,2011.0,363.0,-1.0,Anomaly
DSC2208,0,1,4,0.0,0.0,0.0,0.0,0.0,0.0,1.0,Normal
BAC2914,0,1,4,0.0,0.0,0.0,0.0,0.0,0.0,1.0,Normal
VMJ3068,0,1,5,0.0,0.0,0.0,0.0,0.0,0.0,1.0,Normal
QCB1360,0,1,3,0.0,0.0,0.0,0.0,0.0,40.0,1.0,Normal
TBK2860,0,1,4,0.0,0.0,0.0,0.0,0.0,13.0,1.0,Normal
MBF3126,0,1,4,0.0,0.0,0.0,0.0,0.0,0.0,1.0,Normal
KSP1288,0,31,11,0.0,0.0,0.0,0.0,0.0,178.0,1.0,Normal
CRE2652,0,1,4,0.0,0.0,0.0,0.0,0.0,44.0,1.0,Normal
MPH0153,0,1,17,0.0,0.0,0.0,0.0,0.0,80.0,1.0,Normal
SVM0770,0,1,4,0.0,0.0,0.0,0.0,0.0,0.0,1.0,Normal
PTG0587,0,1,3,0.0,0.0,0.0,0.0,0.0,11.0,1.0,Normal
IKP1047,0,632,24,0.0,0.0,0.0,540.0,944.0,478.0,-1.0,Anomaly
RIE2876,0,1,8,0.0,0.0,0.0,0.0,0.0,55.0,1.0,Normal
TDM3135,0,25,11,0.0,0.0,0.0,965.0,463.0,447.0,1.0,Normal
DRW1207,0,1,10,0.0,0.0,0.0,0.0,0.0,1.0,1.0,Normal
HAC1300,0,1,4,0.0,0.0,0.0,0.0,0.0,0.0,1.0,Normal
DTG1294,0,26,24,0.0,0.0,0.0,485.0,842.0,138.0,1.0,Normal
PCB0545,0,1,4,0.0,0.0,0.0,0.0,0.0,150.0,1.0,Normal
LMZ1501,0,1,4,0.0,0.0,0.0,0.0,0.0,0.0,1.0,Normal
CPP0623,0,1,4,0.0,0.0,0.0,0.0,0.0,0.0,1.0,Normal
HHG1038,0,1,2,0.0,0.0,0.0,0.0,0.0,0.0,1.0,Normal
ESB2629,0,1,10,0.0,0.0,0.0,0.0,0.0,73.0,1.0,Normal
AGM3504,0,1,3,0.0,0.0,0.0,0.0,0.0,31.0,1.0,Normal
CAS1017,0,1,3,0.0,0.0,0.0,0.0,0.0,0.0,1.0,Normal
PAF1373,0,77,13,0.0,0.0,0.0,0.0,0.0,746.0,1.0,Normal
SAV3457,0,1,4,0.0,0.0,0.0,0.0,0.0,4.0,1.0,Normal
MUO3601,0,1,9,0.0,0.0,0.0,0.0,0.0,93.0,1.0,Normal
NHP0412,0,109,10,0.0,0.0,0.0,0.0,0.0,370.0,1.0,Normal
WKG0150,0,64,9,0.0,0.0,0.0,51.0,125.0,129.0,1.0,Normal
THC2752,0,1,8,0.0,0.0,0.0,0.0,0.0,51.0,1.0,Normal
LXE2139,0,60,10,0.0,0.0,0.0,136.0,249.0,65.0,1.0,Normal
JLR0313,0,5,5,0.0,0.0,0.0,153.0,223.0,82.0,1.0,Normal
SLB3039,0,936,24,0.0,0.0,0.0,0.0,0.0,75.0,1.0,Normal
NJG3144,0,1,4,0.0,0.0,0.0,0.0,0.0,16.0,1.0,Normal
ETG2821,0,16,12,0.0,0.0,0.0,1032.0,1789.0,280.0,1.0,Normal
FPM2074,0,1,10,0.0,0.0,0.0,0.0,0.0,71.0,1.0,Normal
DBF3582,0,26,14,0.0,0.0,0.0,78.0,230.0,706.0,1.0,Normal
LCH2740,0,1,4,0.0,0.0,0.0,0.0,0.0,30.0,1.0,Normal
KKL1310,0,1,4,0.0,0.0,0.0,0.0,0.0,82.0,1.0,Normal
MAW0532,0,42,9,0.0,0.0,0.0,0.0,0.0,33.0,1.0,Normal
PCS1747,0,1,4,0.0,0.0,0.0,0.0,0.0,88.0,1.0,Normal
HTR1551,0,17,21,0.0,0.0,0.0,0.0,0.0,4.0,1.0,Normal
DSR3787,0,1,15,0.0,0.0,0.0,0.0,0.0,73.0,1.0,Normal
HDT0242,0,1,4,0.0,0.0,0.0,0.0,0.0,0.0,1.0,Normal
ECS3353,0,109,12,0.0,0.0,0.0,813.0,1387.0,273.0,1.0,Normal
LKH2512,0,1,8,0.0,0.0,0.0,0.0,0.0,54.0,1.0,Normal
VDB0247,0,1,3,0.0,0.0,0.0,0.0,0.0,65.0,1.0,Normal
LGL0649,0,1,4,0.0,0.0,0.0,0.0,0.0,0.0,1.0,Normal
CKH2230,0,1,4,0.0,0.0,0.0,0.0,0.0,3.0,1.0,Normal
HJR1160,0,1,4,0.0,0.0,0.0,0.0,0.0,4.0,1.0,Normal
FGG3666,0,1,4,0.0,0.0,0.0,0.0,0.0,3.0,1.0,Normal
AGG3958,0,1,3,0.0,0.0,0.0,0.0,0.0,14.0,1.0,Normal
HAH3895,0,1,2,0.0,0.0,0.0,0.0,0.0,0.0,1.0,Normal
KDC0444,0,26,13,0.0,0.0,0.0,2963.0,5293.0,1281.0,-1.0,Anomaly
JBM2769,0,1,3,0.0,0.0,0.0,0.0,0.0,81.0,1.0,Normal
NCO1443,0,1,4,0.0,0.0,0.0,0.0,0.0,28.0,1.0,Normal
NGW2341,0,1,8,0.0,0.0,0.0,0.0,0.0,130.0,1.0,Normal
DAF3096,0,1,4,0.0,0.0,0.0,0.0,0.0,10.0,1.0,Normal
MAC1404,0,1,2,0.0,0.0,0.0,0.0,0.0,0.0,1.0,Normal
PMM0696,0,59,9,0.0,0.0,0.0,0.0,0.0,340.0,1.0,Normal
BUS1727,0,108,10,0.0,0.0,0.0,660.0,1178.0,190.0,1.0,Normal
RDM1174,0,1,4,0.0,0.0,0.0,0.0,0.0,0.0,1.0,Normal
OVM1496,0,1,3,0.0,0.0,0.0,0.0,0.0,10.0,1.0,Normal
JON0788,0,67,12,0.0,0.0,0.0,0.0,0.0,20.0,1.0,Normal
DBB3846,0,1,10,0.0,0.0,0.0,0.0,0.0,150.0,1.0,Normal
KKH2324,0,66,11,0.0,0.0,0.0,61.0,92.0,289.0,1.0,Normal
NCS3715,0,1,4,0.0,0.0,0.0,0.0,0.0,60.0,1.0,Normal
VPS3185,0,19,10,0.0,0.0,0.0,509.0,840.0,135.0,1.0,Normal
LMB1077,0,97,11,0.0,0.0,0.0,0.0,0.0,449.0,1.0,Normal
JKK1422,0,32,11,0.0,0.0,0.0,200.0,105.0,528.0,1.0,Normal
LTW1378,0,62,10,0.0,0.0,0.0,42.0,112.0,94.0,1.0,Normal
LRM1362,0,97,13,0.0,0.0,0.0,458.0,837.0,155.0,1.0,Normal
DKB0260,0,96,12,0.0,0.0,0.0,0.0,0.0,18.0,1.0,Normal
KLP0249,0,112,12,0.0,0.0,0.0,820.0,1377.0,241.0,1.0,Normal
RJO1791,0,1,4,0.0,0.0,0.0,0.0,0.0,0.0,1.0,Normal
DER2162,0,112,10,0.0,0.0,0.0,0.0,0.0,160.0,1.0,Normal
ZJS1776,0,1011,24,0.0,0.0,0.0,0.0,0.0,82.0,-1.0,Anomaly
RLH1548,0,1,3,0.0,0.0,0.0,0.0,0.0,13.0,1.0,Normal
VKM1515,0,68,11,0.0,0.0,0.0,0.0,0.0,14.0,1.0,Normal
ARK3198,0,12,9,0.0,0.0,0.0,50.0,104.0,102.0,1.0,Normal
ANH2482,0,1,2,0.0,0.0,0.0,0.0,0.0,111.0,1.0,Normal
EJL1075,0,20,7,0.0,0.0,0.0,2757.0,4914.0,805.0,-1.0,Anomaly
PJM3025,0,1,4,0.0,0.0,0.0,0.0,0.0,18.0,1.0,Normal
MTS0465,0,1122,24,0.0,0.0,0.0,0.0,0.0,485.0,-1.0,Anomaly
CIG2684,0,1,4,0.0,0.0,0.0,0.0,0.0,128.0,1.0,Normal
NGA0929,0,1,3,0.0,0.0,0.0,0.0,0.0,0.0,1.0,Normal
ZHM1979,0,1,2,0.0,0.0,0.0,0.0,0.0,128.0,1.0,Normal
CQA3849,0,1,4,0.0,0.0,0.0,0.0,0.0,16.0,1.0,Normal
HDK0634,0,109,9,0.0,0.0,0.0,0.0,0.0,114.0,1.0,Normal
CCF2298,0,1,4,0.0,0.0,0.0,0.0,0.0,19.0,1.0,Normal
LGM1260,0,1,2,0.0,0.0,0.0,0.0,0.0,55.0,1.0,Normal
DHM1476,0,1,4,0.0,0.0,0.0,0.0,0.0,80.0,1.0,Normal
JBL3189,0,1,2,0.0,0.0,0.0,0.0,0.0,0.0,1.0,Normal
SJF3798,0,1,15,0.0,0.0,0.0,0.0,0.0,784.0,1.0,Normal
CDL2145,0,1,2,0.0,0.0,0.0,0.0,0.0,26.0,1.0,Normal
MEV2182,0,1,2,0.0,0.0,0.0,0.0,0.0,6.0,1.0,Normal
PMH3484,0,101,12,0.0,0.0,0.0,246.0,455.0,137.0,1.0,Normal
WKH1787,0,1,3,0.0,0.0,0.0,0.0,0.0,0.0,1.0,Normal
HHM0869,0,71,24,0.0,0.0,0.0,0.0,0.0,20.0,1.0,Normal
AHK1988,0,1,4,0.0,0.0,0.0,0.0,0.0,16.0,1.0,Normal
KDM2836,0,1,4,0.0,0.0,0.0,0.0,0.0,0.0,1.0,Normal
RCF0044,0,1065,24,0.0,0.0,0.0,0.0,0.0,161.0,-1.0,Anomaly
AEM0554,0,81,24,0.0,0.0,0.0,0.0,0.0,493.0,1.0,Normal
ALH1872,0,1,2,0.0,0.0,0.0,0.0,0.0,18.0,1.0,Normal
TZM0239,0,1,4,0.0,0.0,0.0,0.0,0.0,125.0,1.0,Normal
TBB1547,0,1,4,0.0,0.0,0.0,0.0,0.0,0.0,1.0,Normal
MWB0710,0,1,2,0.0,0.0,0.0,0.0,0.0,508.0,1.0,Normal
BGW1739,0,13,10,0.0,0.0,0.0,0.0,0.0,243.0,1.0,Normal
MRW2504,0,1,2,0.0,0.0,0.0,0.0,0.0,21.0,1.0,Normal
KDF0876,0,1,2,0.0,0.0,0.0,896.0,1792.0,369.0,-1.0,Anomaly
IDL2014,0,1,2,0.0,0.0,0.0,0.0,0.0,0.0,1.0,Normal
TRV2966,0,1,9,0.0,0.0,0.0,0.0,0.0,67.0,1.0,Normal
DAM2954,0,1,10,0.0,0.0,0.0,0.0,0.0,97.0,1.0,Normal
EMC2757,0,1,3,0.0,0.0,0.0,0.0,0.0,10.0,1.0,Normal
BPN3051,0,934,24,0.0,0.0,0.0,776.0,1268.0,264.0,-1.0,Anomaly
YDM1720,0,10,9,0.0,0.0,0.0,2512.0,5078.0,1579.0,-1.0,Anomaly
CCL1770,0,1014,24,0.0,0.0,0.0,0.0,0.0,30.0,1.0,Normal
CMB3499,0,1,4,0.0,0.0,0.0,0.0,0.0,96.0,1.0,Normal
UKC0543,0,1,10,0.0,0.0,0.0,3535.0,4948.0,895.0,-1.0,Anomaly
RGB1581,0,96,14,0.0,0.0,0.0,169.0,290.0,76.0,1.0,Normal
LLJ3179,0,1,2,0.0,0.0,0.0,0.0,0.0,0.0,1.0,Normal
NMR2725,0,1,10,0.0,0.0,0.0,0.0,0.0,43.0,1.0,Normal
RKJ3379,0,1,4,0.0,0.0,0.0,0.0,0.0,130.0,1.0,Normal
LTO2217,0,1,4,0.0,0.0,0.0,0.0,0.0,0.0,1.0,Normal
ZRM0694,0,135,24,0.0,0.0,0.0,167.0,306.0,117.0,1.0,Normal
EEC3193,0,24,9,0.0,0.0,0.0,559.0,961.0,181.0,1.0,Normal
SKL0739,0,1,2,0.0,0.0,0.0,0.0,0.0,20.0,1.0,Normal
NIM0052,0,1,2,0.0,0.0,0.0,0.0,0.0,100.0,1.0,Normal
SRM1112,0,1,10,0.0,0.0,0.0,0.0,0.0,47.0,1.0,Normal
RUC1198,0,1,2,0.0,0.0,0.0,0.0,0.0,0.0,1.0,Normal
NIM1630,0,1,4,0.0,0.0,0.0,0.0,0.0,0.0,1.0,Normal
AMS0712,0,108,9,0.0,0.0,0.0,410.0,815.0,142.0,1.0,Normal
SBD1557,0,1,4,0.0,0.0,0.0,0.0,0.0,17.0,1.0,Normal
JBC1916,0,1,3,0.0,0.0,0.0,0.0,0.0,18.0,1.0,Normal
DJB2983,0,1,2,0.0,0.0,0.0,0.0,0.0,14.0,1.0,Normal
JKS2444,0,1,7,0.0,0.0,0.0,107.0,189.0,33.0,1.0,Normal
RPB0029,0,1,17,0.0,0.0,0.0,85.0,163.0,55.0,1.0,Normal
FMC1002,0,1,2,0.0,0.0,0.0,0.0,0.0,88.0,1.0,Normal
KHW2052,0,1,4,0.0,0.0,0.0,0.0,0.0,42.0,1.0,Normal
IFS0793,0,1,3,0.0,0.0,0.0,0.0,0.0,0.0,1.0,Normal
RVR0095,0,1,2,0.0,0.0,0.0,0.0,0.0,65.0,1.0,Normal
FKR3316,0,1,4,0.0,0.0,0.0,0.0,0.0,7.0,1.0,Normal
KCM1893,0,1,3,0.0,0.0,0.0,0.0,0.0,0.0,1.0,Normal
HJG2157,0,105,10,0.0,0.0,0.0,0.0,0.0,132.0,1.0,Normal
KSD1646,0,1,8,0.0,0.0,0.0,0.0,0.0,229.0,1.0,Normal
IWW3319,0,1,4,0.0,0.0,0.0,0.0,0.0,0.0,1.0,Normal
BYS3626,0,1,8,0.0,0.0,0.0,2089.0,3863.0,744.0,-1.0,Anomaly
GFP2144,0,1,2,0.0,0.0,0.0,0.0,0.0,0.0,1.0,Normal
GCB0201,0,1,2,0.0,0.0,0.0,0.0,0.0,22.0,1.0,Normal
EAH3107,0,1,4,0.0,0.0,0.0,0.0,0.0,226.0,1.0,Normal
HKM3016,0,1,7,0.0,0.0,0.0,0.0,0.0,168.0,1.0,Normal
LRF1572,0,2,5,0.0,0.0,0.0,0.0,0.0,1.0,1.0,Normal
SAD3259,0,94,9,0.0,0.0,0.0,94.0,185.0,49.0,1.0,Normal
VAS3984,0,1,2,0.0,0.0,0.0,0.0,0.0,4.0,1.0,Normal
XCB1390,0,1,2,0.0,0.0,0.0,0.0,0.0,0.0,1.0,Normal
CAR0992,0,59,24,0.0,0.0,0.0,361.0,898.0,889.0,-1.0,Anomaly
DGS1079,0,1,8,0.0,0.0,0.0,847.0,317.0,199.0,1.0,Normal
HJB0286,0,1,4,0.0,0.0,0.0,0.0,0.0,92.0,1.0,Normal
DRN0782,0,1,12,0.0,0.0,0.0,0.0,0.0,0.0,1.0,Normal
BDR0510,0,94,24,0.0,0.0,0.0,2578.0,4354.0,673.0,-1.0,Anomaly
MAH0438,0,1,9,0.0,0.0,0.0,1023.0,1396.0,989.0,-1.0,Anomaly
MSM3264,0,1,2,0.0,0.0,0.0,0.0,0.0,0.0,1.0,Normal
MVB3343,0,1,3,0.0,0.0,0.0,0.0,0.0,12.0,1.0,Normal
DSM1286,0,114,11,0.0,0.0,0.0,1023.0,1727.0,243.0,1.0,Normal
CAC1777,0,918,24,0.0,0.0,0.0,0.0,0.0,0.0,1.0,Normal
WSM2798,0,1,4,0.0,0.0,0.0,0.0,0.0,11.0,1.0,Normal
BWJ0136,0,1,2,0.0,0.0,0.0,0.0,0.0,102.0,1.0,Normal
LTW1441,0,1,2,0.0,0.0,0.0,149.0,256.0,274.0,1.0,Normal
DAM3691,0,1,3,0.0,0.0,0.0,0.0,0.0,7.0,1.0,Normal
ALC1060,0,933,23,0.0,0.0,0.0,0.0,0.0,32.0,-1.0,Anomaly
AJM0345,0,3,9,0.0,0.0,0.0,178.0,336.0,55.0,1.0,Normal
SJS1014,0,1,2,0.0,0.0,0.0,0.0,0.0,279.0,1.0,Normal
KJS0119,0,99,13,0.0,0.0,0.0,74.0,136.0,22.0,1.0,Normal
FDF2135,0,27,18,0.0,0.0,0.0,625.0,1163.0,180.0,1.0,Normal
EZB3892,0,1,8,0.0,0.0,0.0,538.0,994.0,198.0,1.0,Normal
KCM2495,0,1,2,0.0,0.0,0.0,0.0,0.0,0.0,1.0,Normal
DJF2576,0,1,3,0.0,0.0,0.0,0.0,0.0,29.0,1.0,Normal
RMP3510,0,1,4,0.0,0.0,0.0,0.0,0.0,0.0,1.0,Normal
CED2356,0,1,2,0.0,0.0,0.0,0.0,0.0,0.0,1.0,Normal
MCM2189,0,1,7,0.0,0.0,0.0,0.0,0.0,34.0,1.0,Normal
DER0400,0,1,2,0.0,0.0,0.0,0.0,0.0,141.0,1.0,Normal
AJB1380,0,95,10,0.0,0.0,0.0,0.0,0.0,35.0,1.0,Normal
NJM3961,0,1,4,0.0,0.0,0.0,0.0,0.0,8.0,1.0,Normal
LGS1976,0,49,11,0.0,0.0,0.0,0.0,0.0,12.0,1.0,Normal
CIG3191,0,35,5,0.0,0.0,0.0,113.0,190.0,59.0,1.0,Normal
TAJ0193,0,101,13,0.0,0.0,0.0,1232.0,2077.0,337.0,-1.0,Anomaly
YDE3069,0,1,3,0.0,0.0,0.0,0.0,0.0,18.0,1.0,Normal
ALS2596,0,1,3,0.0,0.0,0.0,0.0,0.0,0.0,1.0,Normal
XBW2502,0,129,24,0.0,0.0,0.0,0.0,0.0,126.0,1.0,Normal
DMS3400,0,1,10,0.0,0.0,0.0,0.0,0.0,15.0,1.0,Normal
DRD0097,0,1,2,0.0,0.0,0.0,0.0,0.0,85.0,1.0,Normal
MPS2849,0,1,17,0.0,0.0,0.0,2448.0,4134.0,646.0,-1.0,Anomaly
IIW0399,0,1,7,0.0,0.0,0.0,679.0,1204.0,281.0,1.0,Normal
KCW2117,0,103,17,0.0,0.0,0.0,758.0,692.0,645.0,-1.0,Anomaly
RCH3533,0,1,8,0.0,0.0,0.0,0.0,0.0,66.0,1.0,Normal
MPB2578,0,1,16,0.0,0.0,0.0,2706.0,4478.0,724.0,-1.0,Anomaly
ICH1478,0,1,3,0.0,0.0,0.0,0.0,0.0,0.0,1.0,Normal
JTN2073,0,52,22,0.0,0.0,0.0,0.0,0.0,192.0,1.0,Normal
ODC0002,0,1,2,0.0,0.0,0.0,0.0,0.0,91.0,1.0,Normal
DBW3679,0,1,4,0.0,0.0,0.0,0.0,0.0,21.0,1.0,Normal
KPN3783,0,1,2,0.0,0.0,0.0,0.0,0.0,106.0,1.0,Normal
KBB0890,0,1,2,0.0,0.0,0.0,0.0,0.0,27.0,1.0,Normal
IIF2584,0,1,3,0.0,0.0,0.0,0.0,0.0,0.0,1.0,Normal
DAR0709,0,1,7,0.0,0.0,0.0,0.0,0.0,29.0,1.0,Normal
MNR1903,0,100,10,0.0,0.0,0.0,249.0,431.0,118.0,1.0,Normal
LKG0937,0,1,2,0.0,0.0,0.0,0.0,0.0,22.0,1.0,Normal
JTV1040,0,1,2,0.0,0.0,0.0,0.0,0.0,46.0,1.0,Normal
DNM0275,0,76,12,0.0,0.0,0.0,3090.0,5208.0,867.0,-1.0,Anomaly
DMH1232,0,22,11,0.0,0.0,0.0,72.0,73.0,654.0,1.0,Normal
DKE0797,0,1,3,0.0,0.0,0.0,0.0,0.0,29.0,1.0,Normal
SSM3894,0,1,8,0.0,0.0,0.0,0.0,0.0,56.0,1.0,Normal
AEG1121,0,1,4,0.0,0.0,0.0,0.0,0.0,61.0,1.0,Normal
SAM3855,0,66,12,0.0,0.0,0.0,2129.0,872.0,987.0,-1.0,Anomaly
CDW0986,0,1,4,0.0,0.0,0.0,0.0,0.0,30.0,1.0,Normal
RJF3299,0,106,12,0.0,0.0,0.0,666.0,1170.0,196.0,1.0,Normal
IAM3078,0,1,20,0.0,0.0,0.0,0.0,0.0,86.0,1.0,Normal
GEH3406,0,28,12,0.0,0.0,0.0,840.0,1764.0,453.0,1.0,Normal
TKN0812,0,1,4,0.0,0.0,0.0,0.0,0.0,25.0,1.0,Normal
OMB3507,0,1,4,0.0,0.0,0.0,0.0,0.0,127.0,1.0,Normal
JNM0905,0,1,3,0.0,0.0,0.0,0.0,0.0,9.0,1.0,Normal
DMS1977,0,1,10,0.0,0.0,0.0,0.0,0.0,77.0,1.0,Normal
TJP2817,0,88,12,0.0,0.0,0.0,0.0,0.0,10.0,1.0,Normal
EJB1263,0,1,2,0.0,0.0,0.0,0.0,0.0,49.0,1.0,Normal
VJB1928,0,1,4,0.0,0.0,0.0,2399.0,4330.0,677.0,-1.0,Anomaly
TIE1175,0,1,10,0.0,0.0,0.0,322.0,596.0,143.0,1.0,Normal
SYF3607,0,1,3,0.0,0.0,0.0,0.0,0.0,0.0,1.0,Normal
EJH2799,0,20,12,0.0,0.0,0.0,353.0,563.0,104.0,1.0,Normal
HAR3632,0,1,8,0.0,0.0,0.0,0.0,0.0,2.0,1.0,Normal
EKB0825,0,1,4,0.0,0.0,0.0,0.0,0.0,0.0,1.0,Normal
JKG0944,0,1,3,0.0,0.0,0.0,0.0,0.0,24.0,1.0,Normal
SSO2406,0,1,4,0.0,0.0,0.0,0.0,0.0,88.0,1.0,Normal
SFC2336,0,1,16,0.0,0.0,0.0,0.0,0.0,28.0,1.0,Normal
DSB0307,0,1,2,0.0,0.0,0.0,0.0,0.0,0.0,1.0,Normal
GAH1760,0,881,24,0.0,0.0,0.0,0.0,0.0,80.0,1.0,Normal
XTB2372,0,35,11,0.0,0.0,0.0,487.0,781.0,278.0,1.0,Normal
CHM1561,0,1,4,0.0,0.0,0.0,3864.0,6680.0,1026.0,-1.0,Anomaly
MKH1959,0,1,2,0.0,0.0,0.0,0.0,0.0,0.0,1.0,Normal
KZK2058,0,1,2,0.0,0.0,0.0,0.0,0.0,13.0,1.0,Normal
HAP3738,0,1,19,0.0,0.0,0.0,0.0,0.0,87.0,1.0,Normal
CHW2893,0,1,4,0.0,0.0,0.0,0.0,0.0,0.0,1.0,Normal
JNS3342,0,86,12,0.0,0.0,0.0,0.0,0.0,12.0,1.0,Normal
LNV0271,0,1,4,0.0,0.0,0.0,0.0,0.0,2.0,1.0,Normal
KCC3658,0,1,4,0.0,0.0,0.0,0.0,0.0,7.0,1.0,Normal
HAF0394,0,69,23,0.0,0.0,0.0,0.0,0.0,234.0,1.0,Normal
PKB2732,0,1,4,0.0,0.0,0.0,0.0,0.0,88.0,1.0,Normal
MRW3143,0,1,4,0.0,0.0,0.0,0.0,0.0,0.0,1.0,Normal
CJB3470,0,1,2,0.0,0.0,0.0,0.0,0.0,0.0,1.0,Normal
SMN1103,0,25,10,0.0,0.0,0.0,0.0,0.0,34.0,1.0,Normal
AJH2110,0,90,13,0.0,0.0,0.0,317.0,594.0,117.0,1.0,Normal
PKR1145,0,24,10,0.0,0.0,0.0,0.0,0.0,130.0,1.0,Normal
ERD1235,0,54,12,0.0,0.0,0.0,0.0,0.0,19.0,1.0,Normal
HZD0429,0,1,2,0.0,0.0,0.0,0.0,0.0,0.0,1.0,Normal
JCL0446,0,12,23,0.0,0.0,0.0,2957.0,4943.0,794.0,-1.0,Anomaly
HNC0074,0,40,10,0.0,0.0,0.0,741.0,487.0,556.0,1.0,Normal
KST0924,0,1,4,0.0,0.0,0.0,0.0,0.0,73.0,1.0,Normal
KAC1774,0,951,24,0.0,0.0,0.0,893.0,1479.0,274.0,-1.0,Anomaly
WCP2123,0,1,4,0.0,0.0,0.0,0.0,0.0,143.0,1.0,Normal
DRH3557,0,68,24,0.0,0.0,0.0,0.0,0.0,415.0,1.0,Normal
BGS0751,0,1,4,0.0,0.0,0.0,0.0,0.0,104.0,1.0,Normal
KEM1208,0,1,4,0.0,0.0,0.0,826.0,2018.0,404.0,-1.0,Anomaly
CAG1644,0,1,4,0.0,0.0,0.0,0.0,0.0,0.0,1.0,Normal
LNA2543,0,1,4,0.0,0.0,0.0,0.0,0.0,20.0,1.0,Normal
KOR1163,0,108,13,0.0,0.0,0.0,170.0,259.0,90.0,1.0,Normal
RJA0402,0,51,24,0.0,0.0,0.0,0.0,0.0,70.0,1.0,Normal
ACJ0014,0,1,4,0.0,0.0,0.0,0.0,0.0,89.0,1.0,Normal
NCV0758,0,1,4,0.0,0.0,0.0,0.0,0.0,11.0,1.0,Normal
MCR3885,0,1,3,0.0,0.0,0.0,0.0,0.0,36.0,1.0,Normal
RTD0762,0,1,4,0.0,0.0,0.0,0.0,0.0,0.0,1.0,Normal
BCH1656,0,1,3,0.0,0.0,0.0,0.0,0.0,44.0,1.0,Normal
ALD3508,0,1,4,0.0,0.0,0.0,0.0,0.0,0.0,1.0,Normal
BHG0258,0,1,2,0.0,0.0,0.0,0.0,0.0,0.0,1.0,Normal
BCH1138,0,1,3,0.0,0.0,0.0,0.0,0.0,0.0,1.0,Normal
MTP2675,0,44,11,0.0,0.0,0.0,312.0,601.0,164.0,1.0,Normal
CTJ2794,0,95,12,0.0,0.0,0.0,0.0,0.0,10.0,1.0,Normal
RCF2057,0,1,4,0.0,0.0,0.0,0.0,0.0,22.0,1.0,Normal
IPS0385,0,1,10,0.0,0.0,0.0,0.0,0.0,92.0,1.0,Normal
JRR0769,0,69,10,0.0,0.0,0.0,2951.0,4933.0,738.0,-1.0,Anomaly
CJS1932,0,1,3,0.0,0.0,0.0,0.0,0.0,0.0,1.0,Normal
FYP1187,0,1,23,0.0,0.0,0.0,173.0,340.0,71.0,1.0,Normal
ETB0950,0,7,9,0.0,0.0,0.0,0.0,0.0,640.0,1.0,Normal
HJH2588,0,1,4,0.0,0.0,0.0,0.0,0.0,60.0,1.0,Normal
APC3043,0,886,24,0.0,0.0,0.0,0.0,0.0,48.0,1.0,Normal
ECA0976,0,1,3,0.0,0.0,0.0,0.0,0.0,0.0,1.0,Normal
DSD1293,0,1,4,0.0,0.0,0.0,0.0,0.0,67.0,1.0,Normal
WAH2778,0,1,10,0.0,0.0,0.0,278.0,502.0,86.0,1.0,Normal
RGB1346,0,1,10,0.0,0.0,0.0,0.0,0.0,37.0,1.0,Normal
IRP3916,0,1,12,0.0,0.0,0.0,0.0,0.0,15.0,1.0,Normal
DIP3310,0,1,10,0.0,0.0,0.0,0.0,0.0,23.0,1.0,Normal
HID1899,0,84,11,0.0,0.0,0.0,0.0,0.0,745.0,1.0,Normal
SCM2538,0,1,4,0.0,0.0,0.0,0.0,0.0,30.0,1.0,Normal
DAB0166,0,1,2,0.0,0.0,0.0,0.0,0.0,43.0,1.0,Normal
FGH1958,0,1,2,0.0,0.0,0.0,0.0,0.0,0.0,1.0,Normal
DSM2400,0,1,4,0.0,0.0,0.0,0.0,0.0,0.0,1.0,Normal
NHW0864,0,1,2,0.0,0.0,0.0,0.0,0.0,4.0,1.0,Normal
KPS0895,0,1,2,0.0,0.0,0.0,0.0,0.0,3.0,1.0,Normal
CJF1934,0,5,18,0.0,0.0,0.0,0.0,0.0,16.0,1.0,Normal
WSH1130,0,1,2,0.0,0.0,0.0,0.0,0.0,0.0,1.0,Normal
MAG2667,0,1,3,0.0,0.0,0.0,604.0,1083.0,160.0,1.0,Normal
CND3037,0,933,24,0.0,0.0,0.0,0.0,0.0,49.0,1.0,Normal
HBM2126,0,1,3,0.0,0.0,0.0,0.0,0.0,0.0,1.0,Normal
ATD0146,0,49,11,0.0,0.0,0.0,242.0,447.0,139.0,1.0,Normal
VAB1526,0,1,17,0.0,0.0,0.0,2016.0,3304.0,524.0,-1.0,Anomaly
ZCS0012,0,1,2,0.0,0.0,0.0,0.0,0.0,116.0,1.0,Normal
JMB1651,0,1,4,0.0,0.0,0.0,0.0,0.0,102.0,1.0,Normal
ECB1341,0,1,4,0.0,0.0,0.0,0.0,0.0,20.0,1.0,Normal
XHR2377,0,39,22,0.0,0.0,0.0,485.0,363.0,247.0,1.0,Normal
JQS2908,0,1,4,0.0,0.0,0.0,0.0,0.0,17.0,1.0,Normal
BBH3587,0,112,14,0.0,0.0,0.0,0.0,0.0,443.0,1.0,Normal
BXR3536,0,1,2,0.0,0.0,0.0,0.0,0.0,0.0,1.0,Normal
ABM3776,0,1,2,0.0,0.0,0.0,0.0,0.0,21.0,1.0,Normal
WDH0910,0,1,4,0.0,0.0,0.0,0.0,0.0,105.0,1.0,Normal
KMD3062,0,1,3,0.0,0.0,0.0,0.0,0.0,0.0,1.0,Normal
KCM1858,0,1,16,0.0,0.0,0.0,0.0,0.0,121.0,1.0,Normal
MMB2285,0,1,4,0.0,0.0,0.0,0.0,0.0,10.0,1.0,Normal
LGS3477,0,1,3,0.0,0.0,0.0,0.0,0.0,0.0,1.0,Normal
JGR3488,0,1,4,0.0,0.0,0.0,0.0,0.0,141.0,1.0,Normal
VAR3559,0,1,3,0.0,0.0,0.0,0.0,0.0,48.0,1.0,Normal
BCC2536,0,32,13,0.0,0.0,0.0,677.0,229.0,79.0,1.0,Normal
KOE0908,0,89,11,0.0,0.0,0.0,0.0,0.0,317.0,1.0,Normal
BBT0062,0,14,20,0.0,0.0,0.0,2745.0,4838.0,799.0,-1.0,Anomaly
WEB3897,0,1,2,0.0,0.0,0.0,0.0,0.0,0.0,1.0,Normal
PGS3797,0,1,2,0.0,0.0,0.0,0.0,0.0,0.0,1.0,Normal
AAW0894,0,65,23,0.0,0.0,0.0,0.0,0.0,16.0,1.0,Normal
DIR3921,0,1,2,0.0,0.0,0.0,0.0,0.0,13.0,1.0,Normal
ECB1683,0,27,21,0.0,0.0,0.0,129.0,224.0,50.0,1.0,Normal
CRC0595,0,1,4,0.0,0.0,0.0,0.0,0.0,0.0,1.0,Normal
DWB0238,0,27,8,0.0,0.0,0.0,0.0,0.0,33.0,1.0,Normal
IQR2187,0,24,9,0.0,0.0,0.0,0.0,0.0,15.0,1.0,Normal
NTC2663,0,35,9,0.0,0.0,0.0,105.0,189.0,78.0,1.0,Normal
STK2397,0,1,4,0.0,0.0,0.0,0.0,0.0,0.0,1.0,Normal
GAA3681,0,1,4,0.0,0.0,0.0,0.0,0.0,14.0,1.0,Normal
FCB0563,0,1,4,0.0,0.0,0.0,0.0,0.0,75.0,1.0,Normal
MKM1993,0,1,8,0.0,0.0,0.0,0.0,0.0,58.0,1.0,Normal
JYB0262,0,33,18,0.0,0.0,0.0,117.0,194.0,309.0,1.0,Normal
MDG0019,0,1,4,0.0,0.0,0.0,610.0,393.0,256.0,1.0,Normal
NGS2820,0,1,3,0.0,0.0,0.0,0.0,0.0,16.0,1.0,Normal
SBT2281,0,1,2,0.0,0.0,0.0,0.0,0.0,46.0,1.0,Normal
JLR0632,0,1,3,0.0,0.0,0.0,0.0,0.0,0.0,1.0,Normal
KCW3064,0,23,9,0.0,0.0,0.0,169.0,415.0,738.0,1.0,Normal
PLJ1771,0,432,23,0.0,0.0,0.0,1.0,1.0,22.0,1.0,Normal
GOB3528,0,1,9,0.0,0.0,0.0,0.0,0.0,473.0,1.0,Normal
JIB2606,0,106,12,0.0,0.0,0.0,0.0,0.0,100.0,1.0,Normal
BZB3532,0,1,3,0.0,0.0,0.0,0.0,0.0,14.0,1.0,Normal
DKR0860,0,9,23,0.0,0.0,0.0,0.0,0.0,37.0,1.0,Normal
JMC2911,0,1,4,0.0,0.0,0.0,0.0,0.0,18.0,1.0,Normal
GBB3816,0,1,9,0.0,0.0,0.0,0.0,0.0,4.0,1.0,Normal
LSC3979,0,1,2,0.0,0.0,0.0,0.0,0.0,20.0,1.0,Normal
BVC0009,0,1,22,0.0,0.0,0.0,0.0,0.0,1202.0,-1.0,Anomaly
FRB3653,0,24,12,0.0,0.0,0.0,733.0,1267.0,219.0,1.0,Normal
ILH0248,0,1,2,0.0,0.0,0.0,0.0,0.0,0.0,1.0,Normal
EKH2084,0,26,11,0.0,0.0,0.0,203.0,332.0,637.0,1.0,Normal
KEM0113,0,1,2,0.0,0.0,0.0,0.0,0.0,0.0,1.0,Normal
PPG2889,0,128,11,0.0,0.0,0.0,103.0,195.0,132.0,1.0,Normal
ACC2773,0,1,3,0.0,0.0,0.0,0.0,0.0,107.0,1.0,Normal
BEB1022,0,1,4,0.0,0.0,0.0,0.0,0.0,0.0,1.0,Normal
QNG2121,0,1,3,0.0,0.0,0.0,0.0,0.0,67.0,1.0,Normal
MDH1924,0,1,3,0.0,0.0,0.0,0.0,0.0,151.0,1.0,Normal
CNR1031,0,1,3,0.0,0.0,0.0,0.0,0.0,27.0,1.0,Normal
RSR2681,0,1,4,0.0,0.0,0.0,293.0,171.0,346.0,1.0,Normal
EAL3873,0,71,24,0.0,0.0,0.0,0.0,0.0,51.0,1.0,Normal
GCH0735,0,1,4,0.0,0.0,0.0,0.0,0.0,0.0,1.0,Normal
KEM2934,0,1,4,0.0,0.0,0.0,0.0,0.0,31.0,1.0,Normal
XKL1317,0,1,4,0.0,0.0,0.0,0.0,0.0,0.0,1.0,Normal
GAP0715,0,92,13,0.0,0.0,0.0,0.0,0.0,661.0,1.0,Normal
KBP0384,0,90,24,0.0,0.0,0.0,272.0,526.0,147.0,1.0,Normal
MLF2319,0,1,3,0.0,0.0,0.0,0.0,0.0,127.0,1.0,Normal
SPW0753,0,1,4,0.0,0.0,0.0,0.0,0.0,42.0,1.0,Normal
TVS0520,0,64,12,0.0,0.0,0.0,3187.0,5117.0,1038.0,-1.0,Anomaly
ACA3252,0,1,3,0.0,0.0,0.0,0.0,0.0,0.0,1.0,Normal
ENR1304,0,1,10,0.0,0.0,0.0,0.0,0.0,134.0,1.0,Normal
CKP0265,0,1,2,0.0,0.0,0.0,0.0,0.0,82.0,1.0,Normal
GLF0226,0,1,3,0.0,0.0,0.0,0.0,0.0,104.0,1.0,Normal
ABC3523,0,1,2,0.0,0.0,0.0,0.0,0.0,6.0,1.0,Normal
MWH1018,0,1,3,0.0,0.0,0.0,0.0,0.0,0.0,1.0,Normal
FDT0213,0,1,10,0.0,0.0,0.0,0.0,0.0,109.0,1.0,Normal
LPW0767,0,1,4,0.0,0.0,0.0,0.0,0.0,97.0,1.0,Normal
KEO0131,0,72,23,0.0,0.0,0.0,40.0,66.0,94.0,1.0,Normal
CDS1579,0,106,14,0.0,0.0,0.0,0.0,0.0,20.0,1.0,Normal
BGK0603,0,1,4,0.0,0.0,0.0,0.0,0.0,0.0,1.0,Normal
TWM2199,0,19,8,0.0,0.0,0.0,2606.0,4777.0,718.0,-1.0,Anomaly
WAW0422,0,1,3,0.0,0.0,0.0,0.0,0.0,14.0,1.0,Normal
MNP0955,0,1,3,0.0,0.0,0.0,0.0,0.0,0.0,1.0,Normal
KRC2935,0,55,11,0.0,0.0,0.0,0.0,0.0,52.0,1.0,Normal
DMC1438,0,1,2,0.0,0.0,0.0,0.0,0.0,75.0,1.0,Normal
TNS1233,0,1,2,0.0,0.0,0.0,0.0,0.0,29.0,1.0,Normal
GRA0329,0,1,2,0.0,0.0,0.0,0.0,0.0,74.0,1.0,Normal
DAH3331,0,1,4,0.0,0.0,0.0,0.0,0.0,0.0,1.0,Normal
BRM0843,0,1,4,0.0,0.0,0.0,0.0,0.0,5.0,1.0,Normal
SYM2379,0,1,2,0.0,0.0,0.0,0.0,0.0,164.0,1.0,Normal
ASP2895,0,1,5,0.0,0.0,0.0,0.0,0.0,0.0,1.0,Normal
MDG2418,0,19,24,0.0,0.0,0.0,0.0,0.0,30.0,1.0,Normal
BJW3558,0,1,2,0.0,0.0,0.0,0.0,0.0,0.0,1.0,Normal
UMM3017,0,1,4,0.0,0.0,0.0,0.0,0.0,60.0,1.0,Normal
DOB2696,0,1,2,0.0,0.0,0.0,0.0,0.0,53.0,1.0,Normal
BCW3480,0,1,2,0.0,0.0,0.0,0.0,0.0,0.0,1.0,Normal
HAF1891,0,1,8,0.0,0.0,0.0,0.0,0.0,5.0,1.0,Normal
DLG2673,0,1,3,0.0,0.0,0.0,0.0,0.0,13.0,1.0,Normal
SSH1845,0,1,4,0.0,0.0,0.0,0.0,0.0,180.0,1.0,Normal
ZDH2905,0,1,4,0.0,0.0,0.0,0.0,0.0,24.0,1.0,Normal
BEH2967,0,1,8,0.0,0.0,0.0,0.0,0.0,45.0,1.0,Normal
RAF3369,0,1,4,0.0,0.0,0.0,0.0,0.0,136.0,1.0,Normal
JNC2650,0,1,4,0.0,0.0,0.0,0.0,0.0,35.0,1.0,Normal
FDS0810,0,1,8,0.0,0.0,0.0,0.0,0.0,122.0,1.0,Normal
KNR3837,0,1,4,0.0,0.0,0.0,0.0,0.0,21.0,1.0,Normal
AKB2312,0,19,9,0.0,0.0,0.0,3821.0,6457.0,1028.0,-1.0,Anomaly
LGS1812,0,1,2,0.0,0.0,0.0,0.0,0.0,44.0,1.0,Normal
WFH2830,0,1,10,0.0,0.0,0.0,0.0,0.0,25.0,1.0,Normal
PIP3915,0,1,8,0.0,0.0,0.0,0.0,0.0,19.0,1.0,Normal
JAA0897,0,1,3,0.0,0.0,0.0,0.0,0.0,0.0,1.0,Normal
AJM2385,0,1,3,0.0,0.0,0.0,0.0,0.0,112.0,1.0,Normal
YSH0145,0,1,4,0.0,0.0,0.0,0.0,0.0,36.0,1.0,Normal
DPM2971,0,10,18,0.0,0.0,0.0,0.0,0.0,25.0,1.0,Normal
KZM2602,0,91,12,0.0,0.0,0.0,0.0,0.0,22.0,1.0,Normal
SJW0184,0,1,4,0.0,0.0,0.0,0.0,0.0,16.0,1.0,Normal
FCM2190,0,17,9,0.0,0.0,0.0,426.0,764.0,128.0,1.0,Normal
MKD1004,0,1,4,0.0,0.0,0.0,0.0,0.0,0.0,1.0,Normal
RJP1091,0,1,3,0.0,0.0,0.0,0.0,0.0,26.0,1.0,Normal
AGB3303,0,1,4,0.0,0.0,0.0,0.0,0.0,6.0,1.0,Normal
SFL0092,0,1,3,0.0,0.0,0.0,0.0,0.0,89.0,1.0,Normal
HJV1586,0,1,3,0.0,0.0,0.0,0.0,0.0,60.0,1.0,Normal
JTH0719,0,1,4,0.0,0.0,0.0,0.0,0.0,0.0,1.0,Normal
MDS0285,0,1,4,0.0,0.0,0.0,0.0,0.0,26.0,1.0,Normal
NKC3652,0,1,2,0.0,0.0,0.0,0.0,0.0,6.0,1.0,Normal
BOR2387,0,75,10,0.0,0.0,0.0,0.0,0.0,68.0,1.0,Normal
ATH0720,0,1,4,0.0,0.0,0.0,0.0,0.0,46.0,1.0,Normal
MHH2192,0,1,2,0.0,0.0,0.0,0.0,0.0,5.0,1.0,Normal
VTD1184,0,1,2,0.0,0.0,0.0,0.0,0.0,0.0,1.0,Normal
LJC3980,0,1,2,0.0,0.0,0.0,0.0,0.0,6.0,1.0,Normal
KCD0181,0,1,4,0.0,0.0,0.0,0.0,0.0,0.0,1.0,Normal
ADP3667,0,30,13,0.0,0.0,0.0,374.0,674.0,117.0,1.0,Normal
YJR1149,0,1,8,0.0,0.0,0.0,0.0,0.0,13.0,1.0,Normal
AHC1994,0,61,24,0.0,0.0,0.0,233.0,435.0,124.0,1.0,Normal
AHG3997,0,1,3,0.0,0.0,0.0,0.0,0.0,19.0,1.0,Normal
BJW2134,0,1,4,0.0,0.0,0.0,0.0,0.0,53.0,1.0,Normal
GCN1743,0,44,11,0.0,0.0,0.0,0.0,0.0,86.0,1.0,Normal
SMS2452,0,92,10,0.0,0.0,0.0,0.0,0.0,28.0,1.0,Normal
AHM0959,0,111,10,0.0,0.0,0.0,0.0,0.0,146.0,1.0,Normal
SOD0442,0,89,13,0.0,0.0,0.0,306.0,607.0,120.0,1.0,Normal
EPC3889,0,1,9,0.0,0.0,0.0,0.0,0.0,632.0,1.0,Normal
SRM3245,0,1,7,0.0,0.0,0.0,0.0,0.0,55.0,1.0,Normal
ACH2102,0,1,4,0.0,0.0,0.0,0.0,0.0,19.0,1.0,Normal
JJF1325,0,1,4,0.0,0.0,0.0,0.0,0.0,26.0,1.0,Normal
PWG3063,0,1,4,0.0,0.0,0.0,0.0,0.0,0.0,1.0,Normal
MNM2369,0,1,7,0.0,0.0,0.0,0.0,0.0,53.0,1.0,Normal
MDF1222,0,36,11,0.0,0.0,0.0,86.0,145.0,40.0,1.0,Normal
SKB3752,0,1,4,0.0,0.0,0.0,0.0,0.0,6.0,1.0,Normal
OCD3513,0,1,10,0.0,0.0,0.0,852.0,1486.0,276.0,1.0,Normal
LBJ1723,0,1,7,0.0,0.0,0.0,0.0,0.0,119.0,1.0,Normal
JSM3931,0,1,4,0.0,0.0,0.0,2595.0,4313.0,712.0,-1.0,Anomaly
KPS3882,0,1,8,0.0,0.0,0.0,0.0,0.0,121.0,1.0,Normal
ECM3591,0,1,2,0.0,0.0,0.0,0.0,0.0,0.0,1.0,Normal
MXR3432,0,1,8,0.0,0.0,0.0,0.0,0.0,128.0,1.0,Normal
NEE1632,0,86,10,0.0,0.0,0.0,0.0,0.0,53.0,1.0,Normal
MWG1570,0,1,18,0.0,0.0,0.0,215.0,418.0,79.0,1.0,Normal
CBJ3719,0,1,4,0.0,0.0,0.0,0.0,0.0,87.0,1.0,Normal
HRL2565,0,1,2,0.0,0.0,0.0,0.0,0.0,86.0,1.0,Normal
CTK0947,0,1,4,0.0,0.0,0.0,0.0,0.0,87.0,1.0,Normal
MNW1827,0,1,4,0.0,0.0,0.0,0.0,0.0,36.0,1.0,Normal
PDJ3711,0,1,4,0.0,0.0,0.0,0.0,0.0,91.0,1.0,Normal
INL3041,0,960,24,0.0,0.0,0.0,0.0,0.0,0.0,1.0,Normal
DEP0163,0,108,13,0.0,0.0,0.0,661.0,1140.0,532.0,1.0,Normal
ZAW3833,0,1,4,0.0,0.0,0.0,0.0,0.0,29.0,1.0,Normal
MBP1728,0,1,2,0.0,0.0,0.0,0.0,0.0,51.0,1.0,Normal
ISB0256,0,27,10,0.0,0.0,0.0,0.0,0.0,195.0,1.0,Normal
BGM2545,0,1,10,0.0,0.0,0.0,0.0,0.0,4.0,1.0,Normal
LGM2170,0,1,4,0.0,0.0,0.0,0.0,0.0,4.0,1.0,Normal
SXW0537,0,1,4,0.0,0.0,0.0,0.0,0.0,0.0,1.0,Normal
PHH1524,0,20,23,0.0,0.0,0.0,57.0,140.0,134.0,1.0,Normal
GZM3990,0,1,8,0.0,0.0,0.0,0.0,0.0,33.0,1.0,Normal
CMO2396,0,1,22,0.0,0.0,0.0,229.0,427.0,129.0,1.0,Normal
CUQ3097,0,1,4,0.0,0.0,0.0,0.0,0.0,42.0,1.0,Normal
VWB0990,0,1,8,0.0,0.0,0.0,0.0,0.0,111.0,1.0,Normal
JWM0484,0,22,10,0.0,0.0,0.0,0.0,0.0,165.0,1.0,Normal
MEM1745,0,1,4,0.0,0.0,0.0,0.0,0.0,0.0,1.0,Normal
MXG0821,0,1,4,0.0,0.0,0.0,0.0,0.0,65.0,1.0,Normal
MMR1864,0,50,10,0.0,0.0,0.0,0.0,0.0,67.0,1.0,Normal
JKF1825,0,1,4,0.0,0.0,0.0,0.0,0.0,81.0,1.0,Normal
BDM3662,0,1,10,0.0,0.0,0.0,0.0,0.0,7.0,1.0,Normal
LFB1624,0,1,10,0.0,0.0,0.0,0.0,0.0,61.0,1.0,Normal
JSO3292,0,111,12,0.0,0.0,0.0,0.0,0.0,27.0,1.0,Normal
JCC2287,0,1,9,0.0,0.0,0.0,0.0,0.0,219.0,1.0,Normal
AAF3937,0,1,4,0.0,0.0,0.0,0.0,0.0,10.0,1.0,Normal
SST1661,0,111,13,0.0,0.0,0.0,393.0,203.0,994.0,-1.0,Anomaly
ALB2395,0,1,4,0.0,0.0,0.0,0.0,0.0,72.0,1.0,Normal
CNE2161,0,1,4,0.0,0.0,0.0,886.0,1523.0,239.0,1.0,Normal
IEG3509,0,1,4,0.0,0.0,0.0,0.0,0.0,18.0,1.0,Normal
VNH1282,0,1,4,0.0,0.0,0.0,0.0,0.0,21.0,1.0,Normal
MJK0037,0,28,11,0.0,0.0,0.0,0.0,0.0,420.0,1.0,Normal
ARC2809,0,11,12,0.0,0.0,0.0,0.0,0.0,0.0,1.0,Normal
SGR0658,0,1,4,0.0,0.0,0.0,0.0,0.0,47.0,1.0,Normal
LCF1216,0,25,12,0.0,0.0,0.0,923.0,1636.0,474.0,1.0,Normal
NSE3944,0,1,4,0.0,0.0,0.0,0.0,0.0,7.0,1.0,Normal
INS3200,0,1,2,0.0,0.0,0.0,0.0,0.0,0.0,1.0,Normal
CHC0252,0,68,24,0.0,0.0,0.0,0.0,0.0,107.0,1.0,Normal
LPE0270,0,1,4,0.0,0.0,0.0,0.0,0.0,54.0,1.0,Normal
ABE2352,0,1,2,0.0,0.0,0.0,0.0,0.0,9.0,1.0,Normal
SNM1257,0,1,2,0.0,0.0,0.0,0.0,0.0,0.0,1.0,Normal
RSJ0891,0,1,4,0.0,0.0,0.0,0.0,0.0,0.0,1.0,Normal
FZB3046,0,1005,24,0.0,0.0,0.0,0.0,0.0,70.0,-1.0,Anomaly
LMS2868,0,1,10,0.0,0.0,0.0,0.0,0.0,40.0,1.0,Normal
WJM3209,0,18,9,0.0,0.0,0.0,179.0,326.0,101.0,1.0,Normal
JPF1296,0,1,4,0.0,0.0,0.0,0.0,0.0,45.0,1.0,Normal
CNC1177,0,1,4,0.0,0.0,0.0,0.0,0.0,0.0,1.0,Normal
WKF3444,0,1,2,0.0,0.0,0.0,0.0,0.0,16.0,1.0,Normal
DGQ3744,0,26,16,0.0,0.0,0.0,120.0,184.0,34.0,1.0,Normal
SSA0389,0,1,2,0.0,0.0,0.0,0.0,0.0,23.0,1.0,Normal
CWL0561,0,1,4,0.0,0.0,0.0,0.0,0.0,40.0,1.0,Normal
JCP1462,0,1,17,0.0,0.0,0.0,2905.0,5071.0,784.0,-1.0,Anomaly
KWD2589,0,1,3,0.0,0.0,0.0,0.0,0.0,0.0,1.0,Normal
SVA1742,0,1,2,0.0,0.0,0.0,0.0,0.0,103.0,1.0,Normal
ABP2917,0,1,10,0.0,0.0,0.0,733.0,1232.0,195.0,1.0,Normal
GLS1193,0,1,2,0.0,0.0,0.0,0.0,0.0,43.0,1.0,Normal
FPV3755,0,78,12,0.0,0.0,0.0,0.0,0.0,32.0,1.0,Normal
GRP1402,0,1,2,0.0,0.0,0.0,0.0,0.0,28.0,1.0,Normal
FMT2152,0,1,2,0.0,0.0,0.0,0.0,0.0,0.0,1.0,Normal
CMB2034,0,1,2,0.0,0.0,0.0,0.0,0.0,68.0,1.0,Normal
CDY3409,0,1,4,0.0,0.0,0.0,0.0,0.0,0.0,1.0,Normal
VDM2701,0,1,2,0.0,0.0,0.0,0.0,0.0,33.0,1.0,Normal
AFK3800,0,1,2,0.0,0.0,0.0,0.0,0.0,0.0,1.0,Normal
NDB0517,0,24,9,0.0,0.0,0.0,0.0,0.0,244.0,1.0,Normal
JLG3764,0,1,4,0.0,0.0,0.0,0.0,0.0,54.0,1.0,Normal
AKH0454,0,14,11,0.0,0.0,0.0,341.0,604.0,1047.0,1.0,Normal
KSF0134,0,1,3,0.0,0.0,0.0,0.0,0.0,0.0,1.0,Normal
GJD1141,0,1,10,0.0,0.0,0.0,0.0,0.0,76.0,1.0,Normal
THH2751,0,71,24,0.0,0.0,0.0,265.0,499.0,84.0,1.0,Normal
AKC1929,0,1,3,0.0,0.0,0.0,0.0,0.0,22.0,1.0,Normal
MGG1756,0,21,11,0.0,0.0,0.0,0.0,0.0,204.0,1.0,Normal
RRM3789,0,1,2,0.0,0.0,0.0,0.0,0.0,63.0,1.0,Normal
MNG3693,0,20,10,0.0,0.0,0.0,0.0,0.0,4.0,1.0,Normal
ASG0072,0,1,7,0.0,0.0,0.0,0.0,0.0,107.0,1.0,Normal
TTL3088,0,12,23,0.0,0.0,0.0,921.0,1612.0,286.0,1.0,Normal
KDW2929,0,69,24,0.0,0.0,0.0,137.0,247.0,52.0,1.0,Normal
JJH2332,0,24,9,0.0,0.0,0.0,127.0,227.0,60.0,1.0,Normal
IBM1700,0,1,2,0.0,0.0,0.0,0.0,0.0,0.0,1.0,Normal
OJV2346,0,109,11,0.0,0.0,0.0,0.0,0.0,12.0,1.0,Normal
ZHF1006,0,4,8,0.0,0.0,0.0,2946.0,4920.0,801.0,-1.0,Anomaly
HLD1270,0,1,4,0.0,0.0,0.0,0.0,0.0,44.0,1.0,Normal
DGH3295,0,1,3,0.0,0.0,0.0,0.0,0.0,0.0,1.0,Normal
KGF2552,0,24,24,0.0,0.0,0.0,0.0,0.0,90.0,1.0,Normal
VTB0576,0,1,2,0.0,0.0,0.0,0.0,0.0,0.0,1.0,Normal
CCS3575,0,1,2,0.0,0.0,0.0,0.0,0.0,45.0,1.0,Normal
SIP2907,0,1,10,0.0,0.0,0.0,0.0,0.0,31.0,1.0,Normal
VBP1871,0,7,4,0.0,0.0,0.0,0.0,0.0,115.0,1.0,Normal
CKG3838,0,1,3,0.0,0.0,0.0,0.0,0.0,43.0,1.0,Normal
MJS1251,0,1,2,0.0,0.0,0.0,0.0,0.0,14.0,1.0,Normal
BWM2339,0,57,11,0.0,0.0,0.0,95.0,156.0,150.0,1.0,Normal
KRH0589,0,1,3,0.0,0.0,0.0,0.0,0.0,34.0,1.0,Normal
WSS0820,0,1,22,0.0,0.0,0.0,627.0,1132.0,200.0,1.0,Normal
GFB1385,0,108,10,0.0,0.0,0.0,358.0,700.0,542.0,1.0,Normal
KAC0579,0,1,3,0.0,0.0,0.0,0.0,0.0,21.0,1.0,Normal
MJC1471,0,1,9,0.0,0.0,0.0,0.0,0.0,78.0,1.0,Normal
MBG3183,0,27,10,0.0,0.0,0.0,348.0,948.0,692.0,1.0,Normal
UVN0903,0,1,2,0.0,0.0,0.0,0.0,0.0,9.0,1.0,Normal
UMH3826,0,1,3,0.0,0.0,0.0,0.0,0.0,0.0,1.0,Normal
CJH3136,0,1,10,0.0,0.0,0.0,0.0,0.0,735.0,1.0,Normal
BZC3956,0,1,9,0.0,0.0,0.0,0.0,0.0,0.0,1.0,Normal
AAD3030,0,1,4,0.0,0.0,0.0,0.0,0.0,211.0,1.0,Normal
OCS1541,0,1,9,0.0,0.0,0.0,0.0,0.0,18.0,1.0,Normal
SMW2062,0,1,2,0.0,0.0,0.0,0.0,0.0,44.0,1.0,Normal
LMH2801,0,1,3,0.0,0.0,0.0,0.0,0.0,15.0,1.0,Normal
GGH1726,0,1,4,0.0,0.0,0.0,0.0,0.0,0.0,1.0,Normal
GCK2071,0,1,2,0.0,0.0,0.0,0.0,0.0,0.0,1.0,Normal
RAH2750,0,1,3,0.0,0.0,0.0,0.0,0.0,55.0,1.0,Normal
XAH2479,0,1,2,0.0,0.0,0.0,0.0,0.0,0.0,1.0,Normal
NHG3810,0,1,2,0.0,0.0,0.0,0.0,0.0,20.0,1.0,Normal
HBS0255,0,1,4,0.0,0.0,0.0,0.0,0.0,51.0,1.0,Normal
HOJ2172,0,1,4,0.0,0.0,0.0,0.0,0.0,0.0,1.0,Normal
KNH1985,0,1,2,0.0,0.0,0.0,0.0,0.0,0.0,1.0,Normal
KBG2061,0,17,10,0.0,0.0,0.0,0.0,0.0,412.0,1.0,Normal
HSS3959,0,1,4,0.0,0.0,0.0,0.0,0.0,0.0,1.0,Normal
SCH3567,0,1,2,0.0,0.0,0.0,0.0,0.0,28.0,1.0,Normal
DLR1423,0,1,2,0.0,0.0,0.0,0.0,0.0,0.0,1.0,Normal
JRR0459,0,1007,24,0.0,0.0,0.0,0.0,0.0,480.0,-1.0,Anomaly
ZHH3206,0,1,2,0.0,0.0,0.0,0.0,0.0,44.0,1.0,Normal
LRP2591,0,1,4,0.0,0.0,0.0,0.0,0.0,13.0,1.0,Normal
LMF0670,0,1,4,0.0,0.0,0.0,0.0,0.0,9.0,1.0,Normal
JAD3672,0,1,4,0.0,0.0,0.0,0.0,0.0,0.0,1.0,Normal
NSR2539,0,3,17,0.0,0.0,0.0,390.0,832.0,179.0,1.0,Normal
MVA3761,0,1,4,0.0,0.0,0.0,0.0,0.0,16.0,1.0,Normal
JLL1204,0,1,4,0.0,0.0,0.0,0.0,0.0,14.0,1.0,Normal
SCC0067,0,1,8,0.0,0.0,0.0,0.0,0.0,57.0,1.0,Normal
ABK3081,0,52,24,0.0,0.0,0.0,199.0,398.0,74.0,1.0,Normal
SRS0129,0,28,10,0.0,0.0,0.0,0.0,0.0,290.0,1.0,Normal
IMC3296,0,102,12,0.0,0.0,0.0,4309.0,6823.0,1135.0,-1.0,Anomaly
KKB1088,0,1,3,0.0,0.0,0.0,1121.0,1837.0,326.0,-1.0,Anomaly
YYD3518,0,1,4,0.0,0.0,0.0,0.0,0.0,15.0,1.0,Normal
TCM2403,0,29,11,0.0,0.0,0.0,367.0,619.0,116.0,1.0,Normal
PJP2632,0,1,10,0.0,0.0,0.0,0.0,0.0,65.0,1.0,Normal
BAA2451,0,1,2,0.0,0.0,0.0,0.0,0.0,25.0,1.0,Normal
ROR3483,0,1,4,0.0,0.0,0.0,277.0,516.0,99.0,1.0,Normal
KGD2603,0,1,4,0.0,0.0,0.0,0.0,0.0,15.0,1.0,Normal
RWS3699,0,96,24,0.0,0.0,0.0,148.0,256.0,54.0,1.0,Normal
JDR0436,0,1,4,0.0,0.0,0.0,0.0,0.0,0.0,1.0,Normal
RLS0761,0,1,4,0.0,0.0,0.0,0.0,0.0,40.0,1.0,Normal
GWM1366,0,1,3,0.0,0.0,0.0,0.0,0.0,61.0,1.0,Normal
IJS1090,0,1,3,0.0,0.0,0.0,0.0,0.0,24.0,1.0,Normal
JCG1982,0,1,2,0.0,0.0,0.0,0.0,0.0,110.0,1.0,Normal
DIA0731,0,1,4,0.0,0.0,0.0,0.0,0.0,0.0,1.0,Normal
NMS1493,0,1,4,0.0,0.0,0.0,0.0,0.0,0.0,1.0,Normal
GSA3815,0,1,2,0.0,0.0,0.0,2973.0,5071.0,781.0,-1.0,Anomaly
GSC0530,0,85,24,0.0,0.0,0.0,944.0,1576.0,257.0,1.0,Normal
BDJ3001,0,26,11,0.0,0.0,0.0,1953.0,720.0,685.0,-1.0,Anomaly
COB0461,0,594,24,0.0,0.0,0.0,0.0,0.0,17.0,1.0,Normal
HCR3675,0,1,4,0.0,0.0,0.0,0.0,0.0,17.0,1.0,Normal
AIY3991,0,1,7,0.0,0.0,0.0,0.0,0.0,4.0,1.0,Normal
TAC3425,0,1,3,0.0,0.0,0.0,0.0,0.0,18.0,1.0,Normal
RAP0653,0,1,4,0.0,0.0,0.0,0.0,0.0,47.0,1.0,Normal
RPL2640,0,1,4,0.0,0.0,0.0,0.0,0.0,68.0,1.0,Normal
CJH2330,0,1,15,0.0,0.0,0.0,0.0,0.0,242.0,1.0,Normal
JNR1694,0,1,4,0.0,0.0,0.0,0.0,0.0,53.0,1.0,Normal
AMO0582,0,1,3,0.0,0.0,0.0,0.0,0.0,20.0,1.0,Normal
LLT0291,0,1,17,0.0,0.0,0.0,3317.0,6045.0,992.0,-1.0,Anomaly
CKH0705,0,28,8,0.0,0.0,0.0,0.0,0.0,15.0,1.0,Normal
OMM0835,0,1,4,0.0,0.0,0.0,0.0,0.0,43.0,1.0,Normal
BRD3314,0,1,4,0.0,0.0,0.0,45.0,82.0,38.0,1.0,Normal
CKC3767,0,1,4,0.0,0.0,0.0,0.0,0.0,0.0,1.0,Normal
ILY3152,0,41,22,0.0,0.0,0.0,2830.0,4812.0,724.0,-1.0,Anomaly
MLP3859,0,1,4,0.0,0.0,0.0,0.0,0.0,30.0,1.0,Normal
DTL2891,0,66,24,0.0,0.0,0.0,203.0,374.0,93.0,1.0,Normal
PGF3491,0,1,15,0.0,0.0,0.0,2759.0,4638.0,731.0,-1.0,Anomaly
MMR1435,0,29,21,0.0,0.0,0.0,0.0,0.0,42.0,1.0,Normal
ACM3964,0,1,8,0.0,0.0,0.0,0.0,0.0,28.0,1.0,Normal
LLS0222,0,1,3,0.0,0.0,0.0,0.0,0.0,49.0,1.0,Normal
LAH0524,0,1,3,0.0,0.0,0.0,0.0,0.0,100.0,1.0,Normal
EKS3724,0,1,21,0.0,0.0,0.0,0.0,0.0,21.0,1.0,Normal
OED3393,0,1,10,0.0,0.0,0.0,202.0,373.0,71.0,1.0,Normal
JBB0847,0,68,13,0.0,0.0,0.0,65.0,145.0,31.0,1.0,Normal
MRS0409,0,28,10,0.0,0.0,0.0,466.0,883.0,196.0,1.0,Normal
KBW1629,0,1,4,0.0,0.0,0.0,0.0,0.0,17.0,1.0,Normal
SLV2969,0,38,9,0.0,0.0,0.0,0.0,0.0,433.0,1.0,Normal
NWV0966,0,1,4,0.0,0.0,0.0,0.0,0.0,0.0,1.0,Normal
CSM1554,0,74,14,0.0,0.0,0.0,161.0,247.0,53.0,1.0,Normal
KKM0624,0,11,11,0.0,0.0,0.0,0.0,0.0,27.0,1.0,Normal
SJH0945,0,1,2,0.0,0.0,0.0,0.0,0.0,12.0,1.0,Normal
FDF3743,0,111,12,0.0,0.0,0.0,0.0,0.0,19.0,1.0,Normal
SYF1650,0,1,3,0.0,0.0,0.0,0.0,0.0,100.0,1.0,Normal
FLS0231,0,1,3,0.0,0.0,0.0,0.0,0.0,0.0,1.0,Normal
MFD2890,0,1,11,0.0,0.0,0.0,0.0,0.0,24.0,1.0,Normal
JDM0165,0,1,2,0.0,0.0,0.0,0.0,0.0,39.0,1.0,Normal
LOR1044,0,130,21,0.0,0.0,0.0,0.0,0.0,3.0,1.0,Normal
MIA0939,0,1,2,0.0,0.0,0.0,0.0,0.0,0.0,1.0,Normal
BBB3612,0,1,4,0.0,0.0,0.0,0.0,0.0,10.0,1.0,Normal
SHP1418,0,108,24,0.0,0.0,0.0,642.0,1046.0,180.0,1.0,Normal
CCL3272,0,1,3,0.0,0.0,0.0,0.0,0.0,3.0,1.0,Normal
SWO3258,0,1,19,0.0,0.0,0.0,31.0,73.0,18.0,1.0,Normal
UNB3986,0,1,2,0.0,0.0,0.0,0.0,0.0,0.0,1.0,Normal
ARB2515,0,1,4,0.0,0.0,0.0,0.0,0.0,38.0,1.0,Normal
GKW2306,0,1,4,0.0,0.0,0.0,0.0,0.0,10.0,1.0,Normal
KWC3812,0,1,22,0.0,0.0,0.0,433.0,739.0,139.0,1.0,Normal
AAP1919,0,89,11,0.0,0.0,0.0,144.0,245.0,50.0,1.0,Normal
TPF1663,0,1,4,0.0,0.0,0.0,0.0,0.0,139.0,1.0,Normal
BEH0103,0,37,24,0.0,0.0,0.0,193.0,364.0,90.0,1.0,Normal
GTC0747,0,49,11,0.0,0.0,0.0,416.0,673.0,117.0,1.0,Normal
AYS1628,0,53,10,0.0,0.0,0.0,950.0,1611.0,240.0,1.0,Normal
FBY1064,0,1,4,0.0,0.0,0.0,0.0,0.0,12.0,1.0,Normal
PMA2693,0,1,4,0.0,0.0,0.0,0.0,0.0,73.0,1.0,Normal
GER1997,0,19,23,0.0,0.0,0.0,0.0,0.0,46.0,1.0,Normal
RPC0205,0,1,19,0.0,0.0,0.0,0.0,0.0,176.0,1.0,Normal
LNM1879,0,1,2,0.0,0.0,0.0,908.0,1664.0,801.0,-1.0,Anomaly
JAB3656,0,14,23,0.0,0.0,0.0,859.0,1451.0,218.0,1.0,Normal
WLL1133,0,1,3,0.0,0.0,0.0,0.0,0.0,65.0,1.0,Normal
AOD2178,0,1,2,0.0,0.0,0.0,0.0,0.0,28.0,1.0,Normal
CBM2858,0,68,11,0.0,0.0,0.0,0.0,0.0,77.0,1.0,Normal
JJH1818,0,1,2,0.0,0.0,0.0,0.0,0.0,63.0,1.0,Normal
HKK2716,0,22,9,0.0,0.0,0.0,52.0,103.0,604.0,1.0,Normal
RIB1582,0,1,10,0.0,0.0,0.0,0.0,0.0,103.0,1.0,Normal
JAS1907,0,1,7,0.0,0.0,0.0,0.0,0.0,166.0,1.0,Normal
WSA1765,0,931,24,0.0,0.0,0.0,853.0,1427.0,493.0,-1.0,Anomaly
NNP0229,0,21,12,0.0,0.0,0.0,0.0,0.0,55.0,1.0,Normal
XAR1011,0,1,2,0.0,0.0,0.0,0.0,0.0,39.0,1.0,Normal
RLB1334,0,118,10,0.0,0.0,0.0,591.0,416.0,577.0,1.0,Normal
HJD3439,0,41,10,0.0,0.0,0.0,160.0,249.0,62.0,1.0,Normal
WAH3836,0,1,2,0.0,0.0,0.0,0.0,0.0,35.0,1.0,Normal
VAD2639,0,1,17,0.0,0.0,0.0,0.0,0.0,0.0,1.0,Normal
GIB0207,0,1,4,0.0,0.0,0.0,0.0,0.0,0.0,1.0,Normal
DJR2389,0,1,4,0.0,0.0,0.0,0.0,0.0,13.0,1.0,Normal
PEB3161,0,1,4,0.0,0.0,0.0,0.0,0.0,31.0,1.0,Normal
BHS1917,0,1,2,0.0,0.0,0.0,0.0,0.0,59.0,1.0,Normal
DKS1509,0,1,4,0.0,0.0,0.0,0.0,0.0,0.0,1.0,Normal
KMS1530,0,1,8,0.0,0.0,0.0,0.0,0.0,24.0,1.0,Normal
SHS3176,0,1,4,0.0,0.0,0.0,0.0,0.0,123.0,1.0,Normal
SGM2153,0,1,4,0.0,0.0,0.0,0.0,0.0,11.0,1.0,Normal
GNG2812,0,1,4,0.0,0.0,0.0,0.0,0.0,0.0,1.0,Normal
BRS0333,0,1,3,0.0,0.0,0.0,0.0,0.0,41.0,1.0,Normal
DAS3775,0,1,2,0.0,0.0,0.0,353.0,622.0,111.0,1.0,Normal
TMC3659,0,151,12,0.0,0.0,0.0,351.0,557.0,233.0,1.0,Normal
YKM3542,0,109,19,0.0,0.0,0.0,0.0,0.0,54.0,1.0,Normal
PMG2513,0,1,3,0.0,0.0,0.0,0.0,0.0,0.0,1.0,Normal
ATR1677,0,76,12,0.0,0.0,0.0,0.0,0.0,43.0,1.0,Normal
MJB3866,0,1,4,0.0,0.0,0.0,0.0,0.0,34.0,1.0,Normal
VJM1336,0,1,4,0.0,0.0,0.0,0.0,0.0,43.0,1.0,Normal
AHC3277,0,1,3,0.0,0.0,0.0,0.0,0.0,2.0,1.0,Normal
RCV1311,0,1,4,0.0,0.0,0.0,0.0,0.0,72.0,1.0,Normal
VKM2376,0,26,10,0.0,0.0,0.0,0.0,0.0,165.0,1.0,Normal
JMG3704,0,1,3,0.0,0.0,0.0,0.0,0.0,12.0,1.0,Normal
SCF0330,0,1,2,0.0,0.0,0.0,0.0,0.0,13.0,1.0,Normal
NNB3989,0,1,3,0.0,0.0,0.0,0.0,0.0,0.0,1.0,Normal
BCS2912,0,1,9,0.0,0.0,0.0,0.0,0.0,21.0,1.0,Normal
RDF1248,0,1,10,0.0,0.0,0.0,0.0,0.0,54.0,1.0,Normal
ARH2262,0,1,2,0.0,0.0,0.0,0.0,0.0,26.0,1.0,Normal
KNM1318,0,1,4,0.0,0.0,0.0,0.0,0.0,17.0,1.0,Normal
HDP1890,0,49,24,0.0,0.0,0.0,0.0,0.0,223.0,1.0,Normal
KSS2068,0,1,2,0.0,0.0,0.0,0.0,0.0,66.0,1.0,Normal
RGM3111,0,1,3,0.0,0.0,0.0,0.0,0.0,101.0,1.0,Normal
FAW1969,0,34,13,0.0,0.0,0.0,0.0,0.0,373.0,1.0,Normal
DAR0388,0,37,16,0.0,0.0,0.0,0.0,0.0,476.0,1.0,Normal
MCT1067,0,1,3,0.0,0.0,0.0,0.0,0.0,18.0,1.0,Normal
ASS0280,0,1,10,0.0,0.0,0.0,0.0,0.0,41.0,1.0,Normal
NOD1261,0,1,2,0.0,0.0,0.0,0.0,0.0,18.0,1.0,Normal
ENS1748,0,1,10,0.0,0.0,0.0,1292.0,2225.0,445.0,1.0,Normal
EPI3052,0,935,24,0.0,0.0,0.0,863.0,1448.0,293.0,-1.0,Anomaly
AGS0063,0,1,3,0.0,0.0,0.0,0.0,0.0,45.0,1.0,Normal
RCS2064,0,109,11,0.0,0.0,0.0,139.0,264.0,507.0,1.0,Normal
SED0972,0,1,4,0.0,0.0,0.0,0.0,0.0,0.0,1.0,Normal
AID2774,0,83,12,0.0,0.0,0.0,0.0,0.0,12.0,1.0,Normal
APS1968,0,1,4,0.0,0.0,0.0,36.0,74.0,69.0,1.0,Normal
DBR1798,0,1,2,0.0,0.0,0.0,0.0,0.0,55.0,1.0,Normal
BWK0172,0,1,2,0.0,0.0,0.0,0.0,0.0,130.0,1.0,Normal
CSB0827,0,1,4,0.0,0.0,0.0,0.0,0.0,0.0,1.0,Normal
ASH1710,0,1,4,0.0,0.0,0.0,0.0,0.0,45.0,1.0,Normal
KOB2624,0,1,4,0.0,0.0,0.0,0.0,0.0,0.0,1.0,Normal
DEL0913,0,1,4,0.0,0.0,0.0,0.0,0.0,91.0,1.0,Normal
OKG1889,0,86,23,0.0,0.0,0.0,619.0,1046.0,179.0,1.0,Normal
WZR3948,0,16,11,0.0,0.0,0.0,1991.0,3380.0,563.0,-1.0,Anomaly
IHD1978,0,1,2,0.0,0.0,0.0,0.0,0.0,0.0,1.0,Normal
MMC1084,0,29,11,0.0,0.0,0.0,246.0,435.0,95.0,1.0,Normal
BLY1039,0,1,3,0.0,0.0,0.0,0.0,0.0,94.0,1.0,Normal
YCL2166,0,1,4,0.0,0.0,0.0,0.0,0.0,0.0,1.0,Normal
NHV2004,0,23,12,0.0,0.0,0.0,0.0,0.0,10.0,1.0,Normal
BNL1652,0,1,5,0.0,0.0,0.0,0.0,0.0,0.0,1.0,Normal
VHH0485,0,1,3,0.0,0.0,0.0,0.0,0.0,7.0,1.0,Normal
LXS0332,0,126,11,0.0,0.0,0.0,0.0,0.0,127.0,1.0,Normal
GLG1573,0,32,14,0.0,0.0,0.0,0.0,0.0,28.0,1.0,Normal
RCG1241,0,1,4,0.0,0.0,0.0,0.0,0.0,0.0,1.0,Normal
MJP2421,0,1,4,0.0,0.0,0.0,0.0,0.0,0.0,1.0,Normal
DNN0488,0,1,3,0.0,0.0,0.0,0.0,0.0,0.0,1.0,Normal
WVD0570,0,1,4,0.0,0.0,0.0,0.0,0.0,45.0,1.0,Normal
EJP2315,0,1,3,0.0,0.0,0.0,0.0,0.0,0.0,1.0,Normal
HKW2615,0,1,7,0.0,0.0,0.0,0.0,0.0,636.0,1.0,Normal
SGB1636,0,1,4,0.0,0.0,0.0,0.0,0.0,33.0,1.0,Normal
SZB0321,0,1,4,0.0,0.0,0.0,0.0,0.0,41.0,1.0,Normal
YLL0795,0,1,8,0.0,0.0,0.0,370.0,198.0,642.0,1.0,Normal
JKC2754,0,106,24,0.0,0.0,0.0,699.0,1178.0,188.0,1.0,Normal
MNS1394,0,1,7,0.0,0.0,0.0,0.0,0.0,161.0,1.0,Normal
TWM0837,0,1,4,0.0,0.0,0.0,0.0,0.0,10.0,1.0,Normal
RSS0875,0,1,7,0.0,0.0,0.0,150.0,216.0,48.0,1.0,Normal
XAB0627,0,1,10,0.0,0.0,0.0,182.0,213.0,520.0,1.0,Normal
DNV1964,0,65,23,0.0,0.0,0.0,0.0,0.0,47.0,1.0,Normal
MAC2962,0,1,4,0.0,0.0,0.0,0.0,0.0,157.0,1.0,Normal
WIB3670,0,1,4,0.0,0.0,0.0,0.0,0.0,7.0,1.0,Normal
JBB3280,0,1,3,0.0,0.0,0.0,0.0,0.0,0.0,1.0,Normal
PHB2209,0,1,4,0.0,0.0,0.0,0.0,0.0,8.0,1.0,Normal
WOL3226,0,104,12,0.0,0.0,0.0,743.0,668.0,926.0,-1.0,Anomaly
RUB1156,0,59,13,0.0,0.0,0.0,0.0,0.0,91.0,1.0,Normal
SRB2276,0,116,11,0.0,0.0,0.0,330.0,539.0,121.0,1.0,Normal
AIB3416,0,105,10,0.0,0.0,0.0,212.0,395.0,149.0,1.0,Normal
DAE1437,0,126,11,0.0,0.0,0.0,0.0,0.0,51.0,1.0,Normal
SCH3858,0,1,4,0.0,0.0,0.0,0.0,0.0,70.0,1.0,Normal
FKS0094,0,1,7,0.0,0.0,0.0,0.0,0.0,132.0,1.0,Normal
CIH0995,0,104,10,0.0,0.0,0.0,54.0,127.0,106.0,1.0,Normal
LAN1329,0,1,9,0.0,0.0,0.0,57.0,96.0,207.0,1.0,Normal
NCB2660,0,1,4,0.0,0.0,0.0,0.0,0.0,14.0,1.0,Normal
YDM3898,0,40,11,0.0,0.0,0.0,0.0,0.0,30.0,1.0,Normal
LMW2320,0,1,3,0.0,0.0,0.0,0.0,0.0,0.0,1.0,Normal
NPK0369,0,1,2,0.0,0.0,0.0,0.0,0.0,0.0,1.0,Normal
DMB1429,0,108,11,0.0,0.0,0.0,696.0,1177.0,229.0,1.0,Normal
KMB1761,0,945,24,0.0,0.0,0.0,0.0,0.0,0.0,1.0,Normal
TWK1773,0,919,24,0.0,0.0,0.0,0.0,0.0,40.0,1.0,Normal
ATR2560,0,1,2,0.0,0.0,0.0,0.0,0.0,0.0,1.0,Normal
HNB3661,0,109,13,0.0,0.0,0.0,0.0,0.0,16.0,1.0,Normal
GJG0170,0,1,4,0.0,0.0,0.0,0.0,0.0,0.0,1.0,Normal
ABG2353,0,1,2,0.0,0.0,0.0,0.0,0.0,16.0,1.0,Normal
BAT3066,0,107,9,0.0,0.0,0.0,0.0,0.0,148.0,1.0,Normal
NKM2195,0,31,9,0.0,0.0,0.0,0.0,0.0,11.0,1.0,Normal
KTL3785,0,1,4,0.0,0.0,0.0,0.0,0.0,0.0,1.0,Normal
WJR3544,0,1,3,0.0,0.0,0.0,0.0,0.0,0.0,1.0,Normal
AJM0243,0,1,4,0.0,0.0,0.0,0.0,0.0,0.0,1.0,Normal
TND0324,0,1,4,0.0,0.0,0.0,0.0,0.0,58.0,1.0,Normal
LDB3087,0,1,10,0.0,0.0,0.0,0.0,0.0,98.0,1.0,Normal
WMR2625,0,1,4,0.0,0.0,0.0,0.0,0.0,29.0,1.0,Normal
BRH2866,0,1,4,0.0,0.0,0.0,0.0,0.0,0.0,1.0,Normal
AVS2317,0,14,11,0.0,0.0,0.0,144.0,250.0,123.0,1.0,Normal
NWH2076,0,1,4,0.0,0.0,0.0,0.0,0.0,0.0,1.0,Normal
ISG2025,0,1,2,0.0,0.0,0.0,0.0,0.0,0.0,1.0,Normal
SRB2600,0,20,12,0.0,0.0,0.0,2095.0,3514.0,592.0,-1.0,Anomaly
CRH3848,0,1,4,0.0,0.0,0.0,0.0,0.0,51.0,1.0,Normal
VRB3401,0,1,4,0.0,0.0,0.0,0.0,0.0,49.0,1.0,Normal
CWH3033,0,1,4,0.0,0.0,0.0,0.0,0.0,91.0,1.0,Normal
JDM1042,0,22,24,0.0,0.0,0.0,3661.0,6793.0,1842.0,-1.0,Anomaly
GLM3106,0,1,4,0.0,0.0,0.0,0.0,0.0,40.0,1.0,Normal
MGS2159,0,1,4,0.0,0.0,0.0,0.0,0.0,0.0,1.0,Normal
KAW3589,0,1,3,0.0,0.0,0.0,0.0,0.0,0.0,1.0,Normal
TLP1231,0,1,7,0.0,0.0,0.0,0.0,0.0,31.0,1.0,Normal
GCP2425,0,946,24,0.0,0.0,0.0,0.0,0.0,141.0,-1.0,Anomaly
TDM2859,0,1,4,0.0,0.0,0.0,0.0,0.0,39.0,1.0,Normal
ARS3506,0,1,4,0.0,0.0,0.0,0.0,0.0,52.0,1.0,Normal
TTP2417,0,1,2,0.0,0.0,0.0,0.0,0.0,33.0,1.0,Normal
CLH0733,0,1,4,0.0,0.0,0.0,0.0,0.0,0.0,1.0,Normal
JMS0149,0,1,5,0.0,0.0,0.0,0.0,0.0,0.0,1.0,Normal
NSC3036,0,917,24,0.0,0.0,0.0,0.0,0.0,256.0,-1.0,Anomaly
ATH0225,0,58,10,0.0,0.0,0.0,1939.0,505.0,602.0,-1.0,Anomaly
RPW0026,0,1,4,0.0,0.0,0.0,0.0,0.0,0.0,1.0,Normal
SWG1391,0,1,2,0.0,0.0,0.0,0.0,0.0,27.0,1.0,Normal
KMR2232,0,1,10,0.0,0.0,0.0,0.0,0.0,8.0,1.0,Normal
XSR3526,0,1,3,0.0,0.0,0.0,0.0,0.0,43.0,1.0,Normal
BDJ3326,0,1,8,0.0,0.0,0.0,786.0,1275.0,191.0,1.0,Normal
TWF1072,0,1,3,0.0,0.0,0.0,0.0,0.0,0.0,1.0,Normal
QKO2718,0,1,3,0.0,0.0,0.0,896.0,570.0,454.0,-1.0,Anomaly
LDW1472,0,1,3,0.0,0.0,0.0,0.0,0.0,14.0,1.0,Normal
TCN1687,0,35,6,0.0,0.0,0.0,0.0,0.0,0.0,1.0,Normal
DTU3804,0,1,8,0.0,0.0,0.0,0.0,0.0,101.0,1.0,Normal
AFP2247,0,1,4,0.0,0.0,0.0,0.0,0.0,17.0,1.0,Normal
ALS2669,0,1,4,0.0,0.0,0.0,0.0,0.0,35.0,1.0,Normal
KJC1419,0,101,11,0.0,0.0,0.0,0.0,0.0,96.0,1.0,Normal
SDR1227,0,1,2,0.0,0.0,0.0,0.0,0.0,0.0,1.0,Normal
ZMH1543,0,1,3,0.0,0.0,0.0,0.0,0.0,12.0,1.0,Normal
JSH1070,0,1,3,0.0,0.0,0.0,0.0,0.0,22.0,1.0,Normal
AFH1757,0,1,4,0.0,0.0,0.0,0.0,0.0,133.0,1.0,Normal
DMD0486,0,1,4,0.0,0.0,0.0,0.0,0.0,16.0,1.0,Normal
OHG3736,0,1,4,0.0,0.0,0.0,0.0,0.0,154.0,1.0,Normal
GCT3750,0,1,4,0.0,0.0,0.0,0.0,0.0,30.0,1.0,Normal
DFW1467,0,1,3,0.0,0.0,0.0,0.0,0.0,105.0,1.0,Normal
NOE2965,0,1,9,0.0,0.0,0.0,458.0,820.0,138.0,1.0,Normal
SCE1877,0,25,10,0.0,0.0,0.0,43.0,59.0,452.0,1.0,Normal
IGP2254,0,106,11,0.0,0.0,0.0,1176.0,2006.0,315.0,-1.0,Anomaly
IAR3996,0,1,2,0.0,0.0,0.0,0.0,0.0,18.0,1.0,Normal
MTN1330,0,1,4,0.0,0.0,0.0,0.0,0.0,0.0,1.0,Normal
GEK3441,0,1,2,0.0,0.0,0.0,0.0,0.0,0.0,1.0,Normal
SBK3515,0,1,4,0.0,0.0,0.0,0.0,0.0,0.0,1.0,Normal
XKW1135,0,71,9,0.0,0.0,0.0,0.0,0.0,28.0,1.0,Normal
SKA0757,0,1,4,0.0,0.0,0.0,0.0,0.0,0.0,1.0,Normal
JEV3132,0,38,24,0.0,0.0,0.0,0.0,0.0,93.0,1.0,Normal
SER0621,0,1,18,0.0,0.0,0.0,0.0,0.0,370.0,1.0,Normal
LSL0337,0,1,2,0.0,0.0,0.0,0.0,0.0,7.0,1.0,Normal
JYM3047,0,931,24,0.0,0.0,0.0,0.0,0.0,55.0,1.0,Normal
ASD0993,0,1,4,0.0,0.0,0.0,0.0,0.0,0.0,1.0,Normal
SAP1888,0,1,4,0.0,0.0,0.0,0.0,0.0,0.0,1.0,Normal
XCJ0023,0,1,3,0.0,0.0,0.0,0.0,0.0,0.0,1.0,Normal
OJR2085,0,1,10,0.0,0.0,0.0,749.0,1394.0,246.0,1.0,Normal
LEM1913,0,1,2,0.0,0.0,0.0,0.0,0.0,75.0,1.0,Normal
LJC0191,0,81,13,0.0,0.0,0.0,2364.0,3933.0,613.0,-1.0,Anomaly
JBS1291,0,1,4,0.0,0.0,0.0,0.0,0.0,0.0,1.0,Normal
JHK1849,0,99,24,0.0,0.0,0.0,0.0,0.0,83.0,1.0,Normal
DPF3215,0,1,8,0.0,0.0,0.0,0.0,0.0,47.0,1.0,Normal
CWA2554,0,30,11,0.0,0.0,0.0,296.0,488.0,105.0,1.0,Normal
NIR3139,0,1,10,0.0,0.0,0.0,0.0,0.0,21.0,1.0,Normal
JAM2248,0,1,4,0.0,0.0,0.0,0.0,0.0,0.0,1.0,Normal
MSR2202,0,1,2,0.0,0.0,0.0,0.0,0.0,6.0,1.0,Normal
GOR0861,0,1,3,0.0,0.0,0.0,0.0,0.0,8.0,1.0,Normal
PWM0708,0,1,8,0.0,0.0,0.0,411.0,732.0,155.0,1.0,Normal
AAD2188,0,1,2,0.0,0.0,0.0,0.0,0.0,7.0,1.0,Normal
SSR1962,0,91,12,0.0,0.0,0.0,0.0,0.0,96.0,1.0,Normal
PMT2264,0,1,2,0.0,0.0,0.0,0.0,0.0,53.0,1.0,Normal
DHK0367,0,12,13,0.0,0.0,0.0,0.0,0.0,463.0,1.0,Normal
MAL0434,0,1,4,0.0,0.0,0.0,0.0,0.0,44.0,1.0,Normal
LMB3241,0,1,4,0.0,0.0,0.0,0.0,0.0,0.0,1.0,Normal
DGE3194,0,1,3,0.0,0.0,0.0,0.0,0.0,0.0,1.0,Normal
BNS2384,0,1,2,0.0,0.0,0.0,0.0,0.0,61.0,1.0,Normal
CIS3505,0,1,4,0.0,0.0,0.0,0.0,0.0,35.0,1.0,Normal
UAS2829,0,1,4,0.0,0.0,0.0,0.0,0.0,8.0,1.0,Normal
CSC3074,0,1,3,0.0,0.0,0.0,0.0,0.0,0.0,1.0,Normal
KCM0806,0,1,4,0.0,0.0,0.0,0.0,0.0,34.0,1.0,Normal
TDH0989,0,1,7,0.0,0.0,0.0,172.0,363.0,141.0,1.0,Normal
CSL0428,0,1,22,0.0,0.0,0.0,726.0,1202.0,210.0,1.0,Normal
LBG1670,0,1,10,0.0,0.0,0.0,0.0,0.0,247.0,1.0,Normal
DCW2405,0,55,11,0.0,0.0,0.0,0.0,0.0,121.0,1.0,Normal
LDN2514,0,108,24,0.0,0.0,0.0,99.0,166.0,67.0,1.0,Normal
ZIR1732,0,1,2,0.0,0.0,0.0,0.0,0.0,0.0,1.0,Normal
MEB3004,0,1,3,0.0,0.0,0.0,0.0,0.0,0.0,1.0,Normal
NEH1185,0,1,2,0.0,0.0,0.0,0.0,0.0,0.0,1.0,Normal
PHO1937,0,87,10,0.0,0.0,0.0,0.0,0.0,168.0,1.0,Normal
OAP2825,0,76,12,0.0,0.0,0.0,309.0,787.0,236.0,1.0,Normal
DKF2721,0,1,3,0.0,0.0,0.0,0.0,0.0,36.0,1.0,Normal
ZGP2957,0,29,11,0.0,0.0,0.0,0.0,0.0,274.0,1.0,Normal
CAP2283,0,1,9,0.0,0.0,0.0,0.0,0.0,61.0,1.0,Normal
DJC0073,0,1,4,0.0,0.0,0.0,0.0,0.0,0.0,1.0,Normal
ANB0938,0,1,9,0.0,0.0,0.0,0.0,0.0,32.0,1.0,Normal
SOB0089,0,1,4,0.0,0.0,0.0,122.0,203.0,47.0,1.0,Normal
JBW0109,0,84,23,0.0,0.0,0.0,0.0,0.0,85.0,1.0,Normal
DAM2837,0,1,4,0.0,0.0,0.0,0.0,0.0,2.0,1.0,Normal
SSL2271,0,104,11,0.0,0.0,0.0,1071.0,1841.0,376.0,-1.0,Anomaly
DJF2329,0,84,11,0.0,0.0,0.0,203.0,340.0,130.0,1.0,Normal
BJF0511,0,1,16,0.0,0.0,0.0,0.0,0.0,23.0,1.0,Normal
LTH1795,0,21,9,0.0,0.0,0.0,113.0,182.0,89.0,1.0,Normal
ADH0975,0,109,11,0.0,0.0,0.0,0.0,0.0,200.0,1.0,Normal
CJJ1491,0,1,3,0.0,0.0,0.0,0.0,0.0,31.0,1.0,Normal
AEB1458,0,1,4,0.0,0.0,0.0,0.0,0.0,172.0,1.0,Normal
KPO3619,0,1,4,0.0,0.0,0.0,0.0,0.0,0.0,1.0,Normal
KJB0354,0,65,24,0.0,0.0,0.0,0.0,0.0,648.0,1.0,Normal
CMA2616,0,1,2,0.0,0.0,0.0,0.0,0.0,0.0,1.0,Normal
DNM2823,0,1,8,0.0,0.0,0.0,0.0,0.0,3.0,1.0,Normal
HWC3907,0,1,2,0.0,0.0,0.0,0.0,0.0,0.0,1.0,Normal
KTW3547,0,1,2,0.0,0.0,0.0,0.0,0.0,32.0,1.0,Normal
ARM0076,0,1,3,0.0,0.0,0.0,0.0,0.0,0.0,1.0,Normal
KTS3908,0,1,2,0.0,0.0,0.0,0.0,0.0,13.0,1.0,Normal
GAC2529,0,1,4,0.0,0.0,0.0,0.0,0.0,0.0,1.0,Normal
AWM2286,0,17,9,0.0,0.0,0.0,600.0,1050.0,199.0,1.0,Normal
KCR0577,0,1,9,0.0,0.0,0.0,0.0,0.0,105.0,1.0,Normal
PFC3807,0,1,3,0.0,0.0,0.0,0.0,0.0,11.0,1.0,Normal
RAA3570,0,86,10,0.0,0.0,0.0,0.0,0.0,87.0,1.0,Normal
MRH2516,0,1,9,0.0,0.0,0.0,0.0,0.0,22.0,1.0,Normal
SRA3210,0,111,9,0.0,0.0,0.0,455.0,821.0,112.0,1.0,Normal
PEV3531,0,1,2,0.0,0.0,0.0,0.0,0.0,76.0,1.0,Normal
TDJ3138,0,1,10,0.0,0.0,0.0,43.0,71.0,519.0,1.0,Normal
FGS3275,0,1,2,0.0,0.0,0.0,0.0,0.0,15.0,1.0,Normal
AJH0279,0,1,4,0.0,0.0,0.0,0.0,0.0,38.0,1.0,Normal
EAP1555,0,1,4,0.0,0.0,0.0,0.0,0.0,0.0,1.0,Normal
EDV1427,0,1,2,0.0,0.0,0.0,0.0,0.0,639.0,1.0,Normal
SAM3782,0,1,2,0.0,0.0,0.0,0.0,0.0,0.0,1.0,Normal
MRS0368,0,1,4,0.0,0.0,0.0,2649.0,4635.0,770.0,-1.0,Anomaly
DBG3727,0,1,4,0.0,0.0,0.0,0.0,0.0,0.0,1.0,Normal
EDP1880,0,1,2,0.0,0.0,0.0,0.0,0.0,19.0,1.0,Normal
LCT2783,0,1,4,0.0,0.0,0.0,0.0,0.0,0.0,1.0,Normal
CAR2748,0,1,4,0.0,0.0,0.0,0.0,0.0,54.0,1.0,Normal
DLC2903,0,1,3,0.0,0.0,0.0,0.0,0.0,0.0,1.0,Normal
KKC2119,0,1,3,0.0,0.0,0.0,0.0,0.0,0.0,1.0,Normal
IDW1211,0,1,4,0.0,0.0,0.0,0.0,0.0,45.0,1.0,Normal
SCM3407,0,67,24,0.0,0.0,0.0,541.0,1194.0,512.0,1.0,Normal
DJS1271,0,1,10,0.0,0.0,0.0,0.0,0.0,53.0,1.0,Normal
DRF3992,0,1,2,0.0,0.0,0.0,0.0,0.0,11.0,1.0,Normal
ICB3167,0,1,2,0.0,0.0,0.0,0.0,0.0,0.0,1.0,Normal
QBL1386,0,1,10,0.0,0.0,0.0,866.0,1906.0,804.0,-1.0,Anomaly
CLM1874,0,1,2,0.0,0.0,0.0,0.0,0.0,0.0,1.0,Normal
ZBH3422,0,1,9,0.0,0.0,0.0,0.0,0.0,124.0,1.0,Normal
SMC2898,0,1,10,0.0,0.0,0.0,0.0,0.0,207.0,1.0,Normal
CSB3932,0,22,11,0.0,0.0,0.0,56.0,98.0,41.0,1.0,Normal
TAF0640,0,1,4,0.0,0.0,0.0,0.0,0.0,44.0,1.0,Normal
PRH1717,0,1,4,0.0,0.0,0.0,0.0,0.0,29.0,1.0,Normal
ABB0167,0,1,2,0.0,0.0,0.0,0.0,0.0,27.0,1.0,Normal
FCE0695,0,1,2,0.0,0.0,0.0,0.0,0.0,0.0,1.0,Normal
TPG2392,0,1,2,0.0,0.0,0.0,0.0,0.0,102.0,1.0,Normal
VDP0790,0,1,2,0.0,0.0,0.0,370.0,659.0,125.0,1.0,Normal
JPH1129,0,43,9,0.0,0.0,0.0,0.0,0.0,19.0,1.0,Normal
DAM3359,0,1,4,0.0,0.0,0.0,0.0,0.0,0.0,1.0,Normal
BJA1137,0,1,2,0.0,0.0,0.0,0.0,0.0,103.0,1.0,Normal
RKH2877,0,18,17,0.0,0.0,0.0,51.0,96.0,35.0,1.0,Normal
CAS3022,0,1,4,0.0,0.0,0.0,0.0,0.0,0.0,1.0,Normal
RDP2116,0,1,5,0.0,0.0,0.0,0.0,0.0,28.0,1.0,Normal
NCT0983,0,1,3,0.0,0.0,0.0,0.0,0.0,38.0,1.0,Normal
AKC3739,0,1,4,0.0,0.0,0.0,0.0,0.0,174.0,1.0,Normal
PDK3856,0,1,4,0.0,0.0,0.0,0.0,0.0,0.0,1.0,Normal
AME1361,0,1,3,0.0,0.0,0.0,0.0,0.0,0.0,1.0,Normal
BZS1344,0,1,4,0.0,0.0,0.0,0.0,0.0,0.0,1.0,Normal
MBS3902,0,1,2,0.0,0.0,0.0,0.0,0.0,32.0,1.0,Normal
ADV1640,0,1,4,0.0,0.0,0.0,0.0,0.0,0.0,1.0,Normal
GKL0006,0,60,23,0.0,0.0,0.0,400.0,736.0,232.0,1.0,Normal
BRG3113,0,1,3,0.0,0.0,0.0,0.0,0.0,46.0,1.0,Normal
CAG0502,0,1,2,0.0,0.0,0.0,0.0,0.0,18.0,1.0,Normal
DBC1073,0,1,4,0.0,0.0,0.0,0.0,0.0,50.0,1.0,Normal
XPW2833,0,1,21,0.0,0.0,0.0,2058.0,3443.0,558.0,-1.0,Anomaly
JMB2246,0,114,10,0.0,0.0,0.0,391.0,688.0,112.0,1.0,Normal
RSG0687,0,97,9,0.0,0.0,0.0,902.0,1522.0,277.0,1.0,Normal
IJC2459,0,1,3,0.0,0.0,0.0,0.0,0.0,51.0,1.0,Normal
BEW1426,0,1,4,0.0,0.0,0.0,0.0,0.0,0.0,1.0,Normal
FNB1512,0,1,3,0.0,0.0,0.0,0.0,0.0,0.0,1.0,Normal
IAC3581,0,1,8,0.0,0.0,0.0,0.0,0.0,50.0,1.0,Normal
ABL0870,0,1,2,0.0,0.0,0.0,0.0,0.0,5.0,1.0,Normal
MLB1214,0,1,4,0.0,0.0,0.0,0.0,0.0,0.0,1.0,Normal
LAE1350,0,1,4,0.0,0.0,0.0,0.0,0.0,33.0,1.0,Normal
FQL3629,0,1,4,0.0,0.0,0.0,0.0,0.0,3.0,1.0,Normal
CDW0886,0,1,2,0.0,0.0,0.0,131.0,253.0,81.0,1.0,Normal
GIS1668,0,1,4,0.0,0.0,0.0,0.0,0.0,75.0,1.0,Normal
MHA0667,0,1,4,0.0,0.0,0.0,0.0,0.0,27.0,1.0,Normal
RML2759,0,92,8,0.0,0.0,0.0,0.0,0.0,57.0,1.0,Normal
RBO0327,0,1,2,0.0,0.0,0.0,0.0,0.0,45.0,1.0,Normal
JCB2350,0,1,2,0.0,0.0,0.0,0.0,0.0,91.0,1.0,Normal
AUG2242,0,1,4,0.0,0.0,0.0,0.0,0.0,6.0,1.0,Normal
BMN3207,0,1,17,0.0,0.0,0.0,0.0,0.0,22.0,1.0,Normal
XGB1528,0,1,10,0.0,0.0,0.0,445.0,804.0,147.0,1.0,Normal
KRL0467,0,919,24,0.0,0.0,0.0,0.0,0.0,100.0,1.0,Normal
BJR0940,0,1,2,0.0,0.0,0.0,0.0,0.0,17.0,1.0,Normal
BAC3730,0,1,4,0.0,0.0,0.0,0.0,0.0,0.0,1.0,Normal
BHC2344,0,1,2,0.0,0.0,0.0,0.0,0.0,17.0,1.0,Normal
ODW2194,0,1,2,0.0,0.0,0.0,0.0,0.0,11.0,1.0,Normal
EID1076,0,1,8,0.0,0.0,0.0,0.0,0.0,41.0,1.0,Normal
CGM3124,0,1,6,0.0,0.0,0.0,0.0,0.0,3.0,1.0,Normal
EKM0863,0,1,3,0.0,0.0,0.0,0.0,0.0,0.0,1.0,Normal
LQC3780,0,1,4,0.0,0.0,0.0,0.0,0.0,0.0,1.0,Normal
KKM0309,0,1,2,0.0,0.0,0.0,0.0,0.0,9.0,1.0,Normal
BKB0853,0,1,8,0.0,0.0,0.0,1985.0,3298.0,563.0,-1.0,Anomaly
BHC0492,0,1,2,0.0,0.0,0.0,0.0,0.0,45.0,1.0,Normal
LVK3180,0,10,10,0.0,0.0,0.0,0.0,0.0,167.0,1.0,Normal
BZH1158,0,1,8,0.0,0.0,0.0,0.0,0.0,98.0,1.0,Normal
HBC3497,0,1,3,0.0,0.0,0.0,0.0,0.0,0.0,1.0,Normal
CMM3753,0,112,12,0.0,0.0,0.0,0.0,0.0,255.0,1.0,Normal
GMC1209,0,51,12,0.0,0.0,0.0,0.0,0.0,210.0,1.0,Normal
MCN0985,0,1,4,0.0,0.0,0.0,0.0,0.0,30.0,1.0,Normal
JBH2559,0,1,3,0.0,0.0,0.0,0.0,0.0,60.0,1.0,Normal
PAB0879,0,1,4,0.0,0.0,0.0,0.0,0.0,0.0,1.0,Normal
ORH2010,0,30,22,0.0,0.0,0.0,0.0,0.0,143.0,1.0,Normal
IKG3154,0,1,4,0.0,0.0,0.0,0.0,0.0,61.0,1.0,Normal
MBH0476,0,1,2,0.0,0.0,0.0,0.0,0.0,50.0,1.0,Normal
JAC2001,0,1,5,0.0,0.0,0.0,0.0,0.0,60.0,1.0,Normal
BKF1545,0,72,10,0.0,0.0,0.0,0.0,0.0,136.0,1.0,Normal
JHC1809,0,1,2,0.0,0.0,0.0,0.0,0.0,0.0,1.0,Normal
JFB0961,0,16,10,0.0,0.0,0.0,0.0,0.0,847.0,1.0,Normal
MMJ3368,0,1,4,0.0,0.0,0.0,0.0,0.0,49.0,1.0,Normal
SWM0188,0,22,11,0.0,0.0,0.0,0.0,0.0,43.0,1.0,Normal
NRE1755,0,1,10,0.0,0.0,0.0,0.0,0.0,250.0,1.0,Normal
RCB2645,0,1,4,0.0,0.0,0.0,0.0,0.0,85.0,1.0,Normal
ANL3024,0,72,24,0.0,0.0,0.0,483.0,971.0,166.0,1.0,Normal
RCJ0557,0,1,2,0.0,0.0,0.0,0.0,0.0,95.0,1.0,Normal
JFB2168,0,81,10,0.0,0.0,0.0,0.0,0.0,14.0,1.0,Normal
RMC2177,0,1,2,0.0,0.0,0.0,0.0,0.0,0.0,1.0,Normal
CTW2038,0,1,7,0.0,0.0,0.0,0.0,0.0,7.0,1.0,Normal
SDH1556,0,1,4,0.0,0.0,0.0,84.0,167.0,37.0,1.0,Normal
RDE3239,0,1,4,0.0,0.0,0.0,0.0,0.0,52.0,1.0,Normal
GBJ3604,0,1,3,0.0,0.0,0.0,0.0,0.0,63.0,1.0,Normal
HHS3357,0,1,4,0.0,0.0,0.0,0.0,0.0,0.0,1.0,Normal
SDH2394,0,96,13,0.0,0.0,0.0,5296.0,6718.0,1868.0,-1.0,Anomaly
KMS0568,0,1,4,0.0,0.0,0.0,0.0,0.0,14.0,1.0,Normal
BOH1751,0,1,4,0.0,0.0,0.0,0.0,0.0,56.0,1.0,Normal
AAV3669,0,1,4,0.0,0.0,0.0,0.0,0.0,21.0,1.0,Normal
HSA2065,0,83,24,0.0,0.0,0.0,240.0,692.0,628.0,1.0,Normal
CSB2910,0,43,11,0.0,0.0,0.0,0.0,0.0,2.0,1.0,Normal
CDL0867,0,1,2,0.0,0.0,0.0,0.0,0.0,11.0,1.0,Normal
JTV2654,0,1,10,0.0,0.0,0.0,0.0,0.0,33.0,1.0,Normal
KJH0588,0,1,8,0.0,0.0,0.0,0.0,0.0,34.0,1.0,Normal
KOW3756,0,7,6,0.0,0.0,0.0,0.0,0.0,4.0,1.0,Normal
RCM3458,0,1,2,0.0,0.0,0.0,0.0,0.0,16.0,1.0,Normal
BJH3402,0,1,4,0.0,0.0,0.0,0.0,0.0,0.0,1.0,Normal
LCW3879,0,1,3,0.0,0.0,0.0,0.0,0.0,65.0,1.0,Normal
SJT0698,0,85,9,0.0,0.0,0.0,0.0,0.0,34.0,1.0,Normal
UAD2700,0,1,2,0.0,0.0,0.0,0.0,0.0,0.0,1.0,Normal
FGK1026,0,1,4,0.0,0.0,0.0,0.0,0.0,56.0,1.0,Normal
CTC0421,0,1,8,0.0,0.0,0.0,85.0,175.0,55.0,1.0,Normal
TSO3216,0,82,12,0.0,0.0,0.0,121.0,191.0,83.0,1.0,Normal
MVW3821,0,1,3,0.0,0.0,0.0,0.0,0.0,0.0,1.0,Normal
RND1473,0,1,3,0.0,0.0,0.0,0.0,0.0,0.0,1.0,Normal
JKH3673,0,1,8,0.0,0.0,0.0,0.0,0.0,37.0,1.0,Normal
CAF3929,0,1,8,0.0,0.0,0.0,0.0,0.0,27.0,1.0,Normal
SAB2761,0,1,3,0.0,0.0,0.0,0.0,0.0,9.0,1.0,Normal
DAS1955,0,1,2,0.0,0.0,0.0,0.0,0.0,0.0,1.0,Normal
JJY3112,0,1,3,0.0,0.0,0.0,0.0,0.0,32.0,1.0,Normal
RSS3182,0,14,10,0.0,0.0,0.0,1620.0,2574.0,404.0,-1.0,Anomaly
SAP2173,0,1,2,0.0,0.0,0.0,0.0,0.0,0.0,1.0,Normal
MGM0569,0,40,13,0.0,0.0,0.0,0.0,0.0,83.0,1.0,Normal
BBM1701,0,1,2,0.0,0.0,0.0,0.0,0.0,19.0,1.0,Normal
HIA2415,0,45,10,0.0,0.0,0.0,0.0,0.0,161.0,1.0,Normal
AAF0819,0,32,12,0.0,0.0,0.0,1036.0,2003.0,370.0,1.0,Normal
KEW1179,0,1,4,0.0,0.0,0.0,0.0,0.0,34.0,1.0,Normal
CJM2961,0,1,4,0.0,0.0,0.0,0.0,0.0,0.0,1.0,Normal
JMH1847,0,57,12,0.0,0.0,0.0,0.0,0.0,615.0,1.0,Normal
STC2042,0,1,2,0.0,0.0,0.0,0.0,0.0,35.0,1.0,Normal
SPM1684,0,1,2,0.0,0.0,0.0,0.0,0.0,14.0,1.0,Normal
TBD2008,0,6,4,0.0,0.0,0.0,210.0,393.0,110.0,1.0,Normal
NHS3981,0,1,3,0.0,0.0,0.0,0.0,0.0,0.0,1.0,Normal
FAJ0523,0,1,24,0.0,0.0,0.0,619.0,1510.0,430.0,1.0,Normal
JPS2432,0,963,24,0.0,0.0,0.0,0.0,0.0,0.0,1.0,Normal
NUK1513,0,46,11,0.0,0.0,0.0,0.0,0.0,35.0,1.0,Normal
KNH0316,0,1,3,0.0,0.0,0.0,0.0,0.0,52.0,1.0,Normal
AAS2987,0,1,2,0.0,0.0,0.0,0.0,0.0,149.0,1.0,Normal
LCP0572,0,1,4,0.0,0.0,0.0,0.0,0.0,0.0,1.0,Normal
CBW2427,0,928,24,0.0,0.0,0.0,0.0,0.0,71.0,1.0,Normal
ZSW2155,0,1,4,0.0,0.0,0.0,0.0,0.0,0.0,1.0,Normal
DTC2566,0,84,11,0.0,0.0,0.0,0.0,0.0,55.0,1.0,Normal
MAB1775,0,963,24,0.0,0.0,0.0,870.0,1401.0,322.0,-1.0,Anomaly
WPR1884,0,1,3,0.0,0.0,0.0,0.0,0.0,90.0,1.0,Normal
AKK2125,0,23,5,0.0,0.0,0.0,0.0,0.0,23.0,1.0,Normal
BHK2196,0,1,2,0.0,0.0,0.0,0.0,0.0,12.0,1.0,Normal
SLC1588,0,1,3,0.0,0.0,0.0,108.0,194.0,64.0,1.0,Normal
BBA1230,0,80,11,0.0,0.0,0.0,380.0,941.0,609.0,1.0,Normal
KBP2753,0,1,3,0.0,0.0,0.0,0.0,0.0,38.0,1.0,Normal
GLM3450,0,1,2,0.0,0.0,0.0,0.0,0.0,0.0,1.0,Normal
BNH2692,0,99,13,0.0,0.0,0.0,0.0,0.0,115.0,1.0,Normal
MHS1125,0,1,2,0.0,0.0,0.0,0.0,0.0,26.0,1.0,Normal
QSB1577,0,96,14,0.0,0.0,0.0,0.0,0.0,28.0,1.0,Normal
ARZ3464,0,24,10,0.0,0.0,0.0,388.0,756.0,447.0,1.0,Normal
OXS0363,0,1,3,0.0,0.0,0.0,0.0,0.0,0.0,1.0,Normal
IAA3012,0,1,4,0.0,0.0,0.0,0.0,0.0,25.0,1.0,Normal
CWC0490,0,39,11,0.0,0.0,0.0,0.0,0.0,101.0,1.0,Normal
DWK2099,0,1,10,0.0,0.0,0.0,0.0,0.0,20.0,1.0,Normal
NCS0425,0,1,3,0.0,0.0,0.0,0.0,0.0,21.0,1.0,Normal
KAP0844,0,1,4,0.0,0.0,0.0,0.0,0.0,0.0,1.0,Normal
WHH2938,0,1,4,0.0,0.0,0.0,0.0,0.0,21.0,1.0,Normal
BAB1619,0,110,24,0.0,0.0,0.0,496.0,964.0,366.0,1.0,Normal
LAV1050,0,723,24,0.0,0.0,0.0,0.0,0.0,112.0,1.0,Normal
RAS3446,0,1,4,0.0,0.0,0.0,0.0,0.0,0.0,1.0,Normal
VYP0637,0,11,5,0.0,0.0,0.0,593.0,995.0,164.0,1.0,Normal
AIJ0383,0,1,10,0.0,0.0,0.0,0.0,0.0,170.0,1.0,Normal
MDO0606,0,26,24,0.0,0.0,0.0,125.0,208.0,54.0,1.0,Normal
MSS3335,0,1,5,0.0,0.0,0.0,0.0,0.0,38.0,1.0,Normal
RVV0317,0,28,13,0.0,0.0,0.0,228.0,425.0,90.0,1.0,Normal
ICL0565,0,1,4,0.0,0.0,0.0,0.0,0.0,69.0,1.0,Normal
SGW0112,0,16,11,0.0,0.0,0.0,0.0,0.0,354.0,1.0,Normal
HCR1322,0,1,10,0.0,0.0,0.0,0.0,0.0,86.0,1.0,Normal
HGH0727,0,1,3,0.0,0.0,0.0,314.0,596.0,99.0,1.0,Normal
NRT1320,0,1,10,0.0,0.0,0.0,197.0,358.0,515.0,1.0,Normal
TKM2494,0,1,4,0.0,0.0,0.0,0.0,0.0,0.0,1.0,Normal
MLC3482,0,79,10,0.0,0.0,0.0,0.0,0.0,8.0,1.0,Normal
SNM1696,0,1,2,0.0,0.0,0.0,0.0,0.0,34.0,1.0,Normal
MTW3317,0,1,4,0.0,0.0,0.0,0.0,0.0,0.0,1.0,Normal
CAG3622,0,1,3,0.0,0.0,0.0,0.0,0.0,11.0,1.0,Normal
AIV3936,0,1,10,0.0,0.0,0.0,0.0,0.0,14.0,1.0,Normal
SCB2814,0,1,10,0.0,0.0,0.0,0.0,0.0,6.0,1.0,Normal
JIR2594,0,37,12,0.0,0.0,0.0,113.0,195.0,578.0,1.0,Normal
CSS1313,0,1,15,0.0,0.0,0.0,0.0,0.0,39.0,1.0,Normal
DBH1596,0,88,10,0.0,0.0,0.0,417.0,729.0,135.0,1.0,Normal
KBM3734,0,91,24,0.0,0.0,0.0,1569.0,3379.0,1360.0,-1.0,Anomaly
MET1881,0,21,10,0.0,0.0,0.0,174.0,170.0,600.0,1.0,Normal
QIS2940,0,1,4,0.0,0.0,0.0,213.0,391.0,123.0,1.0,Normal
CAB3121,0,1,3,0.0,0.0,0.0,0.0,0.0,97.0,1.0,Normal
HRK2972,0,1,2,0.0,0.0,0.0,0.0,0.0,6.0,1.0,Normal
MCW2546,0,1,4,0.0,0.0,0.0,0.0,0.0,0.0,1.0,Normal
MHB0845,0,1,4,0.0,0.0,0.0,0.0,0.0,20.0,1.0,Normal
EGD3972,0,25,11,0.0,0.0,0.0,1864.0,3130.0,511.0,-1.0,Anomaly
CMW0437,0,101,11,0.0,0.0,0.0,0.0,0.0,76.0,1.0,Normal
PCC0604,0,1,4,0.0,0.0,0.0,0.0,0.0,0.0,1.0,Normal
FCM3792,0,1,2,0.0,0.0,0.0,0.0,0.0,141.0,1.0,Normal
TMV0868,0,90,17,0.0,0.0,0.0,0.0,0.0,19.0,1.0,Normal
BGH2861,0,1,4,0.0,0.0,0.0,0.0,0.0,0.0,1.0,Normal
AHH0495,0,1,7,0.0,0.0,0.0,0.0,0.0,30.0,1.0,Normal
CCN2726,0,12,13,0.0,0.0,0.0,138.0,228.0,73.0,1.0,Normal
ZAW2012,0,1,2,0.0,0.0,0.0,0.0,0.0,61.0,1.0,Normal
MZG2261,0,1,2,0.0,0.0,0.0,0.0,0.0,68.0,1.0,Normal
AVT0526,0,1,2,0.0,0.0,0.0,0.0,0.0,73.0,1.0,Normal
LNP3092,0,1,10,0.0,0.0,0.0,0.0,0.0,607.0,1.0,Normal
LMM3366,0,18,12,0.0,0.0,0.0,911.0,1279.0,1007.0,-1.0,Anomaly
DJP3230,0,1,2,0.0,0.0,0.0,0.0,0.0,0.0,1.0,Normal
OAG1468,0,1,3,0.0,0.0,0.0,0.0,0.0,0.0,1.0,Normal
KNW1321,0,1,10,0.0,0.0,0.0,0.0,0.0,228.0,1.0,Normal
NBL2243,0,1,4,0.0,0.0,0.0,0.0,0.0,16.0,1.0,Normal
STN2458,0,1,7,0.0,0.0,0.0,0.0,0.0,5.0,1.0,Normal
SBS1606,0,1,4,0.0,0.0,0.0,0.0,0.0,0.0,1.0,Normal
AAM0729,0,1,3,0.0,0.0,0.0,0.0,0.0,16.0,1.0,Normal
HSF1454,0,1,4,0.0,0.0,0.0,0.0,0.0,0.0,1.0,Normal
GAH0525,0,79,9,0.0,0.0,0.0,599.0,1090.0,173.0,1.0,Normal
CRL3842,0,1,2,0.0,0.0,0.0,0.0,0.0,0.0,1.0,Normal
DKP0671,0,1,10,0.0,0.0,0.0,0.0,0.0,214.0,1.0,Normal
NSC1741,0,1,2,0.0,0.0,0.0,0.0,0.0,51.0,1.0,Normal
BAG2641,0,99,24,0.0,0.0,0.0,188.0,318.0,135.0,1.0,Normal
CSW3811,0,1,2,0.0,0.0,0.0,0.0,0.0,0.0,1.0,Normal
JJH0681,0,68,22,0.0,0.0,0.0,0.0,0.0,75.0,1.0,Normal
APS3701,0,1,4,0.0,0.0,0.0,0.0,0.0,0.0,1.0,Normal
BRC3949,0,1,4,0.0,0.0,0.0,0.0,0.0,18.0,1.0,Normal
CLR2407,0,78,11,0.0,0.0,0.0,238.0,432.0,60.0,1.0,Normal
LRS2996,0,47,20,0.0,0.0,0.0,2868.0,4967.0,786.0,-1.0,Anomaly
NVL2180,0,1,2,0.0,0.0,0.0,245.0,451.0,165.0,1.0,Normal
SEM2492,0,1,2,0.0,0.0,0.0,0.0,0.0,49.0,1.0,Normal
JFG1049,0,983,24,0.0,0.0,0.0,0.0,0.0,25.0,1.0,Normal
RJD2647,0,1,4,0.0,0.0,0.0,0.0,0.0,37.0,1.0,Normal
ETA0791,0,1,2,0.0,0.0,0.0,0.0,0.0,0.0,1.0,Normal
BSM2844,0,1,4,0.0,0.0,0.0,2748.0,4627.0,770.0,-1.0,Anomaly
ANB2766,0,18,8,0.0,0.0,0.0,75.0,161.0,250.0,1.0,Normal
JMR3367,0,1,4,0.0,0.0,0.0,0.0,0.0,0.0,1.0,Normal
LRL1316,0,1,10,0.0,0.0,0.0,0.0,0.0,127.0,1.0,Normal
SLS2992,0,1,3,0.0,0.0,0.0,0.0,0.0,0.0,1.0,Normal
DKM2980,0,1,3,0.0,0.0,0.0,0.0,0.0,9.0,1.0,Normal
PLM3935,0,1,4,0.0,0.0,0.0,0.0,0.0,0.0,1.0,Normal
PPT3162,0,1,4,0.0,0.0,0.0,0.0,0.0,15.0,1.0,Normal
IBV1578,0,1,9,0.0,0.0,0.0,125.0,192.0,27.0,1.0,Normal
BMV1886,0,1,4,0.0,0.0,0.0,0.0,0.0,9.0,1.0,Normal
CLM2776,0,27,12,0.0,0.0,0.0,0.0,0.0,12.0,1.0,Normal
LZM0306,0,44,9,0.0,0.0,0.0,188.0,415.0,99.0,1.0,Normal
RHR2835,0,62,12,0.0,0.0,0.0,0.0,0.0,97.0,1.0,Normal
WRW2331,0,94,24,0.0,0.0,0.0,43.0,89.0,108.0,1.0,Normal
TFH0544,0,101,10,0.0,0.0,0.0,470.0,797.0,145.0,1.0,Normal
ACS0128,0,16,20,0.0,0.0,0.0,0.0,0.0,46.0,1.0,Normal
VGM2096,0,1,2,0.0,0.0,0.0,0.0,0.0,0.0,1.0,Normal
IMM2118,0,1,3,0.0,0.0,0.0,0.0,0.0,178.0,1.0,Normal
WTF0449,0,1,3,0.0,0.0,0.0,0.0,0.0,34.0,1.0,Normal
OLR2564,0,1,2,0.0,0.0,0.0,0.0,0.0,0.0,1.0,Normal
VJK1327,0,1,4,0.0,0.0,0.0,0.0,0.0,165.0,1.0,Normal
MLJ1461,0,26,11,0.0,0.0,0.0,0.0,0.0,337.0,1.0,Normal
CKH2797,0,1,3,0.0,0.0,0.0,0.0,0.0,12.0,1.0,Normal
GRG3005,0,1,2,0.0,0.0,0.0,0.0,0.0,65.0,1.0,Normal
APD0381,0,1,4,0.0,0.0,0.0,0.0,0.0,33.0,1.0,Normal
GAW0808,0,1,3,0.0,0.0,0.0,0.0,0.0,26.0,1.0,Normal
JME0387,0,1,9,0.0,0.0,0.0,252.0,254.0,171.0,1.0,Normal
BUS2399,0,91,12,0.0,0.0,0.0,0.0,0.0,28.0,1.0,Normal
YRA3503,0,1,3,0.0,0.0,0.0,0.0,0.0,35.0,1.0,Normal
WMR2685,0,1,10,0.0,0.0,0.0,0.0,0.0,58.0,1.0,Normal
ADP1625,0,73,24,0.0,0.0,0.0,0.0,0.0,13.0,1.0,Normal
AMM0734,0,1,2,0.0,0.0,0.0,0.0,0.0,51.0,1.0,Normal
VKM2949,0,17,24,0.0,0.0,0.0,378.0,691.0,990.0,-1.0,Anomaly
SKS0339,0,37,10,0.0,0.0,0.0,763.0,1988.0,350.0,1.0,Normal
CDM0538,0,65,10,0.0,0.0,0.0,253.0,487.0,131.0,1.0,Normal
NGR2884,0,57,11,0.0,0.0,0.0,0.0,0.0,76.0,1.0,Normal
BCB2676,0,1,4,0.0,0.0,0.0,0.0,0.0,0.0,1.0,Normal
ARG3554,0,1,2,0.0,0.0,0.0,0.0,0.0,67.0,1.0,Normal
AFP2709,0,1,9,0.0,0.0,0.0,505.0,883.0,143.0,1.0,Normal
HCO3108,0,1,4,0.0,0.0,0.0,0.0,0.0,41.0,1.0,Normal
HMM2768,0,19,8,0.0,0.0,0.0,232.0,396.0,99.0,1.0,Normal
SCH3716,0,1,4,0.0,0.0,0.0,0.0,0.0,85.0,1.0,Normal
CVB2703,0,89,9,0.0,0.0,0.0,0.0,0.0,853.0,1.0,Normal
AWW0254,0,1,4,0.0,0.0,0.0,0.0,0.0,0.0,1.0,Normal
RAB1712,0,1,2,0.0,0.0,0.0,0.0,0.0,151.0,1.0,Normal
SWG2200,0,1,2,0.0,0.0,0.0,0.0,0.0,9.0,1.0,Normal
KJR1377,0,84,10,0.0,0.0,0.0,0.0,0.0,680.0,1.0,Normal
JGR3914,0,47,10,0.0,0.0,0.0,42.0,64.0,78.0,1.0,Normal
CKG1972,0,1,4,0.0,0.0,0.0,0.0,0.0,16.0,1.0,Normal
MLM2021,0,1,6,0.0,0.0,0.0,0.0,0.0,28.0,1.0,Normal
KAH3247,0,1,7,0.0,0.0,0.0,0.0,0.0,215.0,1.0,Normal
EIR1046,0,965,24,0.0,0.0,0.0,0.0,0.0,653.0,-1.0,Anomaly
BDU0497,0,1,2,0.0,0.0,0.0,0.0,0.0,33.0,1.0,Normal
CAR2244,0,50,10,0.0,0.0,0.0,417.0,736.0,123.0,1.0,Normal
GGM3737,0,110,24,0.0,0.0,0.0,128.0,231.0,89.0,1.0,Normal
QBR2250,0,1,10,0.0,0.0,0.0,237.0,217.0,58.0,1.0,Normal
TBM0932,0,1,2,0.0,0.0,0.0,0.0,0.0,6.0,1.0,Normal
NGH1256,0,1,2,0.0,0.0,0.0,0.0,0.0,0.0,1.0,Normal
HAM2252,0,1,4,0.0,0.0,0.0,0.0,0.0,18.0,1.0,Normal
BBP1093,0,1,3,0.0,0.0,0.0,0.0,0.0,100.0,1.0,Normal
JDS0516,0,1,4,0.0,0.0,0.0,0.0,0.0,54.0,1.0,Normal
COK3383,0,1,4,0.0,0.0,0.0,0.0,0.0,0.0,1.0,Normal
AME0732,0,1,3,0.0,0.0,0.0,0.0,0.0,12.0,1.0,Normal
FNR0635,0,1,2,0.0,0.0,0.0,0.0,0.0,14.0,1.0,Normal
TKK0628,0,22,24,0.0,0.0,0.0,0.0,0.0,404.0,1.0,Normal
RCW3692,0,1,4,0.0,0.0,0.0,0.0,0.0,8.0,1.0,Normal
RDB0702,0,1,2,0.0,0.0,0.0,0.0,0.0,138.0,1.0,Normal
SAC3963,0,1,3,0.0,0.0,0.0,0.0,0.0,0.0,1.0,Normal
MJW2032,0,4,7,0.0,0.0,0.0,0.0,0.0,44.0,1.0,Normal
MPY0478,0,1,3,0.0,0.0,0.0,0.0,0.0,0.0,1.0,Normal
CDM1097,0,1,2,0.0,0.0,0.0,0.0,0.0,9.0,1.0,Normal
ARW0818,0,26,24,0.0,0.0,0.0,0.0,0.0,35.0,1.0,Normal
RJB2622,0,1,2,0.0,0.0,0.0,0.0,0.0,29.0,1.0,Normal
PLJ3274,0,1,2,0.0,0.0,0.0,0.0,0.0,8.0,1.0,Normal
BKR3146,0,1,4,0.0,0.0,0.0,0.0,0.0,17.0,1.0,Normal
KBK3593,0,24,9,0.0,0.0,0.0,0.0,0.0,23.0,1.0,Normal
CNB1131,0,56,23,0.0,0.0,0.0,0.0,0.0,597.0,1.0,Normal
EHW2450,0,1,4,0.0,0.0,0.0,0.0,0.0,45.0,1.0,Normal
SAR1883,0,1,4,0.0,0.0,0.0,0.0,0.0,0.0,1.0,Normal
NHD2497,0,1,7,0.0,0.0,0.0,0.0,0.0,124.0,1.0,Normal
WBE0967,0,1,3,0.0,0.0,0.0,0.0,0.0,0.0,1.0,Normal
MFB0040,0,1,2,0.0,0.0,0.0,0.0,0.0,160.0,1.0,Normal
SDM2550,0,1,10,0.0,0.0,0.0,0.0,0.0,94.0,1.0,Normal
JUM0102,0,1,2,0.0,0.0,0.0,0.0,0.0,0.0,1.0,Normal
CMT0267,0,1,4,0.0,0.0,0.0,498.0,1490.0,950.0,-1.0,Anomaly
RKH1801,0,1,3,0.0,0.0,0.0,0.0,0.0,23.0,1.0,Normal
CCB0547,0,1,7,0.0,0.0,0.0,0.0,0.0,137.0,1.0,Normal
BJP0186,0,1,4,0.0,0.0,0.0,0.0,0.0,0.0,1.0,Normal
VKT2228,0,1,4,0.0,0.0,0.0,0.0,0.0,0.0,1.0,Normal
HQB3494,0,97,12,0.0,0.0,0.0,0.0,0.0,76.0,1.0,Normal
KCR2291,0,36,9,0.0,0.0,0.0,0.0,0.0,40.0,1.0,Normal
AKD0272,0,81,23,0.0,0.0,0.0,2242.0,3624.0,609.0,-1.0,Anomaly
TKE3293,0,33,24,0.0,0.0,0.0,90.0,154.0,102.0,1.0,Normal
EDF2361,0,53,11,0.0,0.0,0.0,170.0,314.0,67.0,1.0,Normal
RAC0362,0,1,3,0.0,0.0,0.0,0.0,0.0,0.0,1.0,Normal
KCH3095,0,71,12,0.0,0.0,0.0,55.0,105.0,491.0,1.0,Normal
RFS2923,0,1,4,0.0,0.0,0.0,0.0,0.0,28.0,1.0,Normal
EIF1865,0,1,2,0.0,0.0,0.0,0.0,0.0,53.0,1.0,Normal
ESS3341,0,100,12,0.0,0.0,0.0,471.0,904.0,253.0,1.0,Normal
QAH1315,0,16,24,0.0,0.0,0.0,1559.0,1160.0,309.0,-1.0,Anomaly
SOK1299,0,1,4,0.0,0.0,0.0,0.0,0.0,11.0,1.0,Normal
ENH3969,0,16,14,0.0,0.0,0.0,0.0,0.0,7.0,1.0,Normal
MLV3376,0,23,12,0.0,0.0,0.0,0.0,0.0,252.0,1.0,Normal
DTW3549,0,1,2,0.0,0.0,0.0,0.0,0.0,24.0,1.0,Normal
KQW0164,0,1,2,0.0,0.0,0.0,0.0,0.0,59.0,1.0,Normal
LLJ1243,0,1,4,0.0,0.0,0.0,0.0,0.0,30.0,1.0,Normal
ACN2347,0,97,11,0.0,0.0,0.0,0.0,0.0,48.0,1.0,Normal
JIN3522,0,17,10,0.0,0.0,0.0,0.0,0.0,13.0,1.0,Normal
JHF1278,0,25,11,0.0,0.0,0.0,0.0,0.0,462.0,1.0,Normal
CPR1800,0,1,3,0.0,0.0,0.0,0.0,0.0,42.0,1.0,Normal
KLZ0507,0,1,2,0.0,0.0,0.0,0.0,0.0,59.0,1.0,Normal
JWW2765,0,1,3,0.0,0.0,0.0,0.0,0.0,0.0,1.0,Normal
WOV3040,0,808,24,0.0,0.0,0.0,0.0,0.0,131.0,1.0,Normal
ADM1894,0,83,11,0.0,0.0,0.0,0.0,0.0,109.0,1.0,Normal
EAM3642,0,1,2,0.0,0.0,0.0,0.0,0.0,0.0,1.0,Normal
KGB0500,0,1,2,0.0,0.0,0.0,0.0,0.0,0.0,1.0,Normal
NAH3759,0,21,12,0.0,0.0,0.0,0.0,0.0,217.0,1.0,Normal
YOH1176,0,1,8,0.0,0.0,0.0,0.0,0.0,11.0,1.0,Normal
NSM2805,0,1,4,0.0,0.0,0.0,0.0,0.0,45.0,1.0,Normal
ACF1806,0,1,7,0.0,0.0,0.0,951.0,1586.0,263.0,1.0,Normal
DBV2736,0,1,4,0.0,0.0,0.0,0.0,0.0,39.0,1.0,Normal
IEG2687,0,111,24,0.0,0.0,0.0,0.0,0.0,107.0,1.0,Normal
SKE3262,0,15,9,0.0,0.0,0.0,0.0,0.0,65.0,1.0,Normal
TAB1870,0,82,10,0.0,0.0,0.0,625.0,1559.0,794.0,-1.0,Anomaly
DNB2574,0,1,15,0.0,0.0,0.0,0.0,0.0,36.0,1.0,Normal
RRH3057,0,29,24,0.0,0.0,0.0,0.0,0.0,380.0,1.0,Normal
WNW2002,0,1,4,0.0,0.0,0.0,448.0,842.0,144.0,1.0,Normal
HBC1540,0,1,2,0.0,0.0,0.0,0.0,0.0,0.0,1.0,Normal
DRF1498,0,76,11,0.0,0.0,0.0,0.0,0.0,1.0,1.0,Normal
SAH2292,0,1,4,0.0,0.0,0.0,0.0,0.0,0.0,1.0,Normal
FKA0393,0,1,3,0.0,0.0,0.0,0.0,0.0,24.0,1.0,Normal
CJH2921,0,1,4,0.0,0.0,0.0,0.0,0.0,12.0,1.0,Normal
SBM2719,0,1,2,0.0,0.0,0.0,0.0,0.0,65.0,1.0,Normal
MWK3854,0,1,4,0.0,0.0,0.0,0.0,0.0,0.0,1.0,Normal
CMH2342,0,89,24,0.0,0.0,0.0,423.0,773.0,186.0,1.0,Normal
QFP3467,0,17,10,0.0,0.0,0.0,194.0,373.0,67.0,1.0,Normal
CQC0997,0,1,4,0.0,0.0,0.0,0.0,0.0,0.0,1.0,Normal
AJH3517,0,1,4,0.0,0.0,0.0,0.0,0.0,107.0,1.0,Normal
BGA0892,0,1,2,0.0,0.0,0.0,0.0,0.0,0.0,1.0,Normal
HGJ2592,0,68,24,0.0,0.0,0.0,2904.0,4820.0,726.0,-1.0,Anomaly
GYH3476,0,23,9,0.0,0.0,0.0,2626.0,4771.0,813.0,-1.0,Anomaly
DHC1989,0,1,3,0.0,0.0,0.0,0.0,0.0,0.0,1.0,Normal
RHB1721,0,1,3,0.0,0.0,0.0,0.0,0.0,0.0,1.0,Normal
OGW0251,0,1,4,0.0,0.0,0.0,0.0,0.0,0.0,1.0,Normal
ABH0349,0,57,10,0.0,0.0,0.0,591.0,1396.0,243.0,1.0,Normal
BBH2509,0,1,7,0.0,0.0,0.0,0.0,0.0,71.0,1.0,Normal
KSO2224,0,1,10,0.0,0.0,0.0,0.0,0.0,2.0,1.0,Normal
CDM2075,0,1,4,0.0,0.0,0.0,0.0,0.0,13.0,1.0,Normal
SQC2334,0,1,9,0.0,0.0,0.0,0.0,0.0,135.0,1.0,Normal
JSB0783,0,105,12,0.0,0.0,0.0,0.0,0.0,47.0,1.0,Normal
HJR3540,0,1,3,0.0,0.0,0.0,0.0,0.0,0.0,1.0,Normal
ABP2003,0,1,3,0.0,0.0,0.0,0.0,0.0,42.0,1.0,Normal
LYS3814,0,91,22,0.0,0.0,0.0,35.0,67.0,30.0,1.0,Normal
MBA1797,0,1,7,0.0,0.0,0.0,0.0,0.0,3.0,1.0,Normal
BQK2024,0,104,11,0.0,0.0,0.0,0.0,0.0,507.0,1.0,Normal
MMM2156,0,1,4,0.0,0.0,0.0,0.0,0.0,1.0,1.0,Normal
TQR3104,0,1,3,0.0,0.0,0.0,0.0,0.0,0.0,1.0,Normal
XUC1092,0,1,4,0.0,0.0,0.0,289.0,512.0,85.0,1.0,Normal
FDV1224,0,1,2,0.0,0.0,0.0,1008.0,1657.0,264.0,-1.0,Anomaly
FDM1933,0,1,3,0.0,0.0,0.0,0.0,0.0,53.0,1.0,Normal
CBL3631,0,104,12,0.0,0.0,0.0,0.0,0.0,20.0,1.0,Normal
LFF1887,0,1,3,0.0,0.0,0.0,0.0,0.0,72.0,1.0,Normal
ATT0293,0,21,10,0.0,0.0,0.0,0.0,0.0,449.0,1.0,Normal
EFJ1685,0,1,4,0.0,0.0,0.0,0.0,0.0,0.0,1.0,Normal
AOM1457,0,22,11,0.0,0.0,0.0,2052.0,3515.0,580.0,-1.0,Anomaly
GDH2500,0,79,24,0.0,0.0,0.0,331.0,344.0,485.0,1.0,Normal
JSR3988,0,1,2,0.0,0.0,0.0,0.0,0.0,0.0,1.0,Normal
IOP1859,0,1,2,0.0,0.0,0.0,0.0,0.0,28.0,1.0,Normal
NJS2498,0,1,14,0.0,0.0,0.0,3048.0,5173.0,794.0,-1.0,Anomaly
CSV3305,0,1,4,0.0,0.0,0.0,0.0,0.0,4.0,1.0,Normal
EMR3880,0,1,16,0.0,0.0,0.0,0.0,0.0,14.0,1.0,Normal
ZAF3065,0,1,3,0.0,0.0,0.0,0.0,0.0,62.0,1.0,Normal
MFW0646,0,1,4,0.0,0.0,0.0,0.0,0.0,96.0,1.0,Normal
GYM1926,0,1,4,0.0,0.0,0.0,0.0,0.0,52.0,1.0,Normal
DFC3287,0,1,3,0.0,0.0,0.0,0.0,0.0,10.0,1.0,Normal
CAP1971,0,1,3,0.0,0.0,0.0,0.0,0.0,125.0,1.0,Normal
HBH2368,0,1,7,0.0,0.0,0.0,0.0,0.0,44.0,1.0,Normal
VIB2070,0,1,7,0.0,0.0,0.0,0.0,0.0,91.0,1.0,Normal
NHE3204,0,1,4,0.0,0.0,0.0,0.0,0.0,0.0,1.0,Normal
BKM3611,0,69,10,0.0,0.0,0.0,0.0,0.0,30.0,1.0,Normal
DAM2705,0,1,2,0.0,0.0,0.0,0.0,0.0,66.0,1.0,Normal
KNM0423,0,1,3,0.0,0.0,0.0,0.0,0.0,0.0,1.0,Normal
MDH3639,0,1,2,0.0,0.0,0.0,0.0,0.0,5.0,1.0,Normal
BRN3289,0,1,2,0.0,0.0,0.0,0.0,0.0,0.0,1.0,Normal
BGA2301,0,1,9,0.0,0.0,0.0,0.0,0.0,54.0,1.0,Normal
SAB0817,0,20,11,0.0,0.0,0.0,230.0,409.0,101.0,1.0,Normal
SJY3732,0,1,4,0.0,0.0,0.0,0.0,0.0,60.0,1.0,Normal
TFB1229,0,1,3,0.0,0.0,0.0,0.0,0.0,22.0,1.0,Normal
MFK0902,0,12,18,0.0,0.0,0.0,142.0,225.0,51.0,1.0,Normal
MSH1269,0,1,4,0.0,0.0,0.0,0.0,0.0,93.0,1.0,Normal
AMA2808,0,1,20,0.0,0.0,0.0,0.0,0.0,18.0,1.0,Normal
PMG1376,0,1,3,0.0,0.0,0.0,0.0,0.0,13.0,1.0,Normal
TNV3213,0,34,9,0.0,0.0,0.0,0.0,0.0,286.0,1.0,Normal
PTO1063,0,930,24,0.0,0.0,0.0,0.0,0.0,0.0,1.0,Normal
DOM0586,0,1,2,0.0,0.0,0.0,51.0,85.0,24.0,1.0,Normal
KLP3864,0,1,19,0.0,0.0,0.0,982.0,1653.0,270.0,1.0,Normal
JHK3122,0,11,22,0.0,0.0,0.0,2843.0,4922.0,846.0,-1.0,Anomaly
BAV0390,0,1,3,0.0,0.0,0.0,0.0,0.0,32.0,1.0,Normal
DFH1681,0,1,2,0.0,0.0,0.0,0.0,0.0,0.0,1.0,Normal
LLG2714,0,1,2,0.0,0.0,0.0,0.0,0.0,0.0,1.0,Normal
TIJ1817,0,150,24,0.0,0.0,0.0,0.0,0.0,556.0,1.0,Normal
CAF1331,0,1,4,0.0,0.0,0.0,0.0,0.0,41.0,1.0,Normal
VFM3223,0,66,12,0.0,0.0,0.0,0.0,0.0,119.0,1.0,Normal
NQO2712,0,42,9,0.0,0.0,0.0,3010.0,5020.0,785.0,-1.0,Anomaly
LBB0453,0,30,7,0.0,0.0,0.0,0.0,0.0,86.0,1.0,Normal
FXD3105,0,110,11,0.0,0.0,0.0,0.0,0.0,71.0,1.0,Normal
AKB3530,0,1,7,0.0,0.0,0.0,38.0,69.0,27.0,1.0,Normal
CYO1575,0,107,14,0.0,0.0,0.0,0.0,0.0,13.0,1.0,Normal
EVO1522,0,1,4,0.0,0.0,0.0,0.0,0.0,3.0,1.0,Normal
FKJ1521,0,1,3,0.0,0.0,0.0,0.0,0.0,9.0,1.0,Normal
HDC2132,0,1,3,0.0,0.0,0.0,0.0,0.0,0.0,1.0,Normal
ANK0777,0,1,4,0.0,0.0,0.0,0.0,0.0,0.0,1.0,Normal
BAW0780,0,1,10,0.0,0.0,0.0,0.0,0.0,39.0,1.0,Normal
VKE0655,0,1,3,0.0,0.0,0.0,0.0,0.0,35.0,1.0,Normal
CMS2897,0,71,24,0.0,0.0,0.0,0.0,0.0,43.0,1.0,Normal
ICH2378,0,12,19,0.0,0.0,0.0,131.0,243.0,55.0,1.0,Normal
CIT0310,0,1,3,0.0,0.0,0.0,0.0,0.0,4.0,1.0,Normal
JHM0583,0,75,11,0.0,0.0,0.0,0.0,0.0,219.0,1.0,Normal
AMH3562,0,1,3,0.0,0.0,0.0,0.0,0.0,28.0,1.0,Normal
CUP2764,0,1,2,0.0,0.0,0.0,0.0,0.0,0.0,1.0,Normal
SAB3286,0,100,12,0.0,0.0,0.0,0.0,0.0,27.0,1.0,Normal
CJT1106,0,1,3,0.0,0.0,0.0,0.0,0.0,54.0,1.0,Normal
JBM3933,0,58,11,0.0,0.0,0.0,0.0,0.0,3.0,1.0,Normal
FVR0881,0,92,10,0.0,0.0,0.0,304.0,511.0,150.0,1.0,Normal
VEW0278,0,1,4,0.0,0.0,0.0,794.0,1413.0,272.0,1.0,Normal
KAH2460,0,1,3,0.0,0.0,0.0,0.0,0.0,42.0,1.0,Normal
AJP1199,0,26,8,0.0,0.0,0.0,0.0,0.0,23.0,1.0,Normal
HCB1643,0,1,10,0.0,0.0,0.0,0.0,0.0,23.0,1.0,Normal
BKW1032,0,1,2,0.0,0.0,0.0,0.0,0.0,55.0,1.0,Normal
OSC1925,0,67,11,0.0,0.0,0.0,3019.0,4842.0,825.0,-1.0,Anomaly
DOT1898,0,1,4,0.0,0.0,0.0,3111.0,3989.0,705.0,-1.0,Anomaly
NCM3725,0,1,4,0.0,0.0,0.0,0.0,0.0,64.0,1.0,Normal
NDA0536,0,1,3,0.0,0.0,0.0,0.0,0.0,0.0,1.0,Normal
GDG2354,0,1,4,0.0,0.0,0.0,0.0,0.0,19.0,1.0,Normal
AGE1244,0,1,4,0.0,0.0,0.0,0.0,0.0,41.0,1.0,Normal
GDM3835,0,1,2,0.0,0.0,0.0,0.0,0.0,57.0,1.0,Normal
FAL1867,0,1,9,0.0,0.0,0.0,3044.0,5018.0,811.0,-1.0,Anomaly
HDG2848,0,1,10,0.0,0.0,0.0,0.0,0.0,11.0,1.0,Normal
HEW2164,0,1,4,0.0,0.0,0.0,0.0,0.0,0.0,1.0,Normal
KMR0682,0,1,2,0.0,0.0,0.0,239.0,136.0,249.0,1.0,Normal
ECA1221,0,1,3,0.0,0.0,0.0,0.0,0.0,0.0,1.0,Normal
ARC1725,0,29,11,0.0,0.0,0.0,0.0,0.0,56.0,1.0,Normal
DRK3644,0,1,2,0.0,0.0,0.0,0.0,0.0,7.0,1.0,Normal
TAB0684,0,83,23,0.0,0.0,0.0,0.0,0.0,563.0,1.0,Normal
NJG2979,0,1,2,0.0,0.0,0.0,0.0,0.0,0.0,1.0,Normal
CMP2946,0,33,11,0.0,0.0,0.0,443.0,381.0,989.0,1.0,Normal
CKP0659,0,1,10,0.0,0.0,0.0,0.0,0.0,89.0,1.0,Normal
HCM2945,0,1,4,0.0,0.0,0.0,0.0,0.0,0.0,1.0,Normal
JDB3127,0,1,3,0.0,0.0,0.0,0.0,0.0,33.0,1.0,Normal
JCR1148,0,20,24,0.0,0.0,0.0,258.0,453.0,101.0,1.0,Normal
KAS2029,0,1,17,0.0,0.0,0.0,0.0,0.0,100.0,1.0,Normal
DAR3637,0,1,2,0.0,0.0,0.0,0.0,0.0,10.0,1.0,Normal
MDG0657,0,1,4,0.0,0.0,0.0,0.0,0.0,37.0,1.0,Normal
ATR3231,0,1,2,0.0,0.0,0.0,0.0,0.0,0.0,1.0,Normal
CTH2220,0,1,10,0.0,0.0,0.0,264.0,471.0,86.0,1.0,Normal
APA1788,0,87,24,0.0,0.0,0.0,627.0,1118.0,198.0,1.0,Normal
TJB0540,0,85,10,0.0,0.0,0.0,1042.0,1832.0,301.0,1.0,Normal
ARC3034,0,23,10,0.0,0.0,0.0,93.0,149.0,100.0,1.0,Normal
ACW0464,0,915,24,0.0,0.0,0.0,0.0,0.0,0.0,1.0,Normal
RAF1290,0,1,4,0.0,0.0,0.0,0.0,0.0,73.0,1.0,Normal
HSP1675,0,1,7,0.0,0.0,0.0,0.0,0.0,11.0,1.0,Normal
PJC1252,0,28,24,0.0,0.0,0.0,188.0,152.0,420.0,1.0,Normal
ARC1223,0,1,3,0.0,0.0,0.0,0.0,0.0,95.0,1.0,Normal
MCS3301,0,1,4,0.0,0.0,0.0,0.0,0.0,21.0,1.0,Normal
AGF2302,0,1,4,0.0,0.0,0.0,0.0,0.0,0.0,1.0,Normal
OJT3599,0,1,19,0.0,0.0,0.0,818.0,1382.0,240.0,1.0,Normal
BWG3220,0,1,2,0.0,0.0,0.0,0.0,0.0,0.0,1.0,Normal
AAC0610,0,1,22,0.0,0.0,0.0,604.0,1056.0,191.0,1.0,Normal
ISH0051,0,1,9,0.0,0.0,0.0,0.0,0.0,28.0,1.0,Normal
SLB2519,0,1,4,0.0,0.0,0.0,0.0,0.0,28.0,1.0,Normal
FJA1848,0,1,11,0.0,0.0,0.0,0.0,0.0,45.0,1.0,Normal
THR3371,0,1,4,0.0,0.0,0.0,0.0,0.0,29.0,1.0,Normal
SLL0504,0,1,2,0.0,0.0,0.0,0.0,0.0,0.0,1.0,Normal
JPJ0227,0,65,11,0.0,0.0,0.0,0.0,0.0,213.0,1.0,Normal
KEH0665,0,1,4,0.0,0.0,0.0,0.0,0.0,18.0,1.0,Normal
LDB3304,0,1,10,0.0,0.0,0.0,141.0,222.0,78.0,1.0,Normal
ZWS3625,0,1,4,0.0,0.0,0.0,0.0,0.0,6.0,1.0,Normal
LAS3757,0,1,4,0.0,0.0,0.0,0.0,0.0,3.0,1.0,Normal
JDH1027,0,1,4,0.0,0.0,0.0,0.0,0.0,11.0,1.0,Normal
CBD0802,0,100,12,0.0,0.0,0.0,0.0,0.0,37.0,1.0,Normal
BBM3688,0,1,3,0.0,0.0,0.0,0.0,0.0,0.0,1.0,Normal
HNB2571,0,15,23,0.0,0.0,0.0,3064.0,5062.0,814.0,-1.0,Anomaly
IPK2575,0,1,2,0.0,0.0,0.0,0.0,0.0,24.0,1.0,Normal
JKD1115,0,86,14,0.0,0.0,0.0,0.0,0.0,527.0,1.0,Normal
RKG2587,0,1,5,0.0,0.0,0.0,0.0,0.0,48.0,1.0,Normal
AVH3584,0,1,3,0.0,0.0,0.0,0.0,0.0,0.0,1.0,Normal
AJK0611,0,1,4,0.0,0.0,0.0,0.0,0.0,44.0,1.0,Normal
PXR3453,0,1,2,0.0,0.0,0.0,0.0,0.0,23.0,1.0,Normal
BNR2527,0,1,4,0.0,0.0,0.0,0.0,0.0,9.0,1.0,Normal
LMJ1783,0,1,4,0.0,0.0,0.0,0.0,0.0,0.0,1.0,Normal
TAP0631,0,1,3,0.0,0.0,0.0,0.0,0.0,0.0,1.0,Normal
CCW3901,0,89,11,0.0,0.0,0.0,0.0,0.0,60.0,1.0,Normal
RWN1705,0,66,11,0.0,0.0,0.0,0.0,0.0,12.0,1.0,Normal
ALN2046,0,1,4,0.0,0.0,0.0,0.0,0.0,50.0,1.0,Normal
AZK0622,0,1,10,0.0,0.0,0.0,0.0,0.0,85.0,1.0,Normal
ASK0599,0,1,4,0.0,0.0,0.0,0.0,0.0,0.0,1.0,Normal
WBL2852,0,1,9,0.0,0.0,0.0,0.0,0.0,8.0,1.0,Normal
OCC0107,0,1,4,0.0,0.0,0.0,0.0,0.0,82.0,1.0,Normal
GSS0841,0,1,4,0.0,0.0,0.0,0.0,0.0,4.0,1.0,Normal
BRB2143,0,1,2,0.0,0.0,0.0,0.0,0.0,25.0,1.0,Normal
JJA1399,0,1,2,0.0,0.0,0.0,0.0,0.0,46.0,1.0,Normal
BAB2968,0,1,2,0.0,0.0,0.0,0.0,0.0,20.0,1.0,Normal
OMP1671,0,1,4,0.0,0.0,0.0,0.0,0.0,0.0,1.0,Normal
EYD2871,0,22,24,0.0,0.0,0.0,3230.0,5116.0,828.0,-1.0,Anomaly
CKL0697,0,17,9,0.0,0.0,0.0,333.0,587.0,143.0,1.0,Normal
CIG1277,0,1,4,0.0,0.0,0.0,0.0,0.0,0.0,1.0,Normal
INB3109,0,1,3,0.0,0.0,0.0,0.0,0.0,47.0,1.0,Normal
HBM0676,0,105,11,0.0,0.0,0.0,0.0,0.0,104.0,1.0,Normal
EPH2834,0,12,19,0.0,0.0,0.0,0.0,0.0,28.0,1.0,Normal
BCH3651,0,1,2,0.0,0.0,0.0,0.0,0.0,9.0,1.0,Normal
AGB0057,0,29,9,0.0,0.0,0.0,54.0,124.0,61.0,1.0,Normal
SHG1281,0,1,4,0.0,0.0,0.0,0.0,0.0,36.0,1.0,Normal
GNT0221,0,13,12,0.0,0.0,0.0,763.0,957.0,626.0,1.0,Normal
KJC3748,0,1,4,0.0,0.0,0.0,0.0,0.0,31.0,1.0,Normal
CMR1470,0,115,11,0.0,0.0,0.0,0.0,0.0,486.0,1.0,Normal
GRP0277,0,119,12,0.0,0.0,0.0,222.0,331.0,1458.0,-1.0,Anomaly
ASC0177,0,81,11,0.0,0.0,0.0,662.0,1152.0,204.0,1.0,Normal
KBM3460,0,76,10,0.0,0.0,0.0,108.0,186.0,362.0,1.0,Normal
BDP3912,0,1,2,0.0,0.0,0.0,38.0,60.0,16.0,1.0,Normal
LQJ3060,0,1,3,0.0,0.0,0.0,0.0,0.0,83.0,1.0,Normal
KTD2249,0,22,10,0.0,0.0,0.0,0.0,0.0,1.0,1.0,Normal
GDY2724,0,88,24,0.0,0.0,0.0,138.0,258.0,106.0,1.0,Normal
FDH0299,0,1,4,0.0,0.0,0.0,0.0,0.0,25.0,1.0,Normal
MAP0215,0,1,4,0.0,0.0,0.0,0.0,0.0,0.0,1.0,Normal
MOB1914,0,1,2,0.0,0.0,0.0,0.0,0.0,0.0,1.0,Normal
IMH0562,0,41,24,0.0,0.0,0.0,211.0,421.0,432.0,1.0,Normal
CIS3471,0,1,4,0.0,0.0,0.0,0.0,0.0,44.0,1.0,Normal
ETM2542,0,1,4,0.0,0.0,0.0,0.0,0.0,20.0,1.0,Normal
CTP3877,0,1,3,0.0,0.0,0.0,0.0,0.0,65.0,1.0,Normal
TCH2216,0,23,12,0.0,0.0,0.0,505.0,971.0,159.0,1.0,Normal
BFR3250,0,107,12,0.0,0.0,0.0,0.0,0.0,69.0,1.0,Normal
DRB1780,0,1,3,0.0,0.0,0.0,0.0,0.0,0.0,1.0,Normal
TBS3382,0,1,4,0.0,0.0,0.0,0.0,0.0,4.0,1.0,Normal
BWW1159,0,1,10,0.0,0.0,0.0,255.0,446.0,88.0,1.0,Normal
AAM0138,0,1,4,0.0,0.0,0.0,0.0,0.0,0.0,1.0,Normal
KHC3350,0,1,3,0.0,0.0,0.0,0.0,0.0,0.0,1.0,Normal
AAB0162,0,1,4,0.0,0.0,0.0,0.0,0.0,30.0,1.0,Normal
UWB0395,0,1,2,0.0,0.0,0.0,0.0,0.0,20.0,1.0,Normal
BKC2698,0,15,9,0.0,0.0,0.0,0.0,0.0,34.0,1.0,Normal
TGP1343,0,1,4,0.0,0.0,0.0,4136.0,5177.0,1056.0,-1.0,Anomaly
PEC0475,0,1,2,0.0,0.0,0.0,0.0,0.0,5.0,1.0,Normal
KAG2599,0,99,12,0.0,0.0,0.0,1025.0,1768.0,285.0,1.0,Normal
AIJ3995,0,72,24,0.0,0.0,0.0,1956.0,3312.0,514.0,-1.0,Anomaly
CWR0117,0,1,3,0.0,0.0,0.0,0.0,0.0,22.0,1.0,Normal
VTB2147,0,1,3,0.0,0.0,0.0,0.0,0.0,78.0,1.0,Normal
KAL1210,0,1,4,0.0,0.0,0.0,0.0,0.0,62.0,1.0,Normal
LDH0574,0,1,4,0.0,0.0,0.0,0.0,0.0,110.0,1.0,Normal
HET0359,0,101,12,0.0,0.0,0.0,858.0,1441.0,274.0,1.0,Normal
ZLG3090,0,1,4,0.0,0.0,0.0,0.0,0.0,0.0,1.0,Normal
BHN2290,0,1,4,0.0,0.0,0.0,0.0,0.0,7.0,1.0,Normal
USC3486,0,1,2,0.0,0.0,0.0,0.0,0.0,0.0,1.0,Normal
HIP0148,0,20,10,0.0,0.0,0.0,2821.0,4899.0,847.0,-1.0,Anomaly
MRS1520,0,1,3,0.0,0.0,0.0,0.0,0.0,0.0,1.0,Normal
BCL2082,0,1,4,0.0,0.0,0.0,0.0,0.0,59.0,1.0,Normal
MCB2802,0,1,8,0.0,0.0,0.0,215.0,369.0,57.0,1.0,Normal
MAH0590,0,1,2,0.0,0.0,0.0,0.0,0.0,7.0,1.0,Normal
BLL3585,0,16,13,0.0,0.0,0.0,56.0,99.0,75.0,1.0,Normal
NMM1560,0,113,14,0.0,0.0,0.0,818.0,1404.0,214.0,1.0,Normal
RLH0358,0,1,7,0.0,0.0,0.0,0.0,0.0,125.0,1.0,Normal
DDC0980,0,111,11,0.0,0.0,0.0,0.0,0.0,16.0,1.0,Normal
WJC2637,0,1,17,0.0,0.0,0.0,0.0,0.0,26.0,1.0,Normal
BJS0053,0,1,2,0.0,0.0,0.0,0.0,0.0,54.0,1.0,Normal
CID3774,0,1,4,0.0,0.0,0.0,0.0,0.0,238.0,1.0,Normal
SMM3221,0,1,2,0.0,0.0,0.0,0.0,0.0,92.0,1.0,Normal
CFL0156,0,31,10,0.0,0.0,0.0,320.0,560.0,131.0,1.0,Normal
QFD1857,0,1,2,0.0,0.0,0.0,0.0,0.0,64.0,1.0,Normal
JDB1620,0,113,10,0.0,0.0,0.0,0.0,0.0,10.0,1.0,Normal
JCC0736,0,1,2,0.0,0.0,0.0,0.0,0.0,0.0,1.0,Normal
NDM2251,0,3,9,0.0,0.0,0.0,14.0,15.0,11.0,1.0,Normal
JAM1676,0,1,2,0.0,0.0,0.0,0.0,0.0,0.0,1.0,Normal
LAF2213,0,88,24,0.0,0.0,0.0,339.0,613.0,87.0,1.0,Normal
PHA0726,0,1,3,0.0,0.0,0.0,0.0,0.0,9.0,1.0,Normal
QSG3297,0,1,2,0.0,0.0,0.0,0.0,0.0,17.0,1.0,Normal
AGC0445,0,1,2,0.0,0.0,0.0,0.0,0.0,78.0,1.0,Normal
RSE2382,0,1,4,0.0,0.0,0.0,0.0,0.0,43.0,1.0,Normal
RCH2447,0,1,21,0.0,0.0,0.0,0.0,0.0,122.0,1.0,Normal
HLZ2414,0,13,10,0.0,0.0,0.0,0.0,0.0,9.0,1.0,Normal
SGF2611,0,116,12,0.0,0.0,0.0,0.0,0.0,158.0,1.0,Normal
ASW1918,0,55,24,0.0,0.0,0.0,24.0,55.0,309.0,1.0,Normal
ROB2744,0,1,3,0.0,0.0,0.0,0.0,0.0,0.0,1.0,Normal
MWH0347,0,1,2,0.0,0.0,0.0,0.0,0.0,0.0,1.0,Normal
RQR3924,0,1,2,0.0,0.0,0.0,0.0,0.0,0.0,1.0,Normal
RAA0675,0,1,4,0.0,0.0,0.0,0.0,0.0,73.0,1.0,Normal
VSF0004,0,1,4,0.0,0.0,0.0,0.0,0.0,84.0,1.0,Normal
LIG2813,0,42,12,0.0,0.0,0.0,0.0,0.0,3.0,1.0,Normal
RJM3227,0,1,2,0.0,0.0,0.0,0.0,0.0,48.0,1.0,Normal
EQT0195,0,1,8,0.0,0.0,0.0,0.0,0.0,37.0,1.0,Normal
LRM1922,0,13,11,0.0,0.0,0.0,575.0,1133.0,206.0,1.0,Normal
CBR2229,0,1,4,0.0,0.0,0.0,0.0,0.0,9.0,1.0,Normal
KBP0899,0,79,24,0.0,0.0,0.0,910.0,1615.0,270.0,1.0,Normal
DWY3973,0,1,4,0.0,0.0,0.0,0.0,0.0,40.0,1.0,Normal
PDG2607,0,1,22,0.0,0.0,0.0,884.0,1585.0,262.0,1.0,Normal
CLA1285,0,1,4,0.0,0.0,0.0,0.0,0.0,0.0,1.0,Normal
GKB2807,0,1,8,0.0,0.0,0.0,825.0,1484.0,233.0,1.0,Normal
CAM3050,0,948,24,0.0,0.0,0.0,845.0,1412.0,379.0,-1.0,Anomaly
TZM0851,0,24,13,0.0,0.0,0.0,741.0,1269.0,236.0,1.0,Normal
DSJ1384,0,1,10,0.0,0.0,0.0,0.0,0.0,133.0,1.0,Normal
DJS1127,0,1,22,0.0,0.0,0.0,1763.0,4411.0,1480.0,-1.0,Anomaly
JFL2674,0,92,11,0.0,0.0,0.0,0.0,0.0,101.0,1.0,Normal
SES2670,0,69,11,0.0,0.0,0.0,0.0,0.0,95.0,1.0,Normal
BRJ2151,0,35,10,0.0,0.0,0.0,0.0,0.0,85.0,1.0,Normal
FCY1157,0,1,3,0.0,0.0,0.0,0.0,0.0,42.0,1.0,Normal
STC3053,0,937,23,0.0,0.0,0.0,0.0,0.0,12.0,-1.0,Anomaly
CNW2408,0,1,3,0.0,0.0,0.0,0.0,0.0,35.0,1.0,Normal
CKD3861,0,1,4,0.0,0.0,0.0,0.0,0.0,9.0,1.0,Normal
DOC1734,0,1,4,0.0,0.0,0.0,0.0,0.0,0.0,1.0,Normal
JJS3884,0,1,11,0.0,0.0,0.0,0.0,0.0,63.0,1.0,Normal
BGH2610,0,1,4,0.0,0.0,0.0,0.0,0.0,4.0,1.0,Normal
LIM1718,0,125,12,0.0,0.0,0.0,0.0,0.0,71.0,1.0,Normal
BDA1906,0,1,2,0.0,0.0,0.0,0.0,0.0,0.0,1.0,Normal
UMF2894,0,24,22,0.0,0.0,0.0,187.0,361.0,548.0,1.0,Normal
HEB3754,0,1,10,0.0,0.0,0.0,0.0,0.0,0.0,1.0,Normal
TDC3116,0,1,4,0.0,0.0,0.0,0.0,0.0,22.0,1.0,Normal
JGR2327,0,1,3,0.0,0.0,0.0,0.0,0.0,0.0,1.0,Normal
WET2108,0,1,2,0.0,0.0,0.0,0.0,0.0,22.0,1.0,Normal
HDC0789,0,1,2,0.0,0.0,0.0,0.0,0.0,126.0,1.0,Normal
DBS1363,0,1,4,0.0,0.0,0.0,0.0,0.0,101.0,1.0,Normal
MMS0241,0,28,11,0.0,0.0,0.0,165.0,290.0,113.0,1.0,Normal
ACS1921,0,94,11,0.0,0.0,0.0,1072.0,1931.0,312.0,1.0,Normal
TGH3351,0,127,12,0.0,0.0,0.0,0.0,0.0,612.0,1.0,Normal
VHM2280,0,1,2,0.0,0.0,0.0,0.0,0.0,58.0,1.0,Normal
SLC0017,0,1,3,0.0,0.0,0.0,0.0,0.0,133.0,1.0,Normal
CRL2357,0,1,20,0.0,0.0,0.0,178.0,334.0,61.0,1.0,Normal
NCT3492,0,1,3,0.0,0.0,0.0,0.0,0.0,0.0,1.0,Normal
WSE1949,0,1,7,0.0,0.0,0.0,0.0,0.0,599.0,1.0,Normal
BJR0774,0,1,4,0.0,0.0,0.0,0.0,0.0,0.0,1.0,Normal
MNB2570,0,1,2,0.0,0.0,0.0,0.0,0.0,13.0,1.0,Normal
CCT2165,0,72,10,0.0,0.0,0.0,495.0,1075.0,295.0,1.0,Normal
CUL3015,0,1,2,0.0,0.0,0.0,0.0,0.0,0.0,1.0,Normal
MRE3723,0,1,4,0.0,0.0,0.0,0.0,0.0,168.0,1.0,Normal
BBV3875,0,1,3,0.0,0.0,0.0,0.0,0.0,7.0,1.0,Normal
WVM1669,0,1,3,0.0,0.0,0.0,0.0,0.0,101.0,1.0,Normal
BBM2604,0,1,10,0.0,0.0,0.0,99.0,201.0,368.0,1.0,Normal
DAL1943,0,1,3,0.0,0.0,0.0,0.0,0.0,0.0,1.0,Normal
AGM3372,0,1,4,0.0,0.0,0.0,0.0,0.0,27.0,1.0,Normal
KRD2100,0,36,10,0.0,0.0,0.0,0.0,0.0,593.0,1.0,Normal
JEH2847,0,1,4,0.0,0.0,0.0,0.0,0.0,0.0,1.0,Normal
EIH0064,0,1,2,0.0,0.0,0.0,0.0,0.0,49.0,1.0,Normal
GST1100,0,1,3,0.0,0.0,0.0,0.0,0.0,0.0,1.0,Normal
TEC2300,0,1,8,0.0,0.0,0.0,0.0,0.0,13.0,1.0,Normal
GTL3389,0,10,12,0.0,0.0,0.0,0.0,0.0,26.0,1.0,Normal
SKM1369,0,1,4,0.0,0.0,0.0,0.0,0.0,48.0,1.0,Normal
RKH1569,0,1,10,0.0,0.0,0.0,0.0,0.0,17.0,1.0,Normal
DWB3415,0,1,2,0.0,0.0,0.0,0.0,0.0,0.0,1.0,Normal
LNR0556,0,1,2,0.0,0.0,0.0,0.0,0.0,17.0,1.0,Normal
RAH1514,0,5,5,0.0,0.0,0.0,0.0,0.0,4.0,1.0,Normal
SVM0077,0,1,3,0.0,0.0,0.0,0.0,0.0,11.0,1.0,Normal
LMH3831,0,1,10,0.0,0.0,0.0,127.0,199.0,108.0,1.0,Normal
TKM1539,0,81,10,0.0,0.0,0.0,2699.0,4844.0,762.0,-1.0,Anomaly
DAH3324,0,1,3,0.0,0.0,0.0,0.0,0.0,15.0,1.0,Normal
CMS0010,0,1,4,0.0,0.0,0.0,0.0,0.0,0.0,1.0,Normal
LOP1055,0,937,24,0.0,0.0,0.0,0.0,0.0,101.0,1.0,Normal
NMC3998,0,16,9,0.0,0.0,0.0,0.0,0.0,20.0,1.0,Normal
KLC3364,0,1,4,0.0,0.0,0.0,0.0,0.0,0.0,1.0,Normal
QMV2796,0,1,3,0.0,0.0,0.0,0.0,0.0,2.0,1.0,Normal
KIC2314,0,18,11,0.0,0.0,0.0,0.0,0.0,119.0,1.0,Normal
GFK3498,0,83,21,0.0,0.0,0.0,256.0,480.0,170.0,1.0,Normal
CNP1183,0,1,4,0.0,0.0,0.0,0.0,0.0,46.0,1.0,Normal
LPH3918,0,20,10,0.0,0.0,0.0,534.0,936.0,156.0,1.0,Normal
SOH3595,0,1,2,0.0,0.0,0.0,0.0,0.0,0.0,1.0,Normal
SOM2865,0,44,11,0.0,0.0,0.0,72.0,131.0,24.0,1.0,Normal
JCS0380,0,1,4,0.0,0.0,0.0,0.0,0.0,0.0,1.0,Normal
QGH0041,0,908,24,0.0,0.0,0.0,808.0,1374.0,500.0,-1.0,Anomaly
NRN2936,0,1,4,0.0,0.0,0.0,0.0,0.0,0.0,1.0,Normal
QJO1715,0,56,10,0.0,0.0,0.0,143.0,282.0,82.0,1.0,Normal
RSG2931,0,1,4,0.0,0.0,0.0,0.0,0.0,0.0,1.0,Normal
GRL2886,0,1,3,0.0,0.0,0.0,0.0,0.0,0.0,1.0,Normal
NNB2730,0,1,4,0.0,0.0,0.0,0.0,0.0,55.0,1.0,Normal
MCW3493,0,1,3,0.0,0.0,0.0,0.0,0.0,0.0,1.0,Normal
LAC0994,0,1,3,0.0,0.0,0.0,0.0,0.0,82.0,1.0,Normal
CSB1660,0,14,7,0.0,0.0,0.0,807.0,1425.0,268.0,1.0,Normal
IRC3952,0,9,24,0.0,0.0,0.0,165.0,274.0,59.0,1.0,Normal
DHS2419,0,115,23,0.0,0.0,0.0,0.0,0.0,102.0,1.0,Normal
DMJ1815,0,1,2,0.0,0.0,0.0,0.0,0.0,37.0,1.0,Normal
TTF2920,0,33,10,0.0,0.0,0.0,0.0,0.0,110.0,1.0,Normal
BSS3551,0,1,2,0.0,0.0,0.0,0.0,0.0,0.0,1.0,Normal
SWK1436,0,1,2,0.0,0.0,0.0,0.0,0.0,5.0,1.0,Normal
DDW3361,0,1,3,0.0,0.0,0.0,0.0,0.0,0.0,1.0,Normal
JSM3633,0,1,2,0.0,0.0,0.0,0.0,0.0,0.0,1.0,Normal
CHB3396,0,1,4,0.0,0.0,0.0,0.0,0.0,0.0,1.0,Normal
EAH1653,0,23,13,0.0,0.0,0.0,0.0,0.0,38.0,1.0,Normal
CTM1961,0,1,2,0.0,0.0,0.0,0.0,0.0,52.0,1.0,Normal
BGR1991,0,1,3,0.0,0.0,0.0,0.0,0.0,49.0,1.0,Normal
MMW1927,0,17,11,0.0,0.0,0.0,131.0,232.0,75.0,1.0,Normal
IIM1947,0,1,8,0.0,0.0,0.0,0.0,0.0,54.0,1.0,Normal
KCR0468,0,1,9,0.0,0.0,0.0,0.0,0.0,43.0,1.0,Normal
KCH3224,0,1,2,0.0,0.0,0.0,0.0,0.0,84.0,1.0,Normal
MEC0781,0,82,10,0.0,0.0,0.0,264.0,496.0,69.0,1.0,Normal
TJM3340,0,1,9,0.0,0.0,0.0,0.0,0.0,12.0,1.0,Normal
CKM0405,0,1,2,0.0,0.0,0.0,0.0,0.0,81.0,1.0,Normal
AEK3566,0,108,10,0.0,0.0,0.0,0.0,0.0,33.0,1.0,Normal
TAP0664,0,1,10,0.0,0.0,0.0,471.0,775.0,868.0,1.0,Normal
BAW1019,0,1,2,0.0,0.0,0.0,0.0,0.0,0.0,1.0,Normal
HOE0301,0,1,4,0.0,0.0,0.0,0.0,0.0,32.0,1.0,Normal
RTM0849,0,1,4,0.0,0.0,0.0,0.0,0.0,7.0,1.0,Normal
EEH0965,0,1,8,0.0,0.0,0.0,0.0,0.0,155.0,1.0,Normal
MKR2258,0,1,2,0.0,0.0,0.0,0.0,0.0,138.0,1.0,Normal
HUC1396,0,1,7,0.0,0.0,0.0,0.0,0.0,62.0,1.0,Normal
KAP2430,0,963,23,0.0,0.0,0.0,0.0,0.0,0.0,-1.0,Anomaly
MME3399,0,1,10,0.0,0.0,0.0,0.0,0.0,24.0,1.0,Normal
RMO2439,0,903,24,0.0,0.0,0.0,0.0,0.0,0.0,1.0,Normal
AJC0722,0,1,4,0.0,0.0,0.0,0.0,0.0,47.0,1.0,Normal
MBA2092,0,1,7,0.0,0.0,0.0,0.0,0.0,12.0,1.0,Normal
PRH2431,0,928,24,0.0,0.0,0.0,0.0,0.0,0.0,1.0,Normal
SAT3766,0,54,12,0.0,0.0,0.0,0.0,0.0,26.0,1.0,Normal
CMS1900,0,8,10,0.0,0.0,0.0,0.0,0.0,307.0,1.0,Normal
ESB2888,0,1,3,0.0,0.0,0.0,0.0,0.0,40.0,1.0,Normal
HNV3655,0,1,2,0.0,0.0,0.0,0.0,0.0,3.0,1.0,Normal
NHN0711,0,1,2,0.0,0.0,0.0,0.0,0.0,0.0,1.0,Normal
QYG1180,0,106,13,0.0,0.0,0.0,0.0,0.0,118.0,1.0,Normal
ABS0677,0,17,11,0.0,0.0,0.0,0.0,0.0,488.0,1.0,Normal
JNW2037,0,91,8,0.0,0.0,0.0,0.0,0.0,518.0,1.0,Normal
MAL2345,0,67,11,0.0,0.0,0.0,47.0,89.0,25.0,1.0,Normal
KCL2310,0,26,9,0.0,0.0,0.0,0.0,0.0,147.0,1.0,Normal
ELW1413,0,82,24,0.0,0.0,0.0,228.0,589.0,699.0,1.0,Normal
QKP3927,0,1,2,0.0,0.0,0.0,0.0,0.0,14.0,1.0,Normal
HMT1024,0,1,2,0.0,0.0,0.0,0.0,0.0,50.0,1.0,Normal
AHP0154,0,1,4,0.0,0.0,0.0,0.0,0.0,16.0,1.0,Normal
JDC3713,0,1,4,0.0,0.0,0.0,0.0,0.0,33.0,1.0,Normal
DNB3545,0,1,7,0.0,0.0,0.0,0.0,0.0,47.0,1.0,Normal
NJH0196,0,1,2,0.0,0.0,0.0,0.0,0.0,0.0,1.0,Normal
CBC0952,0,1,8,0.0,0.0,0.0,139.0,280.0,182.0,1.0,Normal
DMA3455,0,1,4,0.0,0.0,0.0,0.0,0.0,28.0,1.0,Normal
TCG1262,0,1,4,0.0,0.0,0.0,0.0,0.0,33.0,1.0,Normal
EGB3624,0,1,4,0.0,0.0,0.0,0.0,0.0,7.0,1.0,Normal
JDH0295,0,1,3,0.0,0.0,0.0,0.0,0.0,0.0,1.0,Normal
PHB0124,0,79,11,0.0,0.0,0.0,595.0,507.0,655.0,1.0,Normal
ADB3853,0,1,4,0.0,0.0,0.0,0.0,0.0,54.0,1.0,Normal
NMP3872,0,1,3,0.0,0.0,0.0,0.0,0.0,0.0,1.0,Normal
WBM1045,0,916,23,0.0,0.0,0.0,0.0,0.0,0.0,-1.0,Anomaly
DEF0998,0,1,8,0.0,0.0,0.0,0.0,0.0,167.0,1.0,Normal
CRP2489,0,91,12,0.0,0.0,0.0,0.0,0.0,122.0,1.0,Normal
HAG3665,0,1,4,0.0,0.0,0.0,0.0,0.0,4.0,1.0,Normal
DLW2729,0,1,4,0.0,0.0,0.0,0.0,0.0,80.0,1.0,Normal
CSM2819,0,55,12,0.0,0.0,0.0,0.0,0.0,79.0,1.0,Normal
JCH2963,0,1,4,0.0,0.0,0.0,0.0,0.0,49.0,1.0,Normal
HGD1664,0,1,14,0.0,0.0,0.0,1616.0,809.0,984.0,-1.0,Anomaly
STJ2043,0,1,4,0.0,0.0,0.0,0.0,0.0,11.0,1.0,Normal
MJF0334,0,1,2,0.0,0.0,0.0,0.0,0.0,46.0,1.0,Normal
BKA0175,0,1,4,0.0,0.0,0.0,0.0,0.0,25.0,1.0,Normal
TAP1086,0,88,11,0.0,0.0,0.0,0.0,0.0,453.0,1.0,Normal
CSR3140,0,13,11,0.0,0.0,0.0,143.0,254.0,81.0,1.0,Normal
BAH1259,0,1,15,0.0,0.0,0.0,0.0,0.0,19.0,1.0,Normal
TCP2520,0,1,10,0.0,0.0,0.0,0.0,0.0,88.0,1.0,Normal
CGG2688,0,1,4,0.0,0.0,0.0,0.0,0.0,83.0,1.0,Normal
SJD3032,0,1,4,0.0,0.0,0.0,0.0,0.0,106.0,1.0,Normal
MQM1638,0,1,10,0.0,0.0,0.0,0.0,0.0,38.0,1.0,Normal
BKM3410,0,1,4,0.0,0.0,0.0,0.0,0.0,17.0,1.0,Normal
NJS2657,0,1,4,0.0,0.0,0.0,0.0,0.0,47.0,1.0,Normal
KMB3781,0,20,11,0.0,0.0,0.0,945.0,1622.0,280.0,1.0,Normal
WJW3627,0,1,9,0.0,0.0,0.0,0.0,0.0,8.0,1.0,Normal
BMM0462,0,910,24,0.0,0.0,0.0,860.0,1460.0,387.0,-1.0,Anomaly
NIR3987,0,42,24,0.0,0.0,0.0,0.0,0.0,141.0,1.0,Normal
AEW1442,0,1,2,0.0,0.0,0.0,0.0,0.0,31.0,1.0,Normal
IKM1808,0,53,11,0.0,0.0,0.0,1011.0,1706.0,295.0,1.0,Normal
KJS1940,0,87,10,0.0,0.0,0.0,0.0,0.0,37.0,1.0,Normal
DLM2440,0,922,24,0.0,0.0,0.0,909.0,1485.0,319.0,-1.0,Anomaly
IKK3333,0,1,3,0.0,0.0,0.0,0.0,0.0,0.0,1.0,Normal
MKJ1574,0,34,14,0.0,0.0,0.0,112.0,161.0,74.0,1.0,Normal
QGS1841,0,1,10,0.0,0.0,0.0,0.0,0.0,71.0,1.0,Normal
ARJ0912,0,1,4,0.0,0.0,0.0,0.0,0.0,106.0,1.0,Normal
TDV3188,0,108,9,0.0,0.0,0.0,479.0,926.0,151.0,1.0,Normal
NRK3448,0,33,10,0.0,0.0,0.0,0.0,0.0,29.0,1.0,Normal
RHM3909,0,1,2,0.0,0.0,0.0,0.0,0.0,0.0,1.0,Normal
BMC3061,0,1,8,0.0,0.0,0.0,0.0,0.0,61.0,1.0,Normal
RPG0403,0,1,2,0.0,0.0,0.0,0.0,0.0,28.0,1.0,Normal
JHD2499,0,1,7,0.0,0.0,0.0,0.0,0.0,36.0,1.0,Normal
MNP0290,0,1,4,0.0,0.0,0.0,0.0,0.0,56.0,1.0,Normal
LCK1403,0,1,9,0.0,0.0,0.0,0.0,0.0,62.0,1.0,Normal
MBR3648,0,97,12,0.0,0.0,0.0,322.0,570.0,79.0,1.0,Normal
NHH3276,0,1,2,0.0,0.0,0.0,0.0,0.0,3.0,1.0,Normal
EKK0503,0,1,2,0.0,0.0,0.0,0.0,0.0,0.0,1.0,Normal
RCB2424,0,948,24,0.0,0.0,0.0,0.0,0.0,0.0,1.0,Normal
ADM0765,0,1,4,0.0,0.0,0.0,0.0,0.0,25.0,1.0,Normal
BAB0518,0,1,4,0.0,0.0,0.0,0.0,0.0,27.0,1.0,Normal
DCC3689,0,28,9,0.0,0.0,0.0,0.0,0.0,2.0,1.0,Normal
VBN0984,0,23,23,0.0,0.0,0.0,0.0,0.0,29.0,1.0,Normal
PAS2864,0,1,4,0.0,0.0,0.0,0.0,0.0,11.0,1.0,Normal
BOV1609,0,1,3,0.0,0.0,0.0,0.0,0.0,1099.0,1.0,Normal
SCL2577,0,27,18,0.0,0.0,0.0,766.0,1532.0,634.0,-1.0,Anomaly
SCR0898,0,1,2,0.0,0.0,0.0,0.0,0.0,0.0,1.0,Normal
BCB0294,0,1,4,0.0,0.0,0.0,0.0,0.0,0.0,1.0,Normal
AAC3270,0,1,2,0.0,0.0,0.0,0.0,0.0,8.0,1.0,Normal
NHR1220,0,1,3,0.0,0.0,0.0,0.0,0.0,0.0,1.0,Normal
JHH2770,0,1,2,0.0,0.0,0.0,0.0,0.0,23.0,1.0,Normal
VNG0916,0,88,24,0.0,0.0,0.0,964.0,1615.0,303.0,1.0,Normal
VJM2715,0,1,2,0.0,0.0,0.0,0.0,0.0,57.0,1.0,Normal
BCO0877,0,1,2,0.0,0.0,0.0,0.0,0.0,20.0,1.0,Normal
RTA1201,0,1,2,0.0,0.0,0.0,0.0,0.0,13.0,1.0,Normal
MSR2850,0,87,24,0.0,0.0,0.0,0.0,0.0,7.0,1.0,Normal
GDS3165,0,1,4,0.0,0.0,0.0,0.0,0.0,44.0,1.0,Normal
GVC1358,0,28,10,0.0,0.0,0.0,341.0,594.0,122.0,1.0,Normal
TJS3067,0,22,24,0.0,0.0,0.0,767.0,1305.0,232.0,1.0,Normal
JKG3329,0,24,12,0.0,0.0,0.0,0.0,0.0,179.0,1.0,Normal
GRY1398,0,40,11,0.0,0.0,0.0,237.0,411.0,136.0,1.0,Normal
RNM0466,0,916,24,0.0,0.0,0.0,0.0,0.0,12.0,1.0,Normal
CQH1505,0,1,4,0.0,0.0,0.0,0.0,0.0,0.0,1.0,Normal
ADM0158,0,17,4,0.0,0.0,0.0,0.0,0.0,12.0,1.0,Normal
BHM0430,0,1,4,0.0,0.0,0.0,0.0,0.0,70.0,1.0,Normal
AUA0826,0,1,4,0.0,0.0,0.0,0.0,0.0,0.0,1.0,Normal
TDV1034,0,1,3,0.0,0.0,0.0,0.0,0.0,33.0,1.0,Normal
IJC1553,0,1,3,0.0,0.0,0.0,0.0,0.0,0.0,1.0,Normal
WGM1823,0,1,4,0.0,0.0,0.0,0.0,0.0,66.0,1.0,Normal
MNB3094,0,1,10,0.0,0.0,0.0,0.0,0.0,65.0,1.0,Normal
LBG0407,0,27,10,0.0,0.0,0.0,209.0,131.0,147.0,1.0,Normal
CHM2081,0,1,4,0.0,0.0,0.0,0.0,0.0,15.0,1.0,Normal
ACP2122,0,17,11,0.0,0.0,0.0,0.0,0.0,124.0,1.0,Normal
NBP0217,0,92,24,0.0,0.0,0.0,0.0,0.0,137.0,1.0,Normal
ROH3778,0,1,2,0.0,0.0,0.0,0.0,0.0,25.0,1.0,Normal
WES2531,0,1,4,0.0,0.0,0.0,0.0,0.0,17.0,1.0,Normal
LLG1238,0,1,4,0.0,0.0,0.0,0.0,0.0,18.0,1.0,Normal
TJL2113,0,1,3,0.0,0.0,0.0,0.0,0.0,38.0,1.0,Normal
ZHT3869,0,1,4,0.0,0.0,0.0,0.0,0.0,52.0,1.0,Normal
RHG1647,0,1,3,0.0,0.0,0.0,0.0,0.0,0.0,1.0,Normal
KAB1420,0,1,2,0.0,0.0,0.0,0.0,0.0,39.0,1.0,Normal
AED1421,0,52,24,0.0,0.0,0.0,2807.0,4850.0,760.0,-1.0,Anomaly
EJG1655,0,1,4,0.0,0.0,0.0,0.0,0.0,0.0,1.0,Normal
AFB3228,0,1,21,0.0,0.0,0.0,134.0,247.0,103.0,1.0,Normal
DNM3903,0,1,3,0.0,0.0,0.0,0.0,0.0,54.0,1.0,Normal
CAC3741,0,1,4,0.0,0.0,0.0,0.0,0.0,15.0,1.0,Normal
KIC1000,0,1,2,0.0,0.0,0.0,0.0,0.0,64.0,1.0,Normal
LBW3159,0,63,11,0.0,0.0,0.0,0.0,0.0,102.0,1.0,Normal
NNJ1215,0,1,4,0.0,0.0,0.0,0.0,0.0,77.0,1.0,Normal
VNC1607,0,1,3,0.0,0.0,0.0,0.0,0.0,0.0,1.0,Normal
SIP2293,0,24,9,0.0,0.0,0.0,0.0,0.0,39.0,1.0,Normal
AJV0176,0,1,4,0.0,0.0,0.0,0.0,0.0,14.0,1.0,Normal
KNM1674,0,1,4,0.0,0.0,0.0,0.0,0.0,18.0,1.0,Normal
LIC0203,0,51,9,0.0,0.0,0.0,79.0,140.0,85.0,1.0,Normal
AJS3021,0,117,10,0.0,0.0,0.0,112.0,218.0,861.0,1.0,Normal
BAB0541,0,101,10,0.0,0.0,0.0,0.0,0.0,27.0,1.0,Normal
FFP2270,0,21,10,0.0,0.0,0.0,0.0,0.0,215.0,1.0,Normal
GDF3524,0,1,2,0.0,0.0,0.0,0.0,0.0,3.0,1.0,Normal
EJS1338,0,82,10,0.0,0.0,0.0,467.0,458.0,768.0,1.0,Normal
NJP1439,0,1,4,0.0,0.0,0.0,0.0,0.0,7.0,1.0,Normal
XKW2303,0,1,4,0.0,0.0,0.0,0.0,0.0,27.0,1.0,Normal
LCW0047,0,931,24,0.0,0.0,0.0,813.0,1359.0,865.0,-1.0,Anomaly
IKT0917,0,12,23,0.0,0.0,0.0,1016.0,1735.0,274.0,1.0,Normal
KRH1028,0,34,24,0.0,0.0,0.0,1009.0,1655.0,248.0,1.0,Normal
FZM0318,0,41,12,0.0,0.0,0.0,167.0,126.0,307.0,1.0,Normal
XCL1792,0,59,13,0.0,0.0,0.0,3543.0,6019.0,924.0,-1.0,Anomaly
CMH0776,0,1,4,0.0,0.0,0.0,0.0,0.0,11.0,1.0,Normal
CBG1142,0,25,10,0.0,0.0,0.0,0.0,0.0,42.0,1.0,Normal
DHB2364,0,1,2,0.0,0.0,0.0,0.0,0.0,0.0,1.0,Normal
CAG2442,0,970,24,0.0,0.0,0.0,846.0,1385.0,296.0,-1.0,Anomaly
KEC2465,0,1,3,0.0,0.0,0.0,735.0,1285.0,220.0,1.0,Normal
MCY0601,0,1,4,0.0,0.0,0.0,0.0,0.0,0.0,1.0,Normal
TKP0210,0,81,12,0.0,0.0,0.0,0.0,0.0,548.0,1.0,Normal
ZAR2140,0,1,2,0.0,0.0,0.0,0.0,0.0,0.0,1.0,Normal
ITM0906,0,1,2,0.0,0.0,0.0,0.0,0.0,0.0,1.0,Normal
LIW0379,0,1,4,0.0,0.0,0.0,0.0,0.0,0.0,1.0,Normal
TKD2115,0,1,3,0.0,0.0,0.0,0.0,0.0,14.0,1.0,Normal
CHB3647,0,1,2,0.0,0.0,0.0,0.0,0.0,10.0,1.0,Normal
MDE2114,0,32,24,0.0,0.0,0.0,0.0,0.0,53.0,1.0,Normal
QJA3887,0,1,3,0.0,0.0,0.0,0.0,0.0,123.0,1.0,Normal
LBF1992,0,1,4,0.0,0.0,0.0,0.0,0.0,30.0,1.0,Normal
APP3678,0,79,13,0.0,0.0,0.0,0.0,0.0,94.0,1.0,Normal
AKI3229,0,1,4,0.0,0.0,0.0,0.0,0.0,48.0,1.0,Normal
APS3553,0,1,3,0.0,0.0,0.0,0.0,0.0,0.0,1.0,Normal
CSE1265,0,1,4,0.0,0.0,0.0,0.0,0.0,17.0,1.0,Normal
BJM2491,0,1,2,0.0,0.0,0.0,0.0,0.0,0.0,1.0,Normal
AKW1679,0,1,2,0.0,0.0,0.0,0.0,0.0,4.0,1.0,Normal
JDC2176,0,30,24,0.0,0.0,0.0,342.0,617.0,205.0,1.0,Normal
QSG2525,0,1,10,0.0,0.0,0.0,0.0,0.0,57.0,1.0,Normal
HLO2756,0,43,24,0.0,0.0,0.0,0.0,0.0,33.0,1.0,Normal
GDM3960,0,88,14,0.0,0.0,0.0,1372.0,2401.0,414.0,-1.0,Anomaly
NJS2473,0,1,2,0.0,0.0,0.0,0.0,0.0,23.0,1.0,Normal
MKC2767,0,1,22,0.0,0.0,0.0,0.0,0.0,84.0,1.0,Normal
RKE1589,0,1,4,0.0,0.0,0.0,0.0,0.0,90.0,1.0,Normal
YNR2544,0,1,4,0.0,0.0,0.0,0.0,0.0,0.0,1.0,Normal
LMH1987,0,1,2,0.0,0.0,0.0,0.0,0.0,86.0,1.0,Normal
VCR3103,0,1,3,0.0,0.0,0.0,0.0,0.0,28.0,1.0,Normal
KLM1357,0,62,23,0.0,0.0,0.0,0.0,0.0,70.0,1.0,Normal
ODB1853,0,1,2,0.0,0.0,0.0,0.0,0.0,62.0,1.0,Normal
MKO0749,0,1,4,0.0,0.0,0.0,0.0,0.0,0.0,1.0,Normal
UCM3537,0,1,8,0.0,0.0,0.0,0.0,0.0,36.0,1.0,Normal
DJA0740,0,43,23,0.0,0.0,0.0,760.0,1294.0,235.0,1.0,Normal
KBV1602,0,72,10,0.0,0.0,0.0,0.0,0.0,82.0,1.0,Normal
MBL1247,0,1,4,0.0,0.0,0.0,0.0,0.0,71.0,1.0,Normal
DZW0126,0,1,3,0.0,0.0,0.0,0.0,0.0,47.0,1.0,Normal
HCH3338,0,1,3,0.0,0.0,0.0,0.0,0.0,0.0,1.0,Normal
LBM0614,0,1,4,0.0,0.0,0.0,0.0,0.0,14.0,1.0,Normal
SVM3947,0,1,4,0.0,0.0,0.0,0.0,0.0,0.0,1.0,Normal
LAO2771,0,1,2,0.0,0.0,0.0,0.0,0.0,28.0,1.0,Normal
LWH0180,0,1,4,0.0,0.0,0.0,0.0,0.0,53.0,1.0,Normal
RAH3181,0,1,2,0.0,0.0,0.0,0.0,0.0,28.0,1.0,Normal
CSM3502,0,1,21,0.0,0.0,0.0,244.0,528.0,457.0,1.0,Normal
ARP1144,0,1,10,0.0,0.0,0.0,0.0,0.0,102.0,1.0,Normal
SBJ3628,0,1,3,0.0,0.0,0.0,0.0,0.0,0.0,1.0,Normal
MCH3354,0,54,24,0.0,0.0,0.0,1657.0,482.0,643.0,-1.0,Anomaly
NGV3638,0,1,7,0.0,0.0,0.0,0.0,0.0,8.0,1.0,Normal
PDC1453,0,1,4,0.0,0.0,0.0,0.0,0.0,44.0,1.0,Normal
SNV2423,0,1,8,0.0,0.0,0.0,0.0,0.0,599.0,1.0,Normal
MNC3485,0,1,4,0.0,0.0,0.0,0.0,0.0,132.0,1.0,Normal
SBG3983,0,40,20,0.0,0.0,0.0,0.0,0.0,12.0,1.0,Normal
ZVS1637,0,1,4,0.0,0.0,0.0,0.0,0.0,0.0,1.0,Normal
ULP1169,0,1,3,0.0,0.0,0.0,0.0,0.0,39.0,1.0,Normal
CDW2000,0,1,8,0.0,0.0,0.0,0.0,0.0,72.0,1.0,Normal
ACL2943,0,1,10,0.0,0.0,0.0,0.0,0.0,90.0,1.0,Normal
YKW1763,0,953,24,0.0,0.0,0.0,0.0,0.0,52.0,1.0,Normal
OJM1324,0,1,4,0.0,0.0,0.0,0.0,0.0,29.0,1.0,Normal
SRC2524,0,1,4,0.0,0.0,0.0,0.0,0.0,89.0,1.0,Normal
XAB3746,0,39,12,0.0,0.0,0.0,0.0,0.0,7.0,1.0,Normal
EMH1957,0,1,3,0.0,0.0,0.0,0.0,0.0,0.0,1.0,Normal
WGC1081,0,1,3,0.0,0.0,0.0,0.0,0.0,82.0,1.0,Normal
ESN2683,0,1,4,0.0,0.0,0.0,0.0,0.0,51.0,1.0,Normal
WNO1466,0,110,24,0.0,0.0,0.0,0.0,0.0,187.0,1.0,Normal
WMM3904,0,1,2,0.0,0.0,0.0,0.0,0.0,0.0,1.0,Normal
CHL3430,0,1,3,0.0,0.0,0.0,0.0,0.0,83.0,1.0,Normal
CPM1627,0,1,8,0.0,0.0,0.0,0.0,0.0,28.0,1.0,Normal
BMR1662,0,1,3,0.0,0.0,0.0,0.0,0.0,95.0,1.0,Normal
TCR3994,0,1,2,0.0,0.0,0.0,0.0,0.0,14.0,1.0,Normal
BKS1860,0,1,2,0.0,0.0,0.0,0.0,0.0,0.0,1.0,Normal
REL3735,0,1,4,0.0,0.0,0.0,0.0,0.0,121.0,1.0,Normal
CHH2272,0,1,7,0.0,0.0,0.0,0.0,0.0,62.0,1.0,Normal
TJT3412,0,1,3,0.0,0.0,0.0,0.0,0.0,0.0,1.0,Normal
AHH1966,0,1,3,0.0,0.0,0.0,0.0,0.0,0.0,1.0,Normal
IRW2130,0,1,3,0.0,0.0,0.0,0.0,0.0,0.0,1.0,Normal
KKP2284,0,1,4,0.0,0.0,0.0,0.0,0.0,13.0,1.0,Normal
ANH3059,0,1,4,0.0,0.0,0.0,0.0,0.0,69.0,1.0,Normal
CTG3770,0,1,4,0.0,0.0,0.0,0.0,0.0,47.0,1.0,Normal
MHH0034,0,1,2,0.0,0.0,0.0,0.0,0.0,60.0,1.0,Normal
KRM3125,0,1,8,0.0,0.0,0.0,827.0,1407.0,255.0,1.0,Normal
FSM0056,0,26,10,0.0,0.0,0.0,657.0,1109.0,197.0,1.0,Normal
AKS3496,0,6,9,0.0,0.0,0.0,491.0,678.0,156.0,1.0,Normal
GAB1885,0,1,4,0.0,0.0,0.0,0.0,0.0,71.0,1.0,Normal
HCS2231,0,57,10,0.0,0.0,0.0,294.0,511.0,99.0,1.0,Normal
CKC3072,0,1,2,0.0,0.0,0.0,0.0,0.0,0.0,1.0,Normal
JSN0214,0,55,12,0.0,0.0,0.0,2569.0,4292.0,711.0,-1.0,Anomaly
CBM0410,0,14,24,0.0,0.0,0.0,0.0,0.0,802.0,1.0,Normal
PLH1807,0,36,24,0.0,0.0,0.0,882.0,1500.0,248.0,1.0,Normal
ACG3819,0,21,24,0.0,0.0,0.0,272.0,523.0,117.0,1.0,Normal
NIW3071,0,56,11,0.0,0.0,0.0,52.0,116.0,67.0,1.0,Normal
FPL3129,0,1,4,0.0,0.0,0.0,0.0,0.0,16.0,1.0,Normal
TCB0061,0,107,9,0.0,0.0,0.0,0.0,0.0,105.0,1.0,Normal
WGD3156,0,1,10,0.0,0.0,0.0,0.0,0.0,14.0,1.0,Normal
BLS1973,0,21,13,0.0,0.0,0.0,0.0,0.0,69.0,1.0,Normal
AHG1408,0,1,2,0.0,0.0,0.0,0.0,0.0,0.0,1.0,Normal
RMR0341,0,1,3,0.0,0.0,0.0,0.0,0.0,0.0,1.0,Normal
ATB1273,0,1,10,0.0,0.0,0.0,0.0,0.0,198.0,1.0,Normal
CKP3600,0,1,8,0.0,0.0,0.0,71.0,128.0,71.0,1.0,Normal
JJB3398,0,1,4,0.0,0.0,0.0,0.0,0.0,0.0,1.0,Normal
TSS3643,0,1,2,0.0,0.0,0.0,0.0,0.0,15.0,1.0,Normal
ACW1707,0,1,3,0.0,0.0,0.0,0.0,0.0,49.0,1.0,Normal
SHW3011,0,1,4,0.0,0.0,0.0,0.0,0.0,0.0,1.0,Normal
PTS0531,0,13,9,0.0,0.0,0.0,0.0,0.0,0.0,1.0,Normal
KNS2828,0,1,4,0.0,0.0,0.0,0.0,0.0,12.0,1.0,Normal
GVC0049,0,237,23,0.0,0.0,0.0,0.0,0.0,11.0,1.0,Normal
DLM0608,0,1,4,0.0,0.0,0.0,0.0,0.0,19.0,1.0,Normal
DCM3596,0,27,24,0.0,0.0,0.0,0.0,0.0,123.0,1.0,Normal
WNC0858,0,1,2,0.0,0.0,0.0,0.0,0.0,0.0,1.0,Normal
MSP3845,0,65,13,0.0,0.0,0.0,206.0,645.0,581.0,1.0,Normal
CDP2892,0,1,3,0.0,0.0,0.0,0.0,0.0,99.0,1.0,Normal
JCB2089,0,56,10,0.0,0.0,0.0,1974.0,3281.0,564.0,-1.0,Anomaly
KBA1020,0,1,4,0.0,0.0,0.0,0.0,0.0,0.0,1.0,Normal
GJB2659,0,24,11,0.0,0.0,0.0,181.0,336.0,95.0,1.0,Normal
ACM2278,0,1,14,0.0,0.0,0.0,7.0,22.0,83.0,1.0,Normal
NPR1612,0,1,8,0.0,0.0,0.0,0.0,0.0,45.0,1.0,Normal
RIJ2470,0,1,3,0.0,0.0,0.0,0.0,0.0,0.0,1.0,Normal
RRA0643,0,1,4,0.0,0.0,0.0,0.0,0.0,31.0,1.0,Normal
GOM0090,0,1,4,0.0,0.0,0.0,0.0,0.0,35.0,1.0,Normal
LRT0447,0,1,4,0.0,0.0,0.0,0.0,0.0,68.0,1.0,Normal
ACB0701,0,1,20,0.0,0.0,0.0,212.0,219.0,242.0,1.0,Normal
NRG1562,0,1,16,0.0,0.0,0.0,96.0,145.0,108.0,1.0,Normal
LAN2608,0,108,12,0.0,0.0,0.0,0.0,0.0,133.0,1.0,Normal
HBB1759,0,1056,24,0.0,0.0,0.0,0.0,0.0,155.0,-1.0,Anomaly
CGW3093,0,1,4,0.0,0.0,0.0,0.0,0.0,18.0,1.0,Normal
KDT1190,0,1,4,0.0,0.0,0.0,0.0,0.0,21.0,1.0,Normal
CCH1724,0,1,4,0.0,0.0,0.0,0.0,0.0,0.0,1.0,Normal
SJB2984,0,1,2,0.0,0.0,0.0,0.0,0.0,0.0,1.0,Normal
SXR0964,0,1,3,0.0,0.0,0.0,0.0,0.0,30.0,1.0,Normal
NDS1897,0,1,3,0.0,0.0,0.0,0.0,0.0,18.0,1.0,Normal
GMA1698,0,1,9,0.0,0.0,0.0,0.0,0.0,41.0,1.0,Normal
RIK1631,0,1,4,0.0,0.0,0.0,0.0,0.0,18.0,1.0,Normal
SAM3862,0,1,4,0.0,0.0,0.0,0.0,0.0,0.0,1.0,Normal
SJG1194,0,1,2,0.0,0.0,0.0,0.0,0.0,68.0,1.0,Normal
NBW2810,0,82,12,0.0,0.0,0.0,176.0,356.0,158.0,1.0,Normal
RPW2445,0,1,2,0.0,0.0,0.0,0.0,0.0,21.0,1.0,Normal
RTW2758,0,1,4,0.0,0.0,0.0,0.0,0.0,55.0,1.0,Normal
BRC1811,0,1,20,0.0,0.0,0.0,0.0,0.0,7.0,1.0,Normal
NYS2040,0,1,2,0.0,0.0,0.0,0.0,0.0,53.0,1.0,Normal
POD0750,0,89,11,0.0,0.0,0.0,0.0,0.0,555.0,1.0,Normal
MNW2267,0,31,11,0.0,0.0,0.0,0.0,0.0,620.0,1.0,Normal
DYH0315,0,1,4,0.0,0.0,0.0,0.0,0.0,17.0,1.0,Normal
KCH2475,0,1,17,0.0,0.0,0.0,0.0,0.0,23.0,1.0,Normal
PIM3569,0,1,8,0.0,0.0,0.0,0.0,0.0,147.0,1.0,Normal
KSM1772,0,941,24,0.0,0.0,0.0,0.0,0.0,21.0,1.0,Normal
BTG3468,0,1,4,0.0,0.0,0.0,0.0,0.0,21.0,1.0,Normal
HCF2857,0,13,11,0.0,0.0,0.0,229.0,435.0,70.0,1.0,Normal
SLD1639,0,1,4,0.0,0.0,0.0,0.0,0.0,0.0,1.0,Normal
NNJ2986,0,1,2,0.0,0.0,0.0,0.0,0.0,0.0,1.0,Normal
WBB2321,0,72,11,0.0,0.0,0.0,0.0,0.0,371.0,1.0,Normal
KOP3802,0,1,3,0.0,0.0,0.0,0.0,0.0,0.0,1.0,Normal
HYV1658,0,1,3,0.0,0.0,0.0,0.0,0.0,0.0,1.0,Normal
IGB1902,0,1,5,0.0,0.0,0.0,0.0,0.0,65.0,1.0,Normal
SHC1585,0,1,4,0.0,0.0,0.0,0.0,0.0,0.0,1.0,Normal
GUC3945,0,1,10,0.0,0.0,0.0,0.0,0.0,10.0,1.0,Normal
LCC2503,0,1,2,0.0,0.0,0.0,0.0,0.0,15.0,1.0,Normal
KBG1117,0,72,23,0.0,0.0,0.0,0.0,0.0,30.0,1.0,Normal
DOW1266,0,1,4,0.0,0.0,0.0,0.0,0.0,0.0,1.0,Normal
CEB3714,0,1,4,0.0,0.0,0.0,0.0,0.0,0.0,1.0,Normal
HWP0364,0,1,9,0.0,0.0,0.0,900.0,1557.0,391.0,1.0,Normal
CMC1642,0,1,10,0.0,0.0,0.0,0.0,0.0,11.0,1.0,Normal
RPF2614,0,1,2,0.0,0.0,0.0,0.0,0.0,55.0,1.0,Normal
LNB2991,0,1,2,0.0,0.0,0.0,0.0,0.0,0.0,1.0,Normal
SDB3500,0,1,3,0.0,0.0,0.0,0.0,0.0,0.0,1.0,Normal
QGS3009,0,1,2,0.0,0.0,0.0,0.0,0.0,29.0,1.0,Normal
ADV2467,0,1,2,0.0,0.0,0.0,0.0,0.0,0.0,1.0,Normal
LIC3646,0,1,4,0.0,0.0,0.0,0.0,0.0,13.0,1.0,Normal
ETB0828,0,1,4,0.0,0.0,0.0,0.0,0.0,59.0,1.0,Normal
CDS2792,0,1,4,0.0,0.0,0.0,0.0,0.0,0.0,1.0,Normal
JWB1519,0,1,4,0.0,0.0,0.0,0.0,0.0,8.0,1.0,Normal
ZER0085,0,1,2,0.0,0.0,0.0,0.0,0.0,0.0,1.0,Normal
KNL0918,0,1,4,0.0,0.0,0.0,0.0,0.0,68.0,1.0,Normal
MAR2386,0,1,4,0.0,0.0,0.0,2656.0,4459.0,747.0,-1.0,Anomaly
NLP0155,0,1,4,0.0,0.0,0.0,0.0,0.0,19.0,1.0,Normal
WYC3397,0,1,4,0.0,0.0,0.0,0.0,0.0,0.0,1.0,Normal
COD2351,0,1,2,0.0,0.0,0.0,0.0,0.0,28.0,1.0,Normal
JSB0320,0,1,7,0.0,0.0,0.0,0.0,0.0,41.0,1.0,Normal
GMY3938,0,1,4,0.0,0.0,0.0,0.0,0.0,15.0,1.0,Normal
HAL1200,0,1,2,0.0,0.0,0.0,0.0,0.0,17.0,1.0,Normal
KEF0629,0,25,24,0.0,0.0,0.0,248.0,182.0,191.0,1.0,Normal
NKN3153,0,1,4,0.0,0.0,0.0,0.0,0.0,0.0,1.0,Normal
AKL1605,0,4,10,0.0,0.0,0.0,1793.0,3217.0,487.0,-1.0,Anomaly
INR0927,0,1,3,0.0,0.0,0.0,0.0,0.0,13.0,1.0,Normal
BWA2593,0,1,8,0.0,0.0,0.0,0.0,0.0,72.0,1.0,Normal
HES2103,0,13,20,0.0,0.0,0.0,0.0,0.0,41.0,1.0,Normal
RAS0223,0,1,3,0.0,0.0,0.0,0.0,0.0,132.0,1.0,Normal
KMB1379,0,1,3,0.0,0.0,0.0,0.0,0.0,17.0,1.0,Normal
GSA2720,0,1,3,0.0,0.0,0.0,0.0,0.0,42.0,1.0,Normal
GFV3163,0,1,4,0.0,0.0,0.0,0.0,0.0,44.0,1.0,Normal
RMR2694,0,1,2,0.0,0.0,0.0,0.0,0.0,69.0,1.0,Normal
XFF1302,0,4,5,0.0,0.0,0.0,0.0,0.0,0.0,1.0,Normal
THF2879,0,22,11,0.0,0.0,0.0,55.0,124.0,218.0,1.0,Normal
RMB0885,0,1,2,0.0,0.0,0.0,0.0,0.0,0.0,1.0,Normal
DWB3085,0,95,11,0.0,0.0,0.0,706.0,1260.0,224.0,1.0,Normal
HNM3405,0,90,24,0.0,0.0,0.0,380.0,686.0,122.0,1.0,Normal
UMB0055,0,79,12,0.0,0.0,0.0,1172.0,1930.0,319.0,1.0,Normal
ADM0923,0,84,23,0.0,0.0,0.0,136.0,323.0,667.0,1.0,Normal
WZG3563,0,105,10,0.0,0.0,0.0,0.0,0.0,87.0,1.0,Normal
SAB1954,0,21,23,0.0,0.0,0.0,180.0,115.0,519.0,1.0,Normal
XJB0548,0,1,2,0.0,0.0,0.0,0.0,0.0,0.0,1.0,Normal
RNB0519,0,1,4,0.0,0.0,0.0,0.0,0.0,0.0,1.0,Normal
ABK0481,0,1,3,0.0,0.0,0.0,0.0,0.0,5.0,1.0,Normal
KEW2795,0,1,4,0.0,0.0,0.0,0.0,0.0,23.0,1.0,Normal
ALP2955,0,1,4,0.0,0.0,0.0,0.0,0.0,46.0,1.0,Normal
KNB0560,0,1,2,0.0,0.0,0.0,0.0,0.0,0.0,1.0,Normal
DBS0880,0,1,3,0.0,0.0,0.0,0.0,0.0,7.0,1.0,Normal
CCB3055,0,965,24,0.0,0.0,0.0,0.0,0.0,157.0,-1.0,Anomaly
WEV2867,0,81,11,0.0,0.0,0.0,0.0,0.0,19.0,1.0,Normal
REC2555,0,1,2,0.0,0.0,0.0,0.0,0.0,32.0,1.0,Normal
IHW2112,0,1,8,0.0,0.0,0.0,0.0,0.0,87.0,1.0,Normal
SGP1124,0,1,9,0.0,0.0,0.0,0.0,0.0,79.0,1.0,Normal
MAY0978,0,1,4,0.0,0.0,0.0,0.0,0.0,13.0,1.0,Normal
WAA2573,0,1,8,0.0,0.0,0.0,0.0,0.0,6.0,1.0,Normal
DBC3871,0,91,9,0.0,0.0,0.0,651.0,1143.0,207.0,1.0,Normal
RRT1417,0,1,7,0.0,0.0,0.0,0.0,0.0,94.0,1.0,Normal
KCB1975,0,84,13,0.0,0.0,0.0,0.0,0.0,85.0,1.0,Normal
SJS0323,0,1,4,0.0,0.0,0.0,0.0,0.0,13.0,1.0,Normal
PLH0411,0,1,3,0.0,0.0,0.0,0.0,0.0,32.0,1.0,Normal
IMS2191,0,1,2,0.0,0.0,0.0,0.0,0.0,19.0,1.0,Normal
DSB2734,0,1,4,0.0,0.0,0.0,0.0,0.0,52.0,1.0,Normal
ACG0312,0,110,9,0.0,0.0,0.0,0.0,0.0,20.0,1.0,Normal
GSM0930,0,93,10,0.0,0.0,0.0,0.0,0.0,14.0,1.0,Normal
CBG2875,0,108,11,0.0,0.0,0.0,0.0,0.0,96.0,1.0,Normal
WAS2214,0,6,16,0.0,0.0,0.0,3015.0,5060.0,806.0,-1.0,Anomaly
CHA3190,0,30,9,0.0,0.0,0.0,0.0,0.0,703.0,1.0,Normal
SRR2711,0,107,9,0.0,0.0,0.0,188.0,380.0,141.0,1.0,Normal
XIW0171,0,38,11,0.0,0.0,0.0,159.0,339.0,76.0,1.0,Normal
KPB1123,0,126,14,0.0,0.0,0.0,0.0,0.0,100.0,1.0,Normal
SKF2105,0,8,21,0.0,0.0,0.0,196.0,436.0,294.0,1.0,Normal
RJM3957,0,89,11,0.0,0.0,0.0,0.0,0.0,21.0,1.0,Normal
HBS2551,0,1,10,0.0,0.0,0.0,0.0,0.0,62.0,1.0,Normal
GES2626,0,1,10,0.0,0.0,0.0,0.0,0.0,49.0,1.0,Normal
YBJ0071,0,1,4,0.0,0.0,0.0,0.0,0.0,237.0,1.0,Normal
SME1984,0,1,4,0.0,0.0,0.0,0.0,0.0,26.0,1.0,Normal
MUH3099,0,1,4,0.0,0.0,0.0,0.0,0.0,0.0,1.0,Normal
MDM2496,0,1,4,0.0,0.0,0.0,0.0,0.0,59.0,1.0,Normal
CJM0584,0,1,2,0.0,0.0,0.0,61.0,88.0,63.0,1.0,Normal
BIT2790,0,1,9,0.0,0.0,0.0,0.0,0.0,10.0,1.0,Normal
UCW2995,0,22,10,0.0,0.0,0.0,231.0,427.0,101.0,1.0,Normal
ATC0218,0,1,4,0.0,0.0,0.0,0.0,0.0,0.0,1.0,Normal
MAM2630,0,1,4,0.0,0.0,0.0,0.0,0.0,26.0,1.0,Normal
SKB2635,0,1,4,0.0,0.0,0.0,0.0,0.0,0.0,1.0,Normal
MSB2786,0,1,3,0.0,0.0,0.0,0.0,0.0,21.0,1.0,Normal
KKS3790,0,1,4,0.0,0.0,0.0,0.0,0.0,87.0,1.0,Normal
SAR2066,0,1,7,0.0,0.0,0.0,0.0,0.0,281.0,1.0,Normal
QIC1832,0,1,4,0.0,0.0,0.0,0.0,0.0,0.0,1.0,Normal
YHB2355,0,81,11,0.0,0.0,0.0,66.0,127.0,194.0,1.0,Normal
LSM2234,0,1,4,0.0,0.0,0.0,0.0,0.0,10.0,1.0,Normal
LNK3345,0,25,12,0.0,0.0,0.0,0.0,0.0,11.0,1.0,Normal
CAM0679,0,1,7,0.0,0.0,0.0,254.0,476.0,102.0,1.0,Normal
AZA1012,0,1,9,0.0,0.0,0.0,0.0,0.0,34.0,1.0,Normal
POS0615,0,1,18,0.0,0.0,0.0,0.0,0.0,231.0,1.0,Normal
RCL0068,0,1,4,0.0,0.0,0.0,0.0,0.0,0.0,1.0,Normal
VDH0766,0,1,4,0.0,0.0,0.0,0.0,0.0,40.0,1.0,Normal
DHL2219,0,1,10,0.0,0.0,0.0,788.0,1369.0,219.0,1.0,Normal
TDR0111,0,1,7,0.0,0.0,0.0,111.0,202.0,48.0,1.0,Normal
BFD1111,0,1,4,0.0,0.0,0.0,0.0,0.0,54.0,1.0,Normal
IRS1337,0,27,10,0.0,0.0,0.0,410.0,703.0,133.0,1.0,Normal
TRW3172,0,1,4,0.0,0.0,0.0,0.0,0.0,0.0,1.0,Normal
AAC0668,0,1,4,0.0,0.0,0.0,0.0,0.0,62.0,1.0,Normal
SGR1164,0,37,13,0.0,0.0,0.0,0.0,0.0,0.0,1.0,Normal
RCD2501,0,1,4,0.0,0.0,0.0,0.0,0.0,35.0,1.0,Normal
RJH3796,0,1,2,0.0,0.0,0.0,0.0,0.0,54.0,1.0,Normal
GHM3953,0,1,4,0.0,0.0,0.0,0.0,0.0,0.0,1.0,Normal
VON3443,0,1,2,0.0,0.0,0.0,0.0,0.0,0.0,1.0,Normal
PDM0304,0,1,4,0.0,0.0,0.0,0.0,0.0,0.0,1.0,Normal
SCP3664,0,1,4,0.0,0.0,0.0,0.0,0.0,17.0,1.0,Normal
TBL2581,0,109,24,0.0,0.0,0.0,155.0,294.0,110.0,1.0,Normal
LFS0392,0,1,2,0.0,0.0,0.0,0.0,0.0,9.0,1.0,Normal
MLV0088,0,1,4,0.0,0.0,0.0,0.0,0.0,16.0,1.0,Normal
JIP3170,0,1,4,0.0,0.0,0.0,0.0,0.0,0.0,1.0,Normal
BMC3636,0,97,24,0.0,0.0,0.0,75.0,170.0,256.0,1.0,Normal
VSC0775,0,60,24,0.0,0.0,0.0,0.0,0.0,696.0,1.0,Normal
ERF2472,0,85,10,0.0,0.0,0.0,0.0,0.0,562.0,1.0,Normal
WTG3411,0,1,2,0.0,0.0,0.0,0.0,0.0,49.0,1.0,Normal
CLD1641,0,1,4,0.0,0.0,0.0,0.0,0.0,30.0,1.0,Normal
FGC0114,0,43,9,0.0,0.0,0.0,249.0,420.0,147.0,1.0,Normal
FCY1819,0,1,2,0.0,0.0,0.0,0.0,0.0,0.0,1.0,Normal
VPG2530,0,83,10,0.0,0.0,0.0,0.0,0.0,64.0,1.0,Normal
SME0418,0,1,4,0.0,0.0,0.0,0.0,0.0,19.0,1.0,Normal
ATM1003,0,1,4,0.0,0.0,0.0,0.0,0.0,0.0,1.0,Normal
JMV0602,0,9,11,0.0,0.0,0.0,181.0,163.0,247.0,1.0,Normal
SZC2235,0,1,4,0.0,0.0,0.0,0.0,0.0,0.0,1.0,Normal
GPL1911,0,1,2,0.0,0.0,0.0,0.0,0.0,56.0,1.0,Normal
JIB1218,0,1,4,0.0,0.0,0.0,0.0,0.0,0.0,1.0,Normal
GSH1593,0,1,3,0.0,0.0,0.0,0.0,0.0,60.0,1.0,Normal
LRS1165,0,1,4,0.0,0.0,0.0,0.0,0.0,49.0,1.0,Normal
ADG1430,0,1,8,0.0,0.0,0.0,0.0,0.0,116.0,1.0,Normal
BHD2088,0,36,22,0.0,0.0,0.0,71.0,161.0,57.0,1.0,Normal
JDB0738,0,1,8,0.0,0.0,0.0,0.0,0.0,60.0,1.0,Normal
GLN2107,0,22,13,0.0,0.0,0.0,422.0,448.0,484.0,1.0,Normal
WRJ2184,0,55,9,0.0,0.0,0.0,132.0,241.0,111.0,1.0,Normal
KSH0672,0,1,4,0.0,0.0,0.0,0.0,0.0,11.0,1.0,Normal
SWE3155,0,1,10,0.0,0.0,0.0,0.0,0.0,90.0,1.0,Normal
QXH0396,0,1,8,0.0,0.0,0.0,0.0,0.0,21.0,1.0,Normal
RAS0356,0,1,3,0.0,0.0,0.0,0.0,0.0,0.0,1.0,Normal
CGB2215,0,1,4,0.0,0.0,0.0,0.0,0.0,0.0,1.0,Normal
CBB2904,0,16,11,0.0,0.0,0.0,673.0,1122.0,187.0,1.0,Normal
MMD2022,0,1,2,0.0,0.0,0.0,0.0,0.0,50.0,1.0,Normal
MSB0830,0,1,4,0.0,0.0,0.0,0.0,0.0,0.0,1.0,Normal
NBR1873,0,1,2,0.0,0.0,0.0,0.0,0.0,47.0,1.0,Normal
RTP0754,0,58,11,0.0,0.0,0.0,64.0,94.0,446.0,1.0,Normal
ZJA2373,0,1,4,0.0,0.0,0.0,0.0,0.0,45.0,1.0,Normal
HYK3300,0,1,8,0.0,0.0,0.0,937.0,1565.0,250.0,1.0,Normal
BKF2204,0,24,13,0.0,0.0,0.0,0.0,0.0,29.0,1.0,Normal
KCF0450,0,1,9,0.0,0.0,0.0,0.0,0.0,135.0,1.0,Normal
NCR2854,0,67,11,0.0,0.0,0.0,283.0,495.0,80.0,1.0,Normal
CHH3583,0,1,4,0.0,0.0,0.0,0.0,0.0,80.0,1.0,Normal
NEC2033,0,1,2,0.0,0.0,0.0,0.0,0.0,85.0,1.0,Normal
PAA2738,0,102,13,0.0,0.0,0.0,0.0,0.0,76.0,1.0,Normal
CIJ3941,0,1,4,0.0,0.0,0.0,0.0,0.0,0.0,1.0,Normal
BEH2307,0,18,9,0.0,0.0,0.0,0.0,0.0,260.0,1.0,Normal
KLD2255,0,1,2,0.0,0.0,0.0,0.0,0.0,14.0,1.0,Normal
LND2704,0,1,7,0.0,0.0,0.0,0.0,0.0,70.0,1.0,Normal
KCO0287,0,1,3,0.0,0.0,0.0,0.0,0.0,0.0,1.0,Normal
SDM3560,0,1,3,0.0,0.0,0.0,0.0,0.0,26.0,1.0,Normal
TEW0693,0,47,9,0.0,0.0,0.0,0.0,0.0,62.0,1.0,Normal
KVB3830,0,1,3,0.0,0.0,0.0,0.0,0.0,0.0,1.0,Normal
EJP2975,0,44,9,0.0,0.0,0.0,0.0,0.0,279.0,1.0,Normal
HDB1666,0,1,19,0.0,0.0,0.0,362.0,659.0,122.0,1.0,Normal
LAR0625,0,95,22,0.0,0.0,0.0,0.0,0.0,35.0,1.0,Normal
GKA3690,0,1,3,0.0,0.0,0.0,0.0,0.0,0.0,1.0,Normal
SKM1287,0,1,4,0.0,0.0,0.0,0.0,0.0,86.0,1.0,Normal
MCJ3137,0,1,4,0.0,0.0,0.0,0.0,0.0,40.0,1.0,Normal
CSM1212,0,54,12,0.0,0.0,0.0,0.0,0.0,13.0,1.0,Normal
NDW1863,0,1,9,0.0,0.0,0.0,0.0,0.0,164.0,1.0,Normal
EDJ1970,0,1,8,0.0,0.0,0.0,0.0,0.0,307.0,1.0,Normal
BLB1876,0,95,10,0.0,0.0,0.0,519.0,1262.0,976.0,-1.0,Anomaly
TDK1689,0,134,12,0.0,0.0,0.0,169.0,336.0,78.0,1.0,Normal
JHF0480,0,1,18,0.0,0.0,0.0,0.0,0.0,49.0,1.0,Normal
LOC0416,0,1,4,0.0,0.0,0.0,0.0,0.0,0.0,1.0,Normal
XEJ0773,0,1,4,0.0,0.0,0.0,0.0,0.0,0.0,1.0,Normal
JCP3883,0,22,24,0.0,0.0,0.0,0.0,0.0,55.0,1.0,Normal
BQW1904,0,1,2,0.0,0.0,0.0,0.0,0.0,48.0,1.0,Normal
FES3442,0,1,2,0.0,0.0,0.0,0.0,0.0,38.0,1.0,Normal
CCG1025,0,20,11,0.0,0.0,0.0,0.0,0.0,100.0,1.0,Normal
EGP2104,0,1,2,0.0,0.0,0.0,0.0,0.0,33.0,1.0,Normal
AMB3100,0,118,12,0.0,0.0,0.0,162.0,337.0,122.0,1.0,Normal
AGS2462,0,1,3,0.0,0.0,0.0,0.0,0.0,0.0,1.0,Normal
SWE1349,0,1,4,0.0,0.0,0.0,0.0,0.0,29.0,1.0,Normal
ASK2349,0,1,4,0.0,0.0,0.0,0.0,0.0,17.0,1.0,Normal
ACA0360,0,1,3,0.0,0.0,0.0,0.0,0.0,22.0,1.0,Normal
DHG0533,0,52,9,0.0,0.0,0.0,492.0,936.0,176.0,1.0,Normal
ZAP1762,0,951,24,0.0,0.0,0.0,0.0,0.0,169.0,-1.0,Anomaly
NSC1939,0,1,10,0.0,0.0,0.0,96.0,169.0,46.0,1.0,Normal
MRT1855,0,1,2,0.0,0.0,0.0,0.0,0.0,0.0,1.0,Normal
KNA1279,0,1,4,0.0,0.0,0.0,0.0,0.0,44.0,1.0,Normal
BNK0087,0,1,4,0.0,0.0,0.0,0.0,0.0,17.0,1.0,Normal
MDS0759,0,1,10,0.0,0.0,0.0,0.0,0.0,48.0,1.0,Normal
CKL3556,0,24,4,0.0,0.0,0.0,0.0,0.0,46.0,1.0,Normal
BIG3946,0,1,4,0.0,0.0,0.0,0.0,0.0,0.0,1.0,Normal
UYW1162,0,1,3,0.0,0.0,0.0,0.0,0.0,0.0,1.0,Normal
MHM2370,0,1,2,0.0,0.0,0.0,0.0,0.0,9.0,1.0,Normal
MCF3187,0,1,2,0.0,0.0,0.0,0.0,0.0,144.0,1.0,Normal
SJG1510,0,1,4,0.0,0.0,0.0,0.0,0.0,12.0,1.0,Normal
ZXM3086,0,1,4,0.0,0.0,0.0,0.0,0.0,80.0,1.0,Normal
RHO0678,0,1,17,0.0,0.0,0.0,0.0,0.0,49.0,1.0,Normal
QKV2583,0,1,3,0.0,0.0,0.0,0.0,0.0,0.0,1.0,Normal
YJP2791,0,1,4,0.0,0.0,0.0,0.0,0.0,0.0,1.0,Normal
IHH2831,0,1,4,0.0,0.0,0.0,0.0,0.0,16.0,1.0,Normal
KBB0460,0,939,24,0.0,0.0,0.0,0.0,0.0,126.0,1.0,Normal
ISR1364,0,78,13,0.0,0.0,0.0,895.0,1603.0,301.0,1.0,Normal
KAA2259,0,1,2,0.0,0.0,0.0,0.0,0.0,84.0,1.0,Normal
KCT3965,0,1,4,0.0,0.0,0.0,0.0,0.0,21.0,1.0,Normal
GJG1087,0,1,10,0.0,0.0,0.0,0.0,0.0,44.0,1.0,Normal
BKR3302,0,1,4,0.0,0.0,0.0,0.0,0.0,0.0,1.0,Normal
TSH3841,0,1,2,0.0,0.0,0.0,0.0,0.0,57.0,1.0,Normal
OAW3013,0,1,4,0.0,0.0,0.0,141.0,257.0,45.0,1.0,Normal
RJB1424,0,1,3,0.0,0.0,0.0,0.0,0.0,0.0,1.0,Normal
HKA0686,0,1,2,0.0,0.0,0.0,0.0,0.0,77.0,1.0,Normal
DBG3320,0,1,4,0.0,0.0,0.0,0.0,0.0,0.0,1.0,Normal
KFG2735,0,1,8,0.0,0.0,0.0,0.0,0.0,14.0,1.0,Normal
CBA1023,0,26,13,0.0,0.0,0.0,262.0,460.0,119.0,1.0,Normal
JJB1598,0,1,17,0.0,0.0,0.0,0.0,0.0,104.0,1.0,Normal
HLC0943,0,80,10,0.0,0.0,0.0,0.0,0.0,53.0,1.0,Normal
XRP3102,0,1,4,0.0,0.0,0.0,0.0,0.0,0.0,1.0,Normal
DTH1333,0,58,22,0.0,0.0,0.0,684.0,1174.0,221.0,1.0,Normal
SLM2404,0,1,2,0.0,0.0,0.0,0.0,0.0,124.0,1.0,Normal
SHB3512,0,15,23,0.0,0.0,0.0,0.0,0.0,191.0,1.0,Normal
ABG3605,0,1,3,0.0,0.0,0.0,0.0,0.0,64.0,1.0,Normal
SBH3683,0,1,3,0.0,0.0,0.0,0.0,0.0,13.0,1.0,Normal
MBP1960,0,1,2,0.0,0.0,0.0,0.0,0.0,5.0,1.0,Normal
ADS2428,0,923,23,0.0,0.0,0.0,0.0,0.0,27.0,1.0,Normal
RFB2959,0,1,10,0.0,0.0,0.0,0.0,0.0,763.0,1.0,Normal
AVV2056,0,1,4,0.0,0.0,0.0,0.0,0.0,0.0,1.0,Normal
RKL2682,0,1,4,0.0,0.0,0.0,0.0,0.0,39.0,1.0,Normal
TJB2532,0,1,4,0.0,0.0,0.0,0.0,0.0,0.0,1.0,Normal
IIB2553,0,1,4,0.0,0.0,0.0,0.0,0.0,28.0,1.0,Normal
GAF2480,0,1,22,0.0,0.0,0.0,313.0,539.0,102.0,1.0,Normal
DCC2999,0,27,12,0.0,0.0,0.0,0.0,0.0,152.0,1.0,Normal
REF3266,0,17,24,0.0,0.0,0.0,776.0,1553.0,349.0,1.0,Normal
TRC1831,0,1,4,0.0,0.0,0.0,0.0,0.0,0.0,1.0,Normal
JSB2942,0,1,4,0.0,0.0,0.0,0.0,0.0,82.0,1.0,Normal
SCJ2279,0,1,2,0.0,0.0,0.0,0.0,0.0,109.0,1.0,Normal
KAG0689,0,117,24,0.0,0.0,0.0,0.0,0.0,647.0,1.0,Normal
KSN3347,0,1,3,0.0,0.0,0.0,0.0,0.0,0.0,1.0,Normal
ARV0704,0,1,7,0.0,0.0,0.0,325.0,585.0,110.0,1.0,Normal
ILS0713,0,1,2,0.0,0.0,0.0,0.0,0.0,13.0,1.0,Normal
LRS1168,0,1,3,0.0,0.0,0.0,0.0,0.0,37.0,1.0,Normal
JZM1335,0,1,4,0.0,0.0,0.0,0.0,0.0,30.0,1.0,Normal
AFB1626,0,1,4,0.0,0.0,0.0,0.0,0.0,0.0,1.0,Normal
CSC0233,0,1,2,0.0,0.0,0.0,0.0,0.0,107.0,1.0,Normal
RSV3166,0,2,9,0.0,0.0,0.0,211.0,175.0,217.0,1.0,Normal
KEC0785,0,1,2,0.0,0.0,0.0,0.0,0.0,61.0,1.0,Normal
TDG2727,0,1,4,0.0,0.0,0.0,0.0,0.0,35.0,1.0,Normal
RJM0343,0,1,2,0.0,0.0,0.0,0.0,0.0,3.0,1.0,Normal
DTA2223,0,1,10,0.0,0.0,0.0,542.0,947.0,138.0,1.0,Normal
DDG0528,0,1,8,0.0,0.0,0.0,1073.0,1824.0,328.0,1.0,Normal
CSG1600,0,1,3,0.0,0.0,0.0,0.0,0.0,90.0,1.0,Normal
GDB2960,0,1,4,0.0,0.0,0.0,0.0,0.0,10.0,1.0,Normal
ZCR0558,0,104,24,0.0,0.0,0.0,193.0,350.0,115.0,1.0,Normal
HUM0431,0,1,3,0.0,0.0,0.0,0.0,0.0,0.0,1.0,Normal
HYF1048,0,923,23,0.0,0.0,0.0,0.0,0.0,0.0,-1.0,Anomaly
HJH2977,0,1,2,0.0,0.0,0.0,0.0,0.0,5.0,1.0,Normal
TZG2263,0,1,2,0.0,0.0,0.0,0.0,0.0,0.0,1.0,Normal
OBH3008,0,1,2,0.0,0.0,0.0,0.0,0.0,104.0,1.0,Normal
DEY2638,0,1,4,0.0,0.0,0.0,0.0,0.0,40.0,1.0,Normal
ALB1254,0,1,2,0.0,0.0,0.0,0.0,0.0,60.0,1.0,Normal
KDT3290,0,13,11,0.0,0.0,0.0,0.0,0.0,2.0,1.0,Normal
MDM3580,0,1,13,0.0,0.0,0.0,0.0,0.0,62.0,1.0,Normal
URC3818,0,84,11,0.0,0.0,0.0,572.0,964.0,175.0,1.0,Normal
CDC3413,0,91,10,0.0,0.0,0.0,190.0,359.0,133.0,1.0,Normal
TPM3141,0,1,4,0.0,0.0,0.0,0.0,0.0,0.0,1.0,Normal
REG2171,0,1,10,0.0,0.0,0.0,0.0,0.0,1.0,1.0,Normal
DBF3635,0,135,24,0.0,0.0,0.0,362.0,681.0,110.0,1.0,Normal
WRM2803,0,127,12,0.0,0.0,0.0,0.0,0.0,36.0,1.0,Normal
CSG0135,0,1,3,0.0,0.0,0.0,0.0,0.0,55.0,1.0,Normal
TAM2031,0,1,4,0.0,0.0,0.0,639.0,1041.0,219.0,1.0,Normal
ABH2671,0,1,3,0.0,0.0,0.0,0.0,0.0,0.0,1.0,Normal
RDA3381,0,23,12,0.0,0.0,0.0,390.0,720.0,143.0,1.0,Normal
RNB2679,0,1,4,0.0,0.0,0.0,0.0,0.0,0.0,1.0,Normal
DCB0401,0,1,9,0.0,0.0,0.0,637.0,1136.0,239.0,1.0,Normal
KLM0714,0,1,4,0.0,0.0,0.0,0.0,0.0,47.0,1.0,Normal
KNM1154,0,56,19,0.0,0.0,0.0,0.0,0.0,32.0,1.0,Normal
ESH1283,0,103,11,0.0,0.0,0.0,0.0,0.0,79.0,1.0,Normal
EBD2562,0,83,11,0.0,0.0,0.0,396.0,698.0,141.0,1.0,Normal
NDW3217,0,55,12,0.0,0.0,0.0,107.0,263.0,239.0,1.0,Normal
VJB1699,0,1,10,0.0,0.0,0.0,0.0,0.0,6.0,1.0,Normal
BXT2678,0,42,11,0.0,0.0,0.0,528.0,387.0,356.0,1.0,Normal
TZY3133,0,12,8,0.0,0.0,0.0,138.0,284.0,70.0,1.0,Normal
NAK2784,0,1,4,0.0,0.0,0.0,0.0,0.0,0.0,1.0,Normal
NJL2478,0,1,7,0.0,0.0,0.0,466.0,846.0,188.0,1.0,Normal
AIB1567,0,1,4,0.0,0.0,0.0,0.0,0.0,18.0,1.0,Normal
LGF1503,0,1,4,0.0,0.0,0.0,0.0,0.0,19.0,1.0,Normal
NBD2469,0,1,3,0.0,0.0,0.0,0.0,0.0,14.0,1.0,Normal
ANF3332,0,6,22,0.0,0.0,0.0,153.0,476.0,221.0,1.0,Normal
JGN1767,0,949,24,0.0,0.0,0.0,0.0,0.0,46.0,1.0,Normal
GND1618,0,73,10,0.0,0.0,0.0,0.0,0.0,82.0,1.0,Normal
HLC1172,0,87,13,0.0,0.0,0.0,0.0,0.0,44.0,1.0,Normal
ALH1494,0,1,4,0.0,0.0,0.0,0.0,0.0,24.0,1.0,Normal
DIW1749,0,1,4,0.0,0.0,0.0,0.0,0.0,202.0,1.0,Normal
MLG2305,0,1,4,0.0,0.0,0.0,0.0,0.0,0.0,1.0,Normal
ADW2832,0,1,4,0.0,0.0,0.0,0.0,0.0,0.0,1.0,Normal
CSR1682,0,1,2,0.0,0.0,0.0,0.0,0.0,9.0,1.0,Normal
PSP3592,0,25,9,0.0,0.0,0.0,771.0,1323.0,242.0,1.0,Normal
HMG0642,0,1,2,0.0,0.0,0.0,0.0,0.0,0.0,1.0,Normal
ZTB2410,0,1,3,0.0,0.0,0.0,0.0,0.0,0.0,1.0,Normal
CJS1986,0,1,2,0.0,0.0,0.0,119.0,214.0,62.0,1.0,Normal
BJC3423,0,1,7,0.0,0.0,0.0,0.0,0.0,36.0,1.0,Normal
RPS3617,0,13,22,0.0,0.0,0.0,3213.0,4972.0,822.0,-1.0,Anomaly
LRU3765,0,1,4,0.0,0.0,0.0,0.0,0.0,0.0,1.0,Normal
DFC2060,0,1,15,0.0,0.0,0.0,0.0,0.0,227.0,1.0,Normal
FBM3728,0,1,4,0.0,0.0,0.0,0.0,0.0,29.0,1.0,Normal
SHN0104,0,1,3,0.0,0.0,0.0,0.0,0.0,11.0,1.0,Normal
OHD2274,0,91,11,0.0,0.0,0.0,0.0,0.0,69.0,1.0,Normal
DWB0865,0,1,2,0.0,0.0,0.0,0.0,0.0,0.0,1.0,Normal
URC2874,0,131,11,0.0,0.0,0.0,0.0,0.0,147.0,1.0,Normal
CQS2883,0,26,11,0.0,0.0,0.0,230.0,425.0,137.0,1.0,Normal
SSA0346,0,1,3,0.0,0.0,0.0,0.0,0.0,18.0,1.0,Normal
AVH0566,0,1,15,0.0,0.0,0.0,0.0,0.0,469.0,1.0,Normal
KSW3237,0,1,7,0.0,0.0,0.0,0.0,0.0,37.0,1.0,Normal
SCC2526,0,1,4,0.0,0.0,0.0,0.0,0.0,45.0,1.0,Normal
JCC0059,0,1,2,0.0,0.0,0.0,0.0,0.0,0.0,1.0,Normal
ALL0289,0,62,13,0.0,0.0,0.0,0.0,0.0,65.0,1.0,Normal
MCB0591,0,1,4,0.0,0.0,0.0,0.0,0.0,0.0,1.0,Normal
EKH0934,0,1,7,0.0,0.0,0.0,0.0,0.0,144.0,1.0,Normal
SCM3950,0,1,10,0.0,0.0,0.0,944.0,1682.0,320.0,1.0,Normal
BMH1069,0,20,24,0.0,0.0,0.0,0.0,0.0,249.0,1.0,Normal
SAM2567,0,1,2,0.0,0.0,0.0,0.0,0.0,104.0,1.0,Normal
JBI0654,0,1,4,0.0,0.0,0.0,0.0,0.0,142.0,1.0,Normal
AJW1246,0,1,4,0.0,0.0,0.0,0.0,0.0,19.0,1.0,Normal
CAG3049,0,949,24,0.0,0.0,0.0,0.0,0.0,46.0,1.0,Normal
ILK3668,0,1,21,0.0,0.0,0.0,1834.0,3117.0,531.0,-1.0,Anomaly
ADB1105,0,44,22,0.0,0.0,0.0,207.0,372.0,70.0,1.0,Normal
TAE1559,0,1,10,0.0,0.0,0.0,0.0,0.0,8.0,1.0,Normal
SJR0452,0,1,3,0.0,0.0,0.0,0.0,0.0,105.0,1.0,Normal
NLN0513,0,1,4,0.0,0.0,0.0,0.0,0.0,65.0,1.0,Normal
QAS1692,0,1,9,0.0,0.0,0.0,0.0,0.0,19.0,1.0,Normal
LRF0101,0,1,2,0.0,0.0,0.0,0.0,0.0,25.0,1.0,Normal
AIP1614,0,72,24,0.0,0.0,0.0,3052.0,4921.0,727.0,-1.0,Anomaly
MMH2878,0,1,3,0.0,0.0,0.0,0.0,0.0,0.0,1.0,Normal
LDW0620,0,21,10,0.0,0.0,0.0,0.0,0.0,67.0,1.0,Normal
BOJ2179,0,1,2,0.0,0.0,0.0,0.0,0.0,6.0,1.0,Normal
KGS3466,0,1,2,0.0,0.0,0.0,0.0,0.0,0.0,1.0,Normal
YCL0650,0,83,11,0.0,0.0,0.0,0.0,0.0,70.0,1.0,Normal
WUH2238,0,1,4,0.0,0.0,0.0,0.0,0.0,7.0,1.0,Normal
DGG3429,0,42,10,0.0,0.0,0.0,177.0,120.0,325.0,1.0,Normal
KLM2448,0,1,2,0.0,0.0,0.0,0.0,0.0,105.0,1.0,Normal
RGR0706,0,1,2,0.0,0.0,0.0,0.0,0.0,3.0,1.0,Normal
RJS3256,0,1,2,0.0,0.0,0.0,0.0,0.0,3.0,1.0,Normal
SDE2662,0,16,11,0.0,0.0,0.0,0.0,0.0,50.0,1.0,Normal
MCK0435,0,29,11,0.0,0.0,0.0,0.0,0.0,845.0,1.0,Normal
RJF3634,0,1,2,0.0,0.0,0.0,0.0,0.0,5.0,1.0,Normal
RXN2265,0,105,11,0.0,0.0,0.0,0.0,0.0,128.0,1.0,Normal
ZNA0921,0,1,4,0.0,0.0,0.0,0.0,0.0,0.0,1.0,Normal
LAW1407,0,1,2,0.0,0.0,0.0,0.0,0.0,73.0,1.0,Normal
DJH0971,0,125,11,0.0,0.0,0.0,0.0,0.0,34.0,1.0,Normal
JUL1835,0,1,4,0.0,0.0,0.0,0.0,0.0,111.0,1.0,Normal
MKN3375,0,1,4,0.0,0.0,0.0,0.0,0.0,72.0,1.0,Normal
LJH2619,0,83,10,0.0,0.0,0.0,0.0,0.0,50.0,1.0,Normal
XIW2655,0,20,11,0.0,0.0,0.0,0.0,0.0,132.0,1.0,Normal
JJB2367,0,1,2,0.0,0.0,0.0,0.0,0.0,37.0,1.0,Normal
OUH0741,0,1,3,0.0,0.0,0.0,0.0,0.0,33.0,1.0,Normal
SER2158,0,1,4,0.0,0.0,0.0,0.0,0.0,0.0,1.0,Normal
HLS2733,0,1,4,0.0,0.0,0.0,0.0,0.0,16.0,1.0,Normal
JEM0546,0,1,7,0.0,0.0,0.0,1597.0,1528.0,542.0,-1.0,Anomaly
RHF0046,0,918,24,0.0,0.0,0.0,0.0,0.0,74.0,1.0,Normal
MND1058,0,452,23,0.0,0.0,0.0,0.0,0.0,0.0,1.0,Normal
AAS3428,0,62,10,0.0,0.0,0.0,0.0,0.0,170.0,1.0,Normal
JRB1080,0,1,8,0.0,0.0,0.0,0.0,0.0,115.0,1.0,Normal
LCH1789,0,1,4,0.0,0.0,0.0,0.0,0.0,20.0,1.0,Normal
SSA1793,0,104,9,0.0,0.0,0.0,0.0,0.0,40.0,1.0,Normal
GWM3260,0,111,24,0.0,0.0,0.0,446.0,793.0,107.0,1.0,Normal
ACW0426,0,1,3,0.0,0.0,0.0,0.0,0.0,11.0,1.0,Normal
MEB2241,0,1,9,0.0,0.0,0.0,205.0,484.0,105.0,1.0,Normal
TTB0471,0,1,2,0.0,0.0,0.0,0.0,0.0,37.0,1.0,Normal
PSG1938,0,1,4,0.0,0.0,0.0,0.0,0.0,28.0,1.0,Normal
FVK1623,0,1,4,0.0,0.0,0.0,0.0,0.0,33.0,1.0,Normal
SHT3548,0,1,2,0.0,0.0,0.0,0.0,0.0,75.0,1.0,Normal
NEW2490,0,1,2,0.0,0.0,0.0,0.0,0.0,75.0,1.0,Normal
JSH0887,0,1,2,0.0,0.0,0.0,0.0,0.0,13.0,1.0,Normal
NNF3968,0,100,14,0.0,0.0,0.0,0.0,0.0,24.0,1.0,Normal
VZG2484,0,1,4,0.0,0.0,0.0,0.0,0.0,617.0,1.0,Normal
MAC3214,0,62,9,0.0,0.0,0.0,0.0,0.0,24.0,1.0,Normal
TAD1414,0,1,4,0.0,0.0,0.0,0.0,0.0,17.0,1.0,Normal
KSM1518,0,1,4,0.0,0.0,0.0,0.0,0.0,13.0,1.0,Normal
LXG2919,0,1,4,0.0,0.0,0.0,0.0,0.0,26.0,1.0,Normal
MCW0674,0,14,24,0.0,0.0,0.0,717.0,315.0,612.0,1.0,Normal
LXC0839,0,87,13,0.0,0.0,0.0,191.0,495.0,255.0,1.0,Normal
RDW0957,0,1,3,0.0,0.0,0.0,0.0,0.0,48.0,1.0,Normal
AKS0298,0,1,3,0.0,0.0,0.0,0.0,0.0,7.0,1.0,Normal
AMS0630,0,1,4,0.0,0.0,0.0,0.0,0.0,92.0,1.0,Normal
GYS2461,0,1,3,0.0,0.0,0.0,0.0,0.0,9.0,1.0,Normal
WPJ1400,0,1,2,0.0,0.0,0.0,0.0,0.0,8.0,1.0,Normal
REB0123,0,80,11,0.0,0.0,0.0,0.0,0.0,95.0,1.0,Normal
RCW2838,0,1,4,0.0,0.0,0.0,0.0,0.0,0.0,1.0,Normal
JLL1813,0,1,2,0.0,0.0,0.0,0.0,0.0,0.0,1.0,Normal
YSC1691,0,1,3,0.0,0.0,0.0,0.0,0.0,0.0,1.0,Normal
ASH0142,0,1,4,0.0,0.0,0.0,0.0,0.0,79.0,1.0,Normal
AAT2913,0,1,4,0.0,0.0,0.0,0.0,0.0,0.0,1.0,Normal
EUC1051,0,953,23,0.0,0.0,0.0,0.0,0.0,35.0,-1.0,Anomaly
FNW3564,0,1,8,0.0,0.0,0.0,1962.0,3340.0,517.0,-1.0,Anomaly
YFT1382,0,103,10,0.0,0.0,0.0,0.0,0.0,74.0,1.0,Normal
SDC2793,0,1,10,0.0,0.0,0.0,0.0,0.0,17.0,1.0,Normal
NHR2050,0,1,4,0.0,0.0,0.0,0.0,0.0,75.0,1.0,Normal
JSH1843,0,50,12,0.0,0.0,0.0,0.0,0.0,68.0,1.0,Normal
YAV0093,0,13,10,0.0,0.0,0.0,0.0,0.0,622.0,1.0,Normal
HIF0482,0,1,3,0.0,0.0,0.0,0.0,0.0,15.0,1.0,Normal
ARH2097,0,42,10,0.0,0.0,0.0,117.0,228.0,71.0,1.0,Normal
CCM2207,0,1,4,0.0,0.0,0.0,0.0,0.0,16.0,1.0,Normal
CJH2411,0,1,7,0.0,0.0,0.0,95.0,163.0,40.0,1.0,Normal
BMN0178,0,3,19,0.0,0.0,0.0,14.0,28.0,9.0,1.0,Normal
ING2221,0,1,4,0.0,0.0,0.0,0.0,0.0,4.0,1.0,Normal
FAR2869,0,1,4,0.0,0.0,0.0,0.0,0.0,12.0,1.0,Normal
AAG1447,0,1,4,0.0,0.0,0.0,0.0,0.0,0.0,1.0,Normal
VAC3966,0,1,10,0.0,0.0,0.0,0.0,0.0,2.0,1.0,Normal
HBC0081,0,75,23,0.0,0.0,0.0,202.0,342.0,71.0,1.0,Normal
CCH3489,0,1,4,0.0,0.0,0.0,0.0,0.0,15.0,1.0,Normal
ACH1405,0,1,2,0.0,0.0,0.0,0.0,0.0,0.0,1.0,Normal
FHM2067,0,113,11,0.0,0.0,0.0,0.0,0.0,46.0,1.0,Normal
RGP0451,0,1,8,0.0,0.0,0.0,0.0,0.0,63.0,1.0,Normal
AUR1359,0,1,3,0.0,0.0,0.0,0.0,0.0,0.0,1.0,Normal
GYO2169,0,1,4,0.0,0.0,0.0,0.0,0.0,0.0,1.0,Normal
VEB3671,0,41,13,0.0,0.0,0.0,0.0,0.0,5.0,1.0,Normal
TJB3240,0,1,7,0.0,0.0,0.0,0.0,0.0,73.0,1.0,Normal
AMJ2374,0,1,8,0.0,0.0,0.0,411.0,748.0,226.0,1.0,Normal
OWC2563,0,1,2,0.0,0.0,0.0,0.0,0.0,16.0,1.0,Normal
ZMB3863,0,1,3,0.0,0.0,0.0,0.0,0.0,41.0,1.0,Normal
CBB3018,0,1,3,0.0,0.0,0.0,0.0,0.0,0.0,1.0,Normal
JJH1389,0,26,10,0.0,0.0,0.0,0.0,0.0,40.0,1.0,Normal
PSC1608,0,1,3,0.0,0.0,0.0,0.0,0.0,36.0,1.0,Normal
CJY2951,0,1,4,0.0,0.0,0.0,0.0,0.0,0.0,1.0,Normal
PCA3212,0,1,2,0.0,0.0,0.0,0.0,0.0,0.0,1.0,Normal
CFS1611,0,1,9,0.0,0.0,0.0,0.0,0.0,115.0,1.0,Normal
BPL3202,0,26,16,0.0,0.0,0.0,0.0,0.0,34.0,1.0,Normal
GNA0183,0,1,4,0.0,0.0,0.0,0.0,0.0,71.0,1.0,Normal
SCL0022,0,1,4,0.0,0.0,0.0,0.0,0.0,0.0,1.0,Normal
FZW2101,0,1,2,0.0,0.0,0.0,0.0,0.0,39.0,1.0,Normal
JDB0956,0,1,4,0.0,0.0,0.0,0.0,0.0,0.0,1.0,Normal
GAB1206,0,1,4,0.0,0.0,0.0,0.0,0.0,0.0,1.0,Normal
NEH3435,0,88,21,0.0,0.0,0.0,386.0,727.0,155.0,1.0,Normal
BAH3684,0,1,3,0.0,0.0,0.0,0.0,0.0,0.0,1.0,Normal
EUH0257,0,1,2,0.0,0.0,0.0,0.0,0.0,38.0,1.0,Normal
TKS3035,0,121,10,0.0,0.0,0.0,295.0,550.0,176.0,1.0,Normal
BMH0457,0,1,2,0.0,0.0,0.0,0.0,0.0,23.0,1.0,Normal
LUG2205,0,101,13,0.0,0.0,0.0,528.0,978.0,137.0,1.0,Normal
ROA3171,0,63,10,0.0,0.0,0.0,0.0,0.0,136.0,1.0,Normal
PVV3999,0,1,11,0.0,0.0,0.0,29.0,58.0,6.0,1.0,Normal
CKB3745,0,1,10,0.0,0.0,0.0,0.0,0.0,43.0,1.0,Normal
WAC3677,0,1,10,0.0,0.0,0.0,478.0,841.0,137.0,1.0,Normal
VCS1196,0,1,2,0.0,0.0,0.0,0.0,0.0,58.0,1.0,Normal
ORM1484,0,64,23,0.0,0.0,0.0,1955.0,3220.0,533.0,-1.0,Anomaly
LRC3160,0,1,4,0.0,0.0,0.0,0.0,0.0,66.0,1.0,Normal
CLC1272,0,1,4,0.0,0.0,0.0,0.0,0.0,0.0,1.0,Normal
SSH1649,0,1,4,0.0,0.0,0.0,0.0,0.0,0.0,1.0,Normal
VCF3273,0,33,12,0.0,0.0,0.0,0.0,0.0,18.0,1.0,Normal
KPP2253,0,1,2,0.0,0.0,0.0,0.0,0.0,66.0,1.0,Normal
ERH0815,0,57,12,0.0,0.0,0.0,2158.0,3585.0,575.0,-1.0,Anomaly
NSC0237,0,1,11,0.0,0.0,0.0,0.0,0.0,116.0,1.0,Normal
MNM1161,0,1,3,0.0,0.0,0.0,0.0,0.0,150.0,1.0,Normal
KDM3923,0,1,7,0.0,0.0,0.0,0.0,0.0,16.0,1.0,Normal
IDF0189,0,111,11,0.0,0.0,0.0,0.0,0.0,461.0,1.0,Normal
GRM3793,0,1,2,0.0,0.0,0.0,0.0,0.0,0.0,1.0,Normal
AMB3208,0,1,4,0.0,0.0,0.0,0.0,0.0,57.0,1.0,Normal
BKC3473,0,1,4,0.0,0.0,0.0,0.0,0.0,0.0,1.0,Normal
GMM0224,0,85,9,0.0,0.0,0.0,407.0,759.0,169.0,1.0,Normal
PJS2078,0,1,4,0.0,0.0,0.0,0.0,0.0,189.0,1.0,Normal
ROH1347,0,1,4,0.0,0.0,0.0,2615.0,4613.0,759.0,-1.0,Anomaly
BGN3820,0,1,8,0.0,0.0,0.0,0.0,0.0,9.0,1.0,Normal
MHG3749,0,106,12,0.0,0.0,0.0,793.0,1395.0,245.0,1.0,Normal
FAH1851,0,1,3,0.0,0.0,0.0,0.0,0.0,556.0,1.0,Normal
ADB0350,0,1,4,0.0,0.0,0.0,0.0,0.0,84.0,1.0,Normal
KBC1485,0,32,23,0.0,0.0,0.0,127.0,210.0,31.0,1.0,Normal
MMC0261,0,8,9,0.0,0.0,0.0,0.0,0.0,4.0,1.0,Normal
GNH1735,0,1,4,0.0,0.0,0.0,0.0,0.0,267.0,1.0,Normal
REC0283,0,143,13,0.0,0.0,0.0,359.0,634.0,149.0,1.0,Normal
DDL3007,0,1,4,0.0,0.0,0.0,0.0,0.0,79.0,1.0,Normal
RTN3680,0,26,13,0.0,0.0,0.0,523.0,1142.0,321.0,1.0,Normal
RAB2739,0,1,4,0.0,0.0,0.0,0.0,0.0,16.0,1.0,Normal
LRW1502,0,1,4,0.0,0.0,0.0,0.0,0.0,13.0,1.0,Normal
JGH0493,0,1,4,0.0,0.0,0.0,0.0,0.0,0.0,1.0,Normal
IIG0772,0,1,4,0.0,0.0,0.0,0.0,0.0,16.0,1.0,Normal
JBP0651,0,1,4,0.0,0.0,0.0,0.0,0.0,34.0,1.0,Normal
TDW1746,0,1,4,0.0,0.0,0.0,0.0,0.0,0.0,1.0,Normal
MCO3164,0,28,11,0.0,0.0,0.0,0.0,0.0,415.0,1.0,Normal
DNS1768,0,935,24,0.0,0.0,0.0,0.0,0.0,100.0,1.0,Normal
WCR2136,0,7,8,0.0,0.0,0.0,0.0,0.0,3.0,1.0,Normal
KCS3465,0,1,9,0.0,0.0,0.0,0.0,0.0,19.0,1.0,Normal
LAH3026,0,17,10,0.0,0.0,0.0,2907.0,4835.0,772.0,-1.0,Anomaly
ACV1946,0,85,24,0.0,0.0,0.0,403.0,878.0,479.0,1.0,Normal
CXK3433,0,1,3,0.0,0.0,0.0,0.0,0.0,0.0,1.0,Normal
JMM0848,0,10,22,0.0,0.0,0.0,0.0,0.0,16.0,1.0,Normal
CIG3459,0,1,2,0.0,0.0,0.0,0.0,0.0,22.0,1.0,Normal
MHS1146,0,1,4,0.0,0.0,0.0,0.0,0.0,49.0,1.0,Normal
DTT1716,0,1,3,0.0,0.0,0.0,0.0,0.0,86.0,1.0,Normal
ZVB2656,0,1,4,0.0,0.0,0.0,0.0,0.0,0.0,1.0,Normal
HRF2044,0,1,4,0.0,0.0,0.0,0.0,0.0,14.0,1.0,Normal
HQB0118,0,1,4,0.0,0.0,0.0,0.0,0.0,0.0,1.0,Normal
RSV2438,0,941,24,0.0,0.0,0.0,0.0,0.0,480.0,-1.0,Anomaly
KWB1967,0,1,4,0.0,0.0,0.0,0.0,0.0,0.0,1.0,Normal
LBG3911,0,1,2,0.0,0.0,0.0,0.0,0.0,4.0,1.0,Normal
ILH2989,0,115,24,0.0,0.0,0.0,255.0,403.0,134.0,1.0,Normal
TPM0039,0,1,3,0.0,0.0,0.0,0.0,0.0,38.0,1.0,Normal
CKB0596,0,88,24,0.0,0.0,0.0,30.0,97.0,481.0,1.0,Normal
NHH1704,0,1,2,0.0,0.0,0.0,0.0,0.0,99.0,1.0,Normal
ACB3123,0,72,24,0.0,0.0,0.0,0.0,0.0,341.0,1.0,Normal
QRJ1597,0,49,10,0.0,0.0,0.0,3164.0,5362.0,799.0,-1.0,Anomaly
JLM3150,0,1,4,0.0,0.0,0.0,0.0,0.0,0.0,1.0,Normal
JCM1388,0,74,10,0.0,0.0,0.0,0.0,0.0,655.0,1.0,Normal
ZBW1015,0,1,10,0.0,0.0,0.0,0.0,0.0,1275.0,1.0,Normal
BJH3294,0,1,3,0.0,0.0,0.0,0.0,0.0,9.0,1.0,Normal
SSF3031,0,1,4,0.0,0.0,0.0,0.0,0.0,0.0,1.0,Normal
WJH0717,0,1,4,0.0,0.0,0.0,0.0,0.0,35.0,1.0,Normal
ZAC1838,0,1,3,0.0,0.0,0.0,0.0,0.0,0.0,1.0,Normal
NDG3403,0,1,4,0.0,0.0,0.0,0.0,0.0,0.0,1.0,Normal
BJV2631,0,24,11,0.0,0.0,0.0,399.0,704.0,187.0,1.0,Normal
NDR1456,0,1,4,0.0,0.0,0.0,0.0,0.0,0.0,1.0,Normal
LCR1537,0,1,2,0.0,0.0,0.0,0.0,0.0,0.0,1.0,Normal
ATF3708,0,1,3,0.0,0.0,0.0,0.0,0.0,8.0,1.0,Normal
BKM1155,0,1,10,0.0,0.0,0.0,0.0,0.0,67.0,1.0,Normal
DSM3954,0,1,4,0.0,0.0,0.0,0.0,0.0,10.0,1.0,Normal
TSL2699,0,1,3,0.0,0.0,0.0,0.0,0.0,0.0,1.0,Normal
HHD2393,0,80,9,0.0,0.0,0.0,60.0,94.0,1075.0,-1.0,Anomaly
HJA0779,0,20,10,0.0,0.0,0.0,520.0,763.0,573.0,1.0,Normal
DBR1558,0,1,9,0.0,0.0,0.0,0.0,0.0,5.0,1.0,Normal
GLC3495,0,1,4,0.0,0.0,0.0,0.0,0.0,121.0,1.0,Normal
MCM2375,0,1,4,0.0,0.0,0.0,0.0,0.0,32.0,1.0,Normal
MJS0832,0,1,4,0.0,0.0,0.0,0.0,0.0,0.0,1.0,Normal
CRC2747,0,1,4,0.0,0.0,0.0,0.0,0.0,57.0,1.0,Normal
JRM2358,0,1,2,0.0,0.0,0.0,0.0,0.0,32.0,1.0,Normal
HHL2311,0,1,9,0.0,0.0,0.0,0.0,0.0,21.0,1.0,Normal
ACM0100,0,1,8,0.0,0.0,0.0,0.0,0.0,52.0,1.0,Normal
NJM0173,0,1,23,0.0,0.0,0.0,0.0,0.0,119.0,1.0,Normal
ELC1833,0,1,4,0.0,0.0,0.0,0.0,0.0,0.0,1.0,Normal
RHA3613,0,1,3,0.0,0.0,0.0,0.0,0.0,19.0,1.0,Normal
BHE1709,0,102,11,0.0,0.0,0.0,634.0,1161.0,200.0,1.0,Normal
VMW1500,0,1,3,0.0,0.0,0.0,0.0,0.0,19.0,1.0,Normal
QBH3579,0,1,9,0.0,0.0,0.0,0.0,0.0,554.0,1.0,Normal
ISM0130,0,1,4,0.0,0.0,0.0,0.0,0.0,56.0,1.0,Normal
GAN1584,0,77,24,0.0,0.0,0.0,187.0,348.0,127.0,1.0,Normal
MTL3695,0,1,3,0.0,0.0,0.0,0.0,0.0,0.0,1.0,Normal
GDR1066,0,1,4,0.0,0.0,0.0,0.0,0.0,0.0,1.0,Normal
SMS1114,0,1,4,0.0,0.0,0.0,0.0,0.0,0.0,1.0,Normal
HUM2481,0,1,2,0.0,0.0,0.0,0.0,0.0,18.0,1.0,Normal
LKS1416,0,111,11,0.0,0.0,0.0,0.0,0.0,29.0,1.0,Normal
UAH3940,0,1,4,0.0,0.0,0.0,0.0,0.0,2.0,1.0,Normal
GMK1449,0,1,10,0.0,0.0,0.0,0.0,0.0,25.0,1.0,Normal
CDD0127,0,1,8,0.0,0.0,0.0,0.0,0.0,62.0,1.0,Normal
JSG3377,0,1,4,0.0,0.0,0.0,0.0,0.0,0.0,1.0,Normal
KTL2843,0,1,4,0.0,0.0,0.0,0.0,0.0,10.0,1.0,Normal
YKM2435,0,968,24,0.0,0.0,0.0,0.0,0.0,43.0,1.0,Normal
HMM2841,0,1,4,0.0,0.0,0.0,0.0,0.0,20.0,1.0,Normal
TOS3712,0,1,4,0.0,0.0,0.0,0.0,0.0,37.0,1.0,Normal
BLN0230,0,39,12,0.0,0.0,0.0,0.0,0.0,23.0,1.0,Normal
WHW2777,0,1,4,0.0,0.0,0.0,0.0,0.0,14.0,1.0,Normal
RME2477,0,1,3,0.0,0.0,0.0,0.0,0.0,55.0,1.0,Normal
BKM2643,0,1,4,0.0,0.0,0.0,0.0,0.0,0.0,1.0,Normal
HWS2915,0,1,4,0.0,0.0,0.0,0.0,0.0,4.0,1.0,Normal
NIB1197,0,28,9,0.0,0.0,0.0,781.0,1495.0,233.0,1.0,Normal
AGL1301,0,1,10,0.0,0.0,0.0,140.0,359.0,567.0,1.0,Normal
CBR0121,0,28,13,0.0,0.0,0.0,0.0,0.0,106.0,1.0,Normal
NCA3027,0,1,4,0.0,0.0,0.0,0.0,0.0,39.0,1.0,Normal
GKL1516,0,1,3,0.0,0.0,0.0,0.0,0.0,22.0,1.0,Normal
JLW3598,0,1,3,0.0,0.0,0.0,0.0,0.0,115.0,1.0,Normal
RJS3479,0,1,3,0.0,0.0,0.0,0.0,0.0,28.0,1.0,Normal
DSA3620,0,88,10,0.0,0.0,0.0,264.0,493.0,86.0,1.0,Normal
JSB1535,0,1,2,0.0,0.0,0.0,0.0,0.0,29.0,1.0,Normal
JGM3588,0,1,3,0.0,0.0,0.0,0.0,0.0,115.0,1.0,Normal
FDD3893,0,56,24,0.0,0.0,0.0,434.0,813.0,169.0,1.0,Normal
ARL2672,0,1,3,0.0,0.0,0.0,0.0,0.0,0.0,1.0,Normal
CJW0376,0,1,10,0.0,0.0,0.0,0.0,0.0,100.0,1.0,Normal
CFR1166,0,1,14,0.0,0.0,0.0,0.0,0.0,0.0,1.0,Normal
CBJ0683,0,1,2,0.0,0.0,0.0,0.0,0.0,16.0,1.0,Normal
CSL2055,0,64,12,0.0,0.0,0.0,0.0,0.0,116.0,1.0,Normal
EBH1882,0,1,2,0.0,0.0,0.0,0.0,0.0,29.0,1.0,Normal
PTR2613,0,1,4,0.0,0.0,0.0,0.0,0.0,0.0,1.0,Normal
NCS3577,0,1,3,0.0,0.0,0.0,0.0,0.0,65.0,1.0,Normal
QLC0082,0,1,3,0.0,0.0,0.0,0.0,0.0,42.0,1.0,Normal
JEH2787,0,109,12,0.0,0.0,0.0,290.0,568.0,215.0,1.0,Normal
IAS0857,0,1,17,0.0,0.0,0.0,0.0,0.0,7.0,1.0,Normal
EJG0833,0,3,5,0.0,0.0,0.0,0.0,0.0,13.0,1.0,Normal
KBF2661,0,1,4,0.0,0.0,0.0,0.0,0.0,0.0,1.0,Normal
SGP2174,0,1,2,0.0,0.0,0.0,0.0,0.0,0.0,1.0,Normal
MJD0469,0,1,2,0.0,0.0,0.0,0.0,0.0,18.0,1.0,Normal
AAR0641,0,1,2,0.0,0.0,0.0,0.0,0.0,79.0,1.0,Normal
GLR3888,0,1,3,0.0,0.0,0.0,0.0,0.0,0.0,1.0,Normal
YSG1195,0,1,2,0.0,0.0,0.0,0.0,0.0,0.0,1.0,Normal
SCP1116,0,1,4,0.0,0.0,0.0,0.0,0.0,73.0,1.0,Normal
ZND2154,0,1,4,0.0,0.0,0.0,0.0,0.0,10.0,1.0,Normal
MRC2160,0,1,4,0.0,0.0,0.0,0.0,0.0,13.0,1.0,Normal
APP2488,0,63,9,0.0,0.0,0.0,2835.0,4777.0,754.0,-1.0,Anomaly
GKH1634,0,1,4,0.0,0.0,0.0,0.0,0.0,8.0,1.0,Normal
JAO3463,0,76,10,0.0,0.0,0.0,0.0,0.0,18.0,1.0,Normal
UCS3454,0,1,7,0.0,0.0,0.0,0.0,0.0,208.0,1.0,Normal
KDN0264,0,1,2,0.0,0.0,0.0,0.0,0.0,0.0,1.0,Normal
GCM0813,0,1,4,0.0,0.0,0.0,0.0,0.0,0.0,1.0,Normal
AIC1071,0,1,3,0.0,0.0,0.0,0.0,0.0,0.0,1.0,Normal
ABH1181,0,1,4,0.0,0.0,0.0,0.0,0.0,73.0,1.0,Normal
BDL1065,0,1,3,0.0,0.0,0.0,0.0,0.0,0.0,1.0,Normal
DLP1445,0,1,4,0.0,0.0,0.0,0.0,0.0,18.0,1.0,Normal
CBM1814,0,1,4,0.0,0.0,0.0,0.0,0.0,0.0,1.0,Normal
LUK1182,0,20,6,0.0,0.0,0.0,2956.0,5131.0,822.0,-1.0,Anomaly
KBO2485,0,1,4,0.0,0.0,0.0,0.0,0.0,43.0,1.0,Normal
VTD2731,0,1,4,0.0,0.0,0.0,0.0,0.0,0.0,1.0,Normal
LGL2772,0,108,8,0.0,0.0,0.0,0.0,0.0,69.0,1.0,Normal
DJF0760,0,1,4,0.0,0.0,0.0,0.0,0.0,25.0,1.0,Normal
EAH2882,0,1,3,0.0,0.0,0.0,0.0,0.0,122.0,1.0,Normal
JEW2141,0,1,19,0.0,0.0,0.0,0.0,0.0,44.0,1.0,Normal
CHB0996,0,1,3,0.0,0.0,0.0,0.0,0.0,174.0,1.0,Normal
JIR2827,0,16,11,0.0,0.0,0.0,0.0,0.0,2.0,1.0,Normal
CMD0613,0,17,10,0.0,0.0,0.0,0.0,0.0,102.0,1.0,Normal
RCM1372,0,1,8,0.0,0.0,0.0,0.0,0.0,22.0,1.0,Normal
LCC1963,0,54,13,0.0,0.0,0.0,0.0,0.0,471.0,1.0,Normal
TNR0319,0,1,10,0.0,0.0,0.0,749.0,533.0,754.0,1.0,Normal
MJR0244,0,1,4,0.0,0.0,0.0,0.0,0.0,0.0,1.0,Normal
GOG3939,0,1,4,0.0,0.0,0.0,0.0,0.0,13.0,1.0,Normal
GPB2691,0,1,10,0.0,0.0,0.0,0.0,0.0,96.0,1.0,Normal
JSM3334,0,1,3,0.0,0.0,0.0,0.0,0.0,16.0,1.0,Normal
RSA2941,0,1,4,0.0,0.0,0.0,0.0,0.0,0.0,1.0,Normal
ACR0331,0,1,2,0.0,0.0,0.0,0.0,0.0,0.0,1.0,Normal
NJR1714,0,1,4,0.0,0.0,0.0,0.0,0.0,0.0,1.0,Normal
KWR1544,0,1,3,0.0,0.0,0.0,0.0,0.0,5.0,1.0,Normal
MDB0680,0,1,4,0.0,0.0,0.0,0.0,0.0,43.0,1.0,Normal
AWB2282,0,1,7,0.0,0.0,0.0,0.0,0.0,150.0,1.0,Normal
KVW0814,0,1,4,0.0,0.0,0.0,0.0,0.0,55.0,1.0,Normal
MRE0567,0,1,10,0.0,0.0,0.0,0.0,0.0,117.0,1.0,Normal
WXM3698,0,1,3,0.0,0.0,0.0,0.0,0.0,12.0,1.0,Normal
XAL0414,0,99,10,0.0,0.0,0.0,173.0,341.0,77.0,1.0,Normal
MAH2095,0,113,10,0.0,0.0,0.0,0.0,0.0,87.0,1.0,Normal
DRC2296,0,1,24,0.0,0.0,0.0,425.0,867.0,137.0,1.0,Normal
JRJ0919,0,1,10,0.0,0.0,0.0,0.0,0.0,89.0,1.0,Normal
CDP0340,0,1,4,0.0,0.0,0.0,0.0,0.0,9.0,1.0,Normal
IRT2811,0,1,3,0.0,0.0,0.0,0.0,0.0,0.0,1.0,Normal
IWB3257,0,27,9,0.0,0.0,0.0,0.0,0.0,17.0,1.0,Normal
OLB2930,0,25,11,0.0,0.0,0.0,0.0,0.0,39.0,1.0,Normal
GNC2237,0,1,10,0.0,0.0,0.0,1215.0,2224.0,362.0,1.0,Normal
NVH3726,0,84,13,0.0,0.0,0.0,807.0,1075.0,751.0,-1.0,Anomaly
RJB1151,0,1,4,0.0,0.0,0.0,0.0,0.0,48.0,1.0,Normal
HMM2628,0,16,11,0.0,0.0,0.0,0.0,0.0,222.0,1.0,Normal
AVH2360,0,1,4,0.0,0.0,0.0,0.0,0.0,0.0,1.0,Normal
ALB3649,0,104,12,0.0,0.0,0.0,353.0,613.0,109.0,1.0,Normal
HCH3685,0,1,8,0.0,0.0,0.0,0.0,0.0,62.0,1.0,Normal
DHR2541,0,1,9,0.0,0.0,0.0,0.0,0.0,42.0,1.0,Normal
CMM3702,0,1,8,0.0,0.0,0.0,0.0,0.0,44.0,1.0,Normal
BXK2091,0,1,7,0.0,0.0,0.0,0.0,0.0,79.0,1.0,Normal
CAP2149,0,1,2,0.0,0.0,0.0,0.0,0.0,0.0,1.0,Normal
CMM1068,0,73,11,0.0,0.0,0.0,0.0,0.0,450.0,1.0,Normal
CCB3173,0,1,4,0.0,0.0,0.0,0.0,0.0,12.0,1.0,Normal
TWW0811,0,1,10,0.0,0.0,0.0,0.0,0.0,152.0,1.0,Normal
OLA2686,0,1,4,0.0,0.0,0.0,0.0,0.0,35.0,1.0,Normal
HAP3000,0,1,4,0.0,0.0,0.0,0.0,0.0,0.0,1.0,Normal
OZH2737,0,1,3,0.0,0.0,0.0,0.0,0.0,85.0,1.0,Normal
KCC2434,0,941,24,0.0,0.0,0.0,0.0,0.0,51.0,1.0,Normal
MMA1255,0,1,2,0.0,0.0,0.0,0.0,0.0,33.0,1.0,Normal
JOB1328,0,1,4,0.0,0.0,0.0,0.0,0.0,26.0,1.0,Normal
AXW3243,0,1,7,0.0,0.0,0.0,71.0,183.0,119.0,1.0,Normal
GAB3758,0,26,24,0.0,0.0,0.0,0.0,0.0,5.0,1.0,Normal
JCM1803,0,1,3,0.0,0.0,0.0,0.0,0.0,42.0,1.0,Normal
QWL3474,0,76,24,0.0,0.0,0.0,333.0,600.0,1098.0,-1.0,Anomaly
BON0968,0,1,5,0.0,0.0,0.0,0.0,0.0,48.0,1.0,Normal
TKS1549,0,15,24,0.0,0.0,0.0,234.0,454.0,70.0,1.0,Normal
AUI2464,0,1,3,0.0,0.0,0.0,0.0,0.0,104.0,1.0,Normal
PNH1444,0,1,4,0.0,0.0,0.0,3646.0,6092.0,911.0,-1.0,Anomaly
WYC2416,0,1,3,0.0,0.0,0.0,0.0,0.0,0.0,1.0,Normal
SGW0443,0,1,2,0.0,0.0,0.0,0.0,0.0,47.0,1.0,Normal
CKM0508,0,1,2,0.0,0.0,0.0,0.0,0.0,0.0,1.0,Normal
APB3823,0,1,2,0.0,0.0,0.0,0.0,0.0,13.0,1.0,Normal
GCD1189,0,1,8,0.0,0.0,0.0,0.0,0.0,84.0,1.0,Normal
CWB1463,0,1,4,0.0,0.0,0.0,0.0,0.0,24.0,1.0,Normal
ANC1319,0,1,10,0.0,0.0,0.0,0.0,0.0,114.0,1.0,Normal
AEP1930,0,1,8,0.0,0.0,0.0,0.0,0.0,48.0,1.0,Normal
IJM3356,0,1,10,0.0,0.0,0.0,0.0,0.0,74.0,1.0,Normal
CJG3002,0,1,4,0.0,0.0,0.0,121.0,201.0,57.0,1.0,Normal
DJP2420,0,1,2,0.0,0.0,0.0,0.0,0.0,42.0,1.0,Normal
EAB2522,0,1,4,0.0,0.0,0.0,0.0,0.0,45.0,1.0,Normal
RGB1869,0,1,4,0.0,0.0,0.0,0.0,0.0,0.0,1.0,Normal
KND0529,0,1,9,0.0,0.0,0.0,0.0,0.0,37.0,1.0,Normal
SMH1953,0,1,2,0.0,0.0,0.0,0.0,0.0,33.0,1.0,Normal
GJG0852,0,1,16,0.0,0.0,0.0,0.0,0.0,142.0,1.0,Normal
XBK2623,0,1,2,0.0,0.0,0.0,0.0,0.0,27.0,1.0,Normal
KDC2976,0,1,3,0.0,0.0,0.0,0.0,0.0,14.0,1.0,Normal
SHH0970,0,1,8,0.0,0.0,0.0,0.0,0.0,32.0,1.0,Normal
EMS1736,0,1,4,0.0,0.0,0.0,0.0,0.0,24.0,1.0,Normal
LAB1297,0,1,4,0.0,0.0,0.0,0.0,0.0,0.0,1.0,Normal
AMR0197,0,1,2,0.0,0.0,0.0,0.0,0.0,13.0,1.0,Normal
TAM1488,0,1,3,0.0,0.0,0.0,0.0,0.0,0.0,1.0,Normal
VDI1217,0,1,15,0.0,0.0,0.0,805.0,1393.0,233.0,1.0,Normal
SBO3115,0,1,3,0.0,0.0,0.0,0.0,0.0,41.0,1.0,Normal
ASF1136,0,1,3,0.0,0.0,0.0,0.0,0.0,0.0,1.0,Normal
SAC0374,0,1,2,0.0,0.0,0.0,0.0,0.0,64.0,1.0,Normal
JMF3362,0,1,4,0.0,0.0,0.0,0.0,0.0,0.0,1.0,Normal
RWH3312,0,31,12,0.0,0.0,0.0,0.0,0.0,53.0,1.0,Normal
NMV2556,0,1,2,0.0,0.0,0.0,0.0,0.0,59.0,1.0,Normal
UMS0883,0,111,10,0.0,0.0,0.0,784.0,1334.0,218.0,1.0,Normal
VEC1686,0,1,2,0.0,0.0,0.0,0.0,0.0,9.0,1.0,Normal
AWV0836,0,1,4,0.0,0.0,0.0,0.0,0.0,20.0,1.0,Normal
TSF3478,0,1,3,0.0,0.0,0.0,0.0,0.0,79.0,1.0,Normal
CHY0083,0,1,2,0.0,0.0,0.0,0.0,0.0,32.0,1.0,Normal
YDM2537,0,1,4,0.0,0.0,0.0,0.0,0.0,0.0,1.0,Normal
GDP1856,0,1,2,0.0,0.0,0.0,0.0,0.0,16.0,1.0,Normal
JSW0872,0,8,9,0.0,0.0,0.0,0.0,0.0,65.0,1.0,Normal
KMS0954,0,1,4,0.0,0.0,0.0,0.0,0.0,0.0,1.0,Normal
MCT0424,0,1,3,0.0,0.0,0.0,0.0,0.0,0.0,1.0,Normal
RAA1455,0,1,4,0.0,0.0,0.0,3810.0,6602.0,1109.0,-1.0,Anomaly
WBA1786,0,1,4,0.0,0.0,0.0,0.0,0.0,87.0,1.0,Normal
FRM3431,0,1,3,0.0,0.0,0.0,0.0,0.0,181.0,1.0,Normal
QIT3029,0,1,4,0.0,0.0,0.0,0.0,0.0,0.0,1.0,Normal
CGW0692,0,16,9,0.0,0.0,0.0,0.0,0.0,282.0,1.0,Normal
MNN1167,0,1,4,0.0,0.0,0.0,0.0,0.0,0.0,1.0,Normal
LGR1036,0,1,3,0.0,0.0,0.0,0.0,0.0,0.0,1.0,Normal
DDH1041,0,1,8,0.0,0.0,0.0,0.0,0.0,230.0,1.0,Normal
CRP1186,0,1,2,0.0,0.0,0.0,0.0,0.0,49.0,1.0,Normal
QHF3151,0,1,4,0.0,0.0,0.0,0.0,0.0,0.0,1.0,Normal
ADM2762,0,1,3,0.0,0.0,0.0,0.0,0.0,0.0,1.0,Normal
HIS1706,0,1,4,0.0,0.0,0.0,0.0,0.0,147.0,1.0,Normal
BRW3552,0,28,10,0.0,0.0,0.0,65.0,136.0,53.0,1.0,Normal
GIH0882,0,15,24,0.0,0.0,0.0,87.0,208.0,176.0,1.0,Normal
ISM2612,0,1,4,0.0,0.0,0.0,0.0,0.0,0.0,1.0,Normal
JJE1552,0,1,2,0.0,0.0,0.0,0.0,0.0,24.0,1.0,Normal
GHD1450,0,1,23,0.0,0.0,0.0,0.0,0.0,15.0,1.0,Normal
CUM2335,0,1,2,0.0,0.0,0.0,0.0,0.0,86.0,1.0,Normal
AHC0232,0,1,4,0.0,0.0,0.0,0.0,0.0,0.0,1.0,Normal
TBM3829,0,1,3,0.0,0.0,0.0,0.0,0.0,11.0,1.0,Normal
JBT1035,0,1,2,0.0,0.0,0.0,0.0,0.0,13.0,1.0,Normal
CHU3211,0,47,9,0.0,0.0,0.0,0.0,0.0,58.0,1.0,Normal
AAP0352,0,22,10,0.0,0.0,0.0,219.0,373.0,107.0,1.0,Normal
THB0987,0,22,24,0.0,0.0,0.0,0.0,0.0,53.0,1.0,Normal
ABD3426,0,32,24,0.0,0.0,0.0,3936.0,6472.0,1026.0,-1.0,Anomaly
KCS0605,0,1,10,0.0,0.0,0.0,0.0,0.0,27.0,1.0,Normal
DPF3360,0,1,4,0.0,0.0,0.0,0.0,0.0,0.0,1.0,Normal
MRL2636,0,1,9,0.0,0.0,0.0,359.0,719.0,531.0,1.0,Normal
MYW0914,0,1,4,0.0,0.0,0.0,0.0,0.0,10.0,1.0,Normal
KUS2137,0,1,7,0.0,0.0,0.0,0.0,0.0,49.0,1.0,Normal
WFN0926,0,1,4,0.0,0.0,0.0,0.0,0.0,0.0,1.0,Normal
ABM3641,0,68,24,0.0,0.0,0.0,0.0,0.0,42.0,1.0,Normal
ABO1173,0,1,21,0.0,0.0,0.0,263.0,611.0,521.0,1.0,Normal
RSE2181,0,1,2,0.0,0.0,0.0,0.0,0.0,14.0,1.0,Normal
DND3309,0,1,4,0.0,0.0,0.0,0.0,0.0,10.0,1.0,Normal
CZB3718,0,1,4,0.0,0.0,0.0,0.0,0.0,0.0,1.0,Normal
RBP1171,0,33,13,0.0,0.0,0.0,0.0,0.0,25.0,1.0,Normal
SRL3525,0,1,2,0.0,0.0,0.0,0.0,0.0,0.0,1.0,Normal
BHC2049,0,1,4,0.0,0.0,0.0,0.0,0.0,14.0,1.0,Normal
LKF0335,0,1,2,0.0,0.0,0.0,0.0,0.0,0.0,1.0,Normal
JEP1571,0,1,10,0.0,0.0,0.0,193.0,364.0,61.0,1.0,Normal
XBH0357,0,1,3,0.0,0.0,0.0,0.0,0.0,0.0,1.0,Normal
IBP1616,0,121,24,0.0,0.0,0.0,46.0,98.0,73.0,1.0,Normal
AEH2020,0,1,7,0.0,0.0,0.0,0.0,0.0,60.0,1.0,Normal
NBN2651,0,1,4,0.0,0.0,0.0,0.0,0.0,31.0,1.0,Normal
GNG2362,0,1,2,0.0,0.0,0.0,0.0,0.0,9.0,1.0,Normal
GEB3079,0,1,3,0.0,0.0,0.0,0.0,0.0,44.0,1.0,Normal
JJM3791,0,23,7,0.0,0.0,0.0,0.0,0.0,50.0,1.0,Normal
MHS2634,0,20,11,0.0,0.0,0.0,0.0,0.0,104.0,1.0,Normal
DLM1680,0,102,23,0.0,0.0,0.0,747.0,1427.0,480.0,-1.0,Anomaly
WCM3134,0,1,4,0.0,0.0,0.0,0.0,0.0,0.0,1.0,Normal
KSJ0840,0,1,4,0.0,0.0,0.0,0.0,0.0,5.0,1.0,Normal
BCO2338,0,1,3,0.0,0.0,0.0,0.0,0.0,51.0,1.0,Normal
JBW3852,0,20,12,0.0,0.0,0.0,0.0,0.0,76.0,1.0,Normal
DDS3149,0,1,4,0.0,0.0,0.0,0.0,0.0,0.0,1.0,Normal
LMG1061,0,909,24,0.0,0.0,0.0,0.0,0.0,655.0,-1.0,Anomaly
EJM2690,0,1,10,0.0,0.0,0.0,0.0,0.0,62.0,1.0,Normal
KJD3392,0,83,12,0.0,0.0,0.0,0.0,0.0,31.0,1.0,Normal
EBC3242,0,1,2,0.0,0.0,0.0,0.0,0.0,20.0,1.0,Normal
CTJ0669,0,1,4,0.0,0.0,0.0,0.0,0.0,19.0,1.0,Normal
DOS1990,0,92,13,0.0,0.0,0.0,498.0,914.0,211.0,1.0,Normal
CSP0483,0,1,3,0.0,0.0,0.0,0.0,0.0,1.0,1.0,Normal
NEA3248,0,1,2,0.0,0.0,0.0,0.0,0.0,19.0,1.0,Normal
MRH2722,0,1,2,0.0,0.0,0.0,0.0,0.0,16.0,1.0,Normal
HLM1007,0,1,4,0.0,0.0,0.0,0.0,0.0,0.0,1.0,Normal
MOS0496,0,1,7,0.0,0.0,0.0,885.0,1469.0,243.0,1.0,Normal
NDK3436,0,59,23,0.0,0.0,0.0,0.0,0.0,59.0,1.0,Normal
SMR0338,0,1,7,0.0,0.0,0.0,611.0,1127.0,182.0,1.0,Normal
DNB1999,0,66,13,0.0,0.0,0.0,0.0,0.0,318.0,1.0,Normal
BMS0925,0,28,24,0.0,0.0,0.0,442.0,842.0,206.0,1.0,Normal
RRM2175,0,1,4,0.0,0.0,0.0,0.0,0.0,0.0,1.0,Normal
LHG3145,0,1,4,0.0,0.0,0.0,0.0,0.0,61.0,1.0,Normal
NQM0084,0,103,11,0.0,0.0,0.0,327.0,592.0,116.0,1.0,Normal
JFO2840,0,1,22,0.0,0.0,0.0,0.0,0.0,10.0,1.0,Normal
ASD3348,0,1,3,0.0,0.0,0.0,0.0,0.0,0.0,1.0,Normal
DRS0032,0,1,4,0.0,0.0,0.0,0.0,0.0,36.0,1.0,Normal
GNE1365,0,47,24,0.0,0.0,0.0,0.0,0.0,17.0,1.0,Normal
AJO2788,0,1,4,0.0,0.0,0.0,0.0,0.0,27.0,1.0,Normal
CTB3481,0,17,13,0.0,0.0,0.0,139.0,241.0,49.0,1.0,Normal
GNW3891,0,1,4,0.0,0.0,0.0,0.0,0.0,82.0,1.0,Normal
WCB0801,0,1,2,0.0,0.0,0.0,0.0,0.0,0.0,1.0,Normal
JMH0617,0,47,8,0.0,0.0,0.0,0.0,0.0,48.0,1.0,Normal
SAP3390,0,83,12,0.0,0.0,0.0,108.0,199.0,32.0,1.0,Normal
LEB1764,0,962,24,0.0,0.0,0.0,848.0,1468.0,346.0,-1.0,Anomaly
KTR3308,0,1,4,0.0,0.0,0.0,0.0,0.0,0.0,1.0,Normal
YNW2855,0,106,24,0.0,0.0,0.0,3888.0,6164.0,981.0,-1.0,Anomaly
MBH1370,0,8,20,0.0,0.0,0.0,1416.0,633.0,533.0,-1.0,Anomaly
MCC0856,0,27,23,0.0,0.0,0.0,0.0,0.0,12.0,1.0,Normal
LCP0344,0,1,8,0.0,0.0,0.0,3537.0,5600.0,839.0,-1.0,Anomaly
ISR1477,0,1,8,0.0,0.0,0.0,0.0,0.0,82.0,1.0,Normal
MJM3657,0,23,12,0.0,0.0,0.0,0.0,0.0,144.0,1.0,Normal
JSR1085,0,1,9,0.0,0.0,0.0,0.0,0.0,56.0,1.0,Normal
TJB3511,0,1,4,0.0,0.0,0.0,0.0,0.0,65.0,1.0,Normal
NWO3501,0,1,3,0.0,0.0,0.0,0.0,0.0,39.0,1.0,Normal
XTB3322,0,1,3,0.0,0.0,0.0,0.0,0.0,7.0,1.0,Normal
GKN0168,0,1,4,0.0,0.0,0.0,0.0,0.0,78.0,1.0,Normal
HKR2901,0,1,3,0.0,0.0,0.0,0.0,0.0,22.0,1.0,Normal
AHS2348,0,1,2,0.0,0.0,0.0,0.0,0.0,10.0,1.0,Normal
PEB3768,0,1,4,0.0,0.0,0.0,0.0,0.0,9.0,1.0,Normal
KDA1452,0,1,4,0.0,0.0,0.0,0.0,0.0,0.0,1.0,Normal
AIS1082,0,1,3,0.0,0.0,0.0,0.0,0.0,41.0,1.0,Normal
BJM3236,0,1,2,0.0,0.0,0.0,0.0,0.0,0.0,1.0,Normal
DCB3597,0,1,3,0.0,0.0,0.0,0.0,0.0,0.0,1.0,Normal
GCJ0831,0,1,4,0.0,0.0,0.0,0.0,0.0,0.0,1.0,Normal
GEB3975,0,1,9,0.0,0.0,0.0,0.0,0.0,16.0,1.0,Normal
FCS1128,0,84,9,0.0,0.0,0.0,0.0,0.0,99.0,1.0,Normal
DBC1152,0,1,4,0.0,0.0,0.0,0.0,0.0,41.0,1.0,Normal
MBN3610,0,36,9,0.0,0.0,0.0,0.0,0.0,87.0,1.0,Normal
WBC1203,0,101,9,0.0,0.0,0.0,0.0,0.0,33.0,1.0,Normal
GCR2597,0,1,4,0.0,0.0,0.0,0.0,0.0,41.0,1.0,Normal
SMH2222,0,1,4,0.0,0.0,0.0,0.0,0.0,0.0,1.0,Normal
VLF1113,0,1,14,0.0,0.0,0.0,0.0,0.0,9.0,1.0,Normal
BNC1497,0,1,3,0.0,0.0,0.0,0.0,0.0,0.0,1.0,Normal
BPR1678,0,1,7,0.0,0.0,0.0,0.0,0.0,17.0,1.0,Normal
WAJ2412,0,1,9,0.0,0.0,0.0,0.0,0.0,66.0,1.0,Normal
HMB0805,0,9,12,0.0,0.0,0.0,0.0,0.0,732.0,1.0,Normal
MLW0296,0,1,4,0.0,0.0,0.0,0.0,0.0,40.0,1.0,Normal
CIV0935,0,1,3,0.0,0.0,0.0,0.0,0.0,23.0,1.0,Normal
SHM2429,0,958,24,0.0,0.0,0.0,0.0,0.0,0.0,1.0,Normal
DWC2994,0,1,4,0.0,0.0,0.0,0.0,0.0,0.0,1.0,Normal
TCG0016,0,1,8,0.0,0.0,0.0,368.0,780.0,881.0,1.0,Normal
BWC2534,0,101,13,0.0,0.0,0.0,0.0,0.0,52.0,1.0,Normal
PEV3955,0,1,23,0.0,0.0,0.0,0.0,0.0,12.0,1.0,Normal
KKB2094,0,1,2,0.0,0.0,0.0,0.0,0.0,0.0,1.0,Normal
SIW2528,0,106,10,0.0,0.0,0.0,0.0,0.0,191.0,1.0,Normal
LBM2142,0,1,2,0.0,0.0,0.0,0.0,0.0,68.0,1.0,Normal
AIF1202,0,1,4,0.0,0.0,0.0,0.0,0.0,0.0,1.0,Normal
AGW1590,0,106,24,0.0,0.0,0.0,311.0,555.0,136.0,1.0,Normal
JIM2988,0,11,8,0.0,0.0,0.0,0.0,0.0,20.0,1.0,Normal
HJG3868,0,1,3,0.0,0.0,0.0,0.0,0.0,130.0,1.0,Normal
AGL3519,0,1,10,0.0,0.0,0.0,0.0,0.0,159.0,1.0,Normal
CSR3225,0,31,6,0.0,0.0,0.0,0.0,0.0,55.0,1.0,Normal
CTH0737,0,1,9,0.0,0.0,0.0,260.0,257.0,199.0,1.0,Normal
KNC3843,0,1,3,0.0,0.0,0.0,0.0,0.0,29.0,1.0,Normal
SGK1941,0,108,10,0.0,0.0,0.0,0.0,0.0,40.0,1.0,Normal
CNK1711,0,1,9,0.0,0.0,0.0,0.0,0.0,80.0,1.0,Normal
QNC3717,0,1,4,0.0,0.0,0.0,0.0,0.0,0.0,1.0,Normal
JAW3813,0,1,8,0.0,0.0,0.0,0.0,0.0,250.0,1.0,Normal
KHC2129,0,1,3,0.0,0.0,0.0,0.0,0.0,44.0,1.0,Normal
BEG3521,0,96,10,0.0,0.0,0.0,844.0,1511.0,255.0,1.0,Normal
AJN1275,0,1,23,0.0,0.0,0.0,0.0,0.0,58.0,1.0,Normal
CAS1702,0,1,2,0.0,0.0,0.0,0.0,0.0,0.0,1.0,Normal
RHL0268,0,44,12,0.0,0.0,0.0,0.0,0.0,55.0,1.0,Normal
NSW3199,0,1,4,0.0,0.0,0.0,0.0,0.0,0.0,1.0,Normal
VJC1974,0,1,4,0.0,0.0,0.0,0.0,0.0,37.0,1.0,Normal
CAH1839,0,6,19,0.0,0.0,0.0,0.0,0.0,0.0,1.0,Normal
CAC0147,0,1,4,0.0,0.0,0.0,0.0,0.0,0.0,1.0,Normal
KDH1284,0,1,4,0.0,0.0,0.0,0.0,0.0,468.0,1.0,Normal
PTS2487,0,1,22,0.0,0.0,0.0,0.0,0.0,37.0,1.0,Normal
KCG0979,0,104,11,0.0,0.0,0.0,761.0,1387.0,236.0,1.0,Normal
MMB0185,0,1,4,0.0,0.0,0.0,0.0,0.0,36.0,1.0,Normal
BRW0963,0,1,8,0.0,0.0,0.0,0.0,0.0,149.0,1.0,Normal
JSH3019,0,1,10,0.0,0.0,0.0,730.0,1195.0,877.0,1.0,Normal
AGF0742,0,36,23,0.0,0.0,0.0,4153.0,5311.0,1030.0,-1.0,Anomaly
ADG1737,0,73,24,0.0,0.0,0.0,1772.0,1169.0,762.0,-1.0,Anomaly
DWD2621,0,1,2,0.0,0.0,0.0,585.0,1050.0,174.0,1.0,Normal
HDH3751,0,1,4,0.0,0.0,0.0,0.0,0.0,30.0,1.0,Normal
ANC1834,0,1,4,0.0,0.0,0.0,0.0,0.0,0.0,1.0,Normal
CSR0612,0,1,4,0.0,0.0,0.0,0.0,0.0,0.0,1.0,Normal
AKG2702,0,21,9,0.0,0.0,0.0,764.0,1261.0,237.0,1.0,Normal
YZC3244,0,1,7,0.0,0.0,0.0,0.0,0.0,42.0,1.0,Normal
YMB2953,0,23,11,0.0,0.0,0.0,0.0,0.0,135.0,1.0,Normal
SRH3590,0,1,3,0.0,0.0,0.0,0.0,0.0,0.0,1.0,Normal
BSS2956,0,1,10,0.0,0.0,0.0,0.0,0.0,206.0,1.0,Normal
JUG0498,0,1,2,0.0,0.0,0.0,0.0,0.0,0.0,1.0,Normal
PSS2051,0,1,10,0.0,0.0,0.0,0.0,0.0,88.0,1.0,Normal
BSM2288,0,1,4,0.0,0.0,0.0,0.0,0.0,18.0,1.0,Normal
CPP2909,0,1,4,0.0,0.0,0.0,0.0,0.0,13.0,1.0,Normal
SWA1824,0,81,12,0.0,0.0,0.0,0.0,0.0,198.0,1.0,Normal
HVR0633,0,25,9,0.0,0.0,0.0,0.0,0.0,60.0,1.0,Normal
LCG0784,0,1,2,0.0,0.0,0.0,0.0,0.0,21.0,1.0,Normal
DCM3288,0,1,2,0.0,0.0,0.0,0.0,0.0,13.0,1.0,Normal
GKG2763,0,1,2,0.0,0.0,0.0,0.0,0.0,22.0,1.0,Normal
CAM2468,0,1,3,0.0,0.0,0.0,0.0,0.0,4.0,1.0,Normal
BPM3694,0,19,24,0.0,0.0,0.0,0.0,0.0,108.0,1.0,Normal
LMJ3535,0,1,2,0.0,0.0,0.0,0.0,0.0,110.0,1.0,Normal
JOR2627,0,1,4,0.0,0.0,0.0,0.0,0.0,18.0,1.0,Normal
VND1667,0,1,3,0.0,0.0,0.0,0.0,0.0,0.0,1.0,Normal
GIM0786,0,1,2,0.0,0.0,0.0,0.0,0.0,29.0,1.0,Normal
JLG2952,0,1,9,0.0,0.0,0.0,0.0,0.0,176.0,1.0,Normal
AIA2005,0,1,3,0.0,0.0,0.0,0.0,0.0,16.0,1.0,Normal
MBB2649,0,1,4,0.0,0.0,0.0,0.0,0.0,0.0,1.0,Normal
ZJS2648,0,7,23,0.0,0.0,0.0,0.0,0.0,12.0,1.0,Normal
MIA3825,0,1,7,0.0,0.0,0.0,187.0,352.0,90.0,1.0,Normal
NJW2402,0,1,17,0.0,0.0,0.0,0.0,0.0,75.0,1.0,Normal
SEN0534,0,1,3,0.0,0.0,0.0,0.0,0.0,67.0,1.0,Normal
HHW2471,0,1,2,0.0,0.0,0.0,0.0,0.0,25.0,1.0,Normal
LLG2958,0,1,4,0.0,0.0,0.0,0.0,0.0,58.0,1.0,Normal
IOM0542,0,1,4,0.0,0.0,0.0,0.0,0.0,119.0,1.0,Normal
XBL3922,0,1,3,0.0,0.0,0.0,0.0,0.0,14.0,1.0,Normal
FZS0969,0,1,3,0.0,0.0,0.0,0.0,0.0,92.0,1.0,Normal
UDB1170,0,106,13,0.0,0.0,0.0,0.0,0.0,104.0,1.0,Normal
TNH3028,0,1,10,0.0,0.0,0.0,0.0,0.0,34.0,1.0,Normal
SSS3091,0,103,12,0.0,0.0,0.0,305.0,565.0,127.0,1.0,Normal
HZM3056,0,1,4,0.0,0.0,0.0,0.0,0.0,0.0,1.0,Normal
NNM2862,0,92,11,0.0,0.0,0.0,148.0,243.0,60.0,1.0,Normal
GRL3110,0,1,3,0.0,0.0,0.0,0.0,0.0,49.0,1.0,Normal
BCC0456,0,1,2,0.0,0.0,0.0,0.0,0.0,201.0,1.0,Normal
CAR0928,0,1,8,0.0,0.0,0.0,0.0,0.0,41.0,1.0,Normal
NEB3445,0,26,10,0.0,0.0,0.0,0.0,0.0,26.0,1.0,Normal
DBT0141,0,114,23,0.0,0.0,0.0,754.0,1298.0,225.0,1.0,Normal
SKP3263,0,1,3,0.0,0.0,0.0,0.0,0.0,0.0,1.0,Normal
JOA0305,0,24,9,0.0,0.0,0.0,851.0,1520.0,240.0,1.0,Normal
MQR1657,0,107,24,0.0,0.0,0.0,282.0,461.0,138.0,1.0,Normal
AWH2466,0,1,3,0.0,0.0,0.0,0.0,0.0,0.0,1.0,Normal
KBO2708,0,1,2,0.0,0.0,0.0,0.0,0.0,0.0,1.0,Normal
JCC1381,0,1,3,0.0,0.0,0.0,0.0,0.0,60.0,1.0,Normal
RDB1693,0,1,2,0.0,0.0,0.0,0.0,0.0,18.0,1.0,Normal
CGC1132,0,1,3,0.0,0.0,0.0,0.0,0.0,0.0,1.0,Normal
MJS3720,0,8,12,0.0,0.0,0.0,15.0,27.0,21.0,1.0,Normal
DAD2620,0,1,2,0.0,0.0,0.0,0.0,0.0,40.0,1.0,Normal
WDD0499,0,1,2,0.0,0.0,0.0,0.0,0.0,0.0,1.0,Normal
BEA0311,0,1,3,0.0,0.0,0.0,0.0,0.0,9.0,1.0,Normal
JDV1245,0,1,10,0.0,0.0,0.0,223.0,232.0,274.0,1.0,Normal
APP1054,0,657,24,0.0,0.0,0.0,0.0,0.0,21.0,1.0,Normal
BCM3794,0,1,11,0.0,0.0,0.0,0.0,0.0,440.0,1.0,Normal
MHV1529,0,1,4,0.0,0.0,0.0,0.0,0.0,0.0,1.0,Normal
WJC0470,0,1,3,0.0,0.0,0.0,0.0,0.0,39.0,1.0,Normal
NTP2146,0,51,10,0.0,0.0,0.0,0.0,0.0,120.0,1.0,Normal
ERC1840,0,1,4,0.0,0.0,0.0,0.0,0.0,7.0,1.0,Normal
HMY0235,0,46,24,0.0,0.0,0.0,319.0,599.0,154.0,1.0,Normal
KEF1057,0,899,24,0.0,0.0,0.0,786.0,1360.0,315.0,-1.0,Anomaly
TAM3048,0,1190,24,0.0,0.0,0.0,0.0,0.0,156.0,-1.0,Anomaly
GMH2027,0,1,2,0.0,0.0,0.0,0.0,0.0,0.0,1.0,Normal
LCM1480,0,1,3,0.0,0.0,0.0,0.0,0.0,36.0,1.0,Normal
PAM0505,0,1,2,0.0,0.0,0.0,0.0,0.0,0.0,1.0,Normal
UMH1532,0,1,3,0.0,0.0,0.0,0.0,0.0,0.0,1.0,Normal
KNS0539,0,1,3,0.0,0.0,0.0,0.0,0.0,22.0,1.0,Normal
RIS2436,0,956,24,0.0,0.0,0.0,0.0,0.0,52.0,1.0,Normal
RMB2275,0,1,2,0.0,0.0,0.0,0.0,0.0,27.0,1.0,Normal
BBF2388,0,1,4,0.0,0.0,0.0,0.0,0.0,0.0,1.0,Normal
IMR3660,0,109,12,0.0,0.0,0.0,849.0,1483.0,258.0,1.0,Normal
SML1923,0,82,11,0.0,0.0,0.0,261.0,437.0,118.0,1.0,Normal
MSF3311,0,1,4,0.0,0.0,0.0,0.0,0.0,3.0,1.0,Normal
BBH3779,0,1,2,0.0,0.0,0.0,0.0,0.0,85.0,1.0,Normal
CAR2900,0,1,4,0.0,0.0,0.0,0.0,0.0,0.0,1.0,Normal
JCH3456,0,1,2,0.0,0.0,0.0,0.0,0.0,15.0,1.0,Normal
TSD2948,0,89,24,0.0,0.0,0.0,109.0,173.0,122.0,1.0,Normal
JCR3919,0,1,7,0.0,0.0,0.0,0.0,0.0,24.0,1.0,Normal
BXW1804,0,1,8,0.0,0.0,0.0,0.0,0.0,51.0,1.0,Normal
CRC0348,0,36,24,0.0,0.0,0.0,0.0,0.0,143.0,1.0,Normal
DAH2506,0,1,8,0.0,0.0,0.0,0.0,0.0,52.0,1.0,Normal
HCS2401,0,1,8,0.0,0.0,0.0,859.0,1610.0,265.0,1.0,Normal
CBS0951,0,1,17,0.0,0.0,0.0,0.0,0.0,36.0,1.0,Normal
SHP1713,0,1,2,0.0,0.0,0.0,0.0,0.0,143.0,1.0,Normal
IRB2456,0,1,7,0.0,0.0,0.0,0.0,0.0,120.0,1.0,Normal
GJM2800,0,1,20,0.0,0.0,0.0,0.0,0.0,43.0,1.0,Normal
XJM3874,0,71,9,0.0,0.0,0.0,0.0,0.0,89.0,1.0,Normal
SCR2455,0,21,10,0.0,0.0,0.0,746.0,1331.0,232.0,1.0,Normal
JJC0116,0,1,2,0.0,0.0,0.0,0.0,0.0,19.0,1.0,Normal
KSB1599,0,1,3,0.0,0.0,0.0,0.0,0.0,13.0,1.0,Normal
THG3271,0,1,3,0.0,0.0,0.0,0.0,0.0,4.0,1.0,Normal
SWS0823,0,1,4,0.0,0.0,0.0,0.0,0.0,65.0,1.0,Normal
BCZ1345,0,1,4,0.0,0.0,0.0,0.0,0.0,0.0,1.0,Normal
BMB0007,0,1,3,0.0,0.0,0.0,0.0,0.0,111.0,1.0,Normal
AZB1225,0,1,2,0.0,0.0,0.0,0.0,0.0,55.0,1.0,Normal
HLM1564,0,1,4,0.0,0.0,0.0,0.0,0.0,24.0,1.0,Normal
HQF1912,0,1,16,0.0,0.0,0.0,260.0,464.0,99.0,1.0,Normal
AGM0133,0,1,2,0.0,0.0,0.0,0.0,0.0,0.0,1.0,Normal
JZE2902,0,12,10,0.0,0.0,0.0,213.0,283.0,393.0,1.0,Normal
VAB1102,0,1,2,0.0,0.0,0.0,0.0,0.0,54.0,1.0,Normal
PIG2047,0,1,4,0.0,0.0,0.0,0.0,0.0,0.0,1.0,Normal
JRB0025,0,1,4,0.0,0.0,0.0,0.0,0.0,233.0,1.0,Normal
RAW3461,0,1,2,0.0,0.0,0.0,0.0,0.0,65.0,1.0,Normal
DXM2433,0,987,24,0.0,0.0,0.0,0.0,0.0,0.0,1.0,Normal
AYS0110,0,1,4,0.0,0.0,0.0,0.0,0.0,0.0,1.0,Normal
GWC0137,0,1,2,0.0,0.0,0.0,0.0,0.0,57.0,1.0,Normal
MEA3886,0,105,12,0.0,0.0,0.0,0.0,0.0,173.0,1.0,Normal
LYF3449,0,1,8,0.0,0.0,0.0,0.0,0.0,31.0,1.0,Normal
KAA2150,0,1,2,0.0,0.0,0.0,0.0,0.0,191.0,1.0,Normal
WLG0406,0,1,10,0.0,0.0,0.0,0.0,0.0,77.0,1.0,Normal
HMP3391,0,1,4,0.0,0.0,0.0,0.0,0.0,2.0,1.0,Normal
JEL2887,0,1,10,0.0,0.0,0.0,0.0,0.0,96.0,1.0,Normal
ZBW0132,0,1,4,0.0,0.0,0.0,0.0,0.0,0.0,1.0,Normal
HKH0204,0,108,22,0.0,0.0,0.0,681.0,1473.0,368.0,1.0,Normal
CHF1005,0,27,23,0.0,0.0,0.0,0.0,0.0,117.0,1.0,Normal
ZAN1931,0,1,4,0.0,0.0,0.0,0.0,0.0,0.0,1.0,Normal
CWF1289,0,1,4,0.0,0.0,0.0,0.0,0.0,62.0,1.0,Normal
OMB2053,0,1,4,0.0,0.0,0.0,0.0,0.0,47.0,1.0,Normal
MSW0973,0,1,4,0.0,0.0,0.0,0.0,0.0,0.0,1.0,Normal
OEJ1648,0,24,24,0.0,0.0,0.0,349.0,390.0,488.0,1.0,Normal
AYL1635,0,1,4,0.0,0.0,0.0,0.0,0.0,0.0,1.0,Normal
OGW3384,0,19,11,0.0,0.0,0.0,1182.0,1990.0,308.0,1.0,Normal
RKA2561,0,1,2,0.0,0.0,0.0,0.0,0.0,0.0,1.0,Normal
BCB2072,0,1,7,0.0,0.0,0.0,0.0,0.0,139.0,1.0,Normal
CMA1475,0,1,3,0.0,0.0,0.0,0.0,0.0,61.0,1.0,Normal
WAF3438,0,95,10,0.0,0.0,0.0,0.0,0.0,111.0,1.0,Normal
IJC3881,0,1,3,0.0,0.0,0.0,0.0,0.0,0.0,1.0,Normal
RJH0219,0,81,24,0.0,0.0,0.0,0.0,0.0,149.0,1.0,Normal
AKS3705,0,1,3,0.0,0.0,0.0,0.0,0.0,9.0,1.0,Normal
RKH3803,0,1,2,0.0,0.0,0.0,0.0,0.0,27.0,1.0,Normal
JIW2086,0,1,4,0.0,0.0,0.0,0.0,0.0,50.0,1.0,Normal
PGM0342,0,1,7,0.0,0.0,0.0,0.0,0.0,89.0,1.0,Normal
ELB3697,0,16,10,0.0,0.0,0.0,0.0,0.0,18.0,1.0,Normal
DMM2063,0,1,2,0.0,0.0,0.0,0.0,0.0,0.0,1.0,Normal
EZP3568,0,1,9,0.0,0.0,0.0,0.0,0.0,32.0,1.0,Normal
JMH2517,0,1,10,0.0,0.0,0.0,0.0,0.0,83.0,1.0,Normal
MMJ0070,0,109,13,0.0,0.0,0.0,0.0,0.0,48.0,1.0,Normal
DMG1298,0,1,4,0.0,0.0,0.0,0.0,0.0,0.0,1.0,Normal
YJP2689,0,13,10,0.0,0.0,0.0,0.0,0.0,19.0,1.0,Normal
GHT3177,0,1,4,0.0,0.0,0.0,0.0,0.0,85.0,1.0,Normal
CJM0273,0,39,12,0.0,0.0,0.0,4229.0,7045.0,1146.0,-1.0,Anomaly
FAP0199,0,56,9,0.0,0.0,0.0,0.0,0.0,18.0,1.0,Normal
FNM2124,0,1,3,0.0,0.0,0.0,2823.0,4803.0,786.0,-1.0,Anomaly
HMS2212,0,1,4,0.0,0.0,0.0,0.0,0.0,0.0,1.0,Normal
BNF1110,0,22,14,0.0,0.0,0.0,827.0,1850.0,875.0,-1.0,Anomaly
RMD0792,0,38,21,0.0,0.0,0.0,271.0,481.0,115.0,1.0,Normal
ISH0079,0,1,3,0.0,0.0,0.0,0.0,0.0,0.0,1.0,Normal
BSV1499,0,1,8,0.0,0.0,0.0,0.0,0.0,30.0,1.0,Normal
SFM2226,0,1,4,0.0,0.0,0.0,58.0,125.0,23.0,1.0,Normal
JTR3205,0,1,2,0.0,0.0,0.0,0.0,0.0,0.0,1.0,Normal
MNW1733,0,48,13,0.0,0.0,0.0,103.0,157.0,46.0,1.0,Normal
SKK0282,0,1,3,0.0,0.0,0.0,0.0,0.0,104.0,1.0,Normal
IMH2964,0,1,3,0.0,0.0,0.0,0.0,0.0,26.0,1.0,Normal
GJO3614,0,1,4,0.0,0.0,0.0,0.0,0.0,10.0,1.0,Normal
WAR1374,0,1,3,0.0,0.0,0.0,0.0,0.0,47.0,1.0,Normal
NTH2822,0,1,3,0.0,0.0,0.0,0.0,0.0,10.0,1.0,Normal
AIL2511,0,1,2,0.0,0.0,0.0,0.0,0.0,49.0,1.0,Normal
CWH0038,0,1,3,0.0,0.0,0.0,0.0,0.0,0.0,1.0,Normal
IBP2990,0,1,3,0.0,0.0,0.0,0.0,0.0,31.0,1.0,Normal
LJM3339,0,1,3,0.0,0.0,0.0,0.0,0.0,2.0,1.0,Normal
VMN0743,0,28,10,0.0,0.0,0.0,0.0,0.0,732.0,1.0,Normal
DWF2268,0,1,2,0.0,0.0,0.0,0.0,0.0,381.0,1.0,Normal
MTG0463,0,959,24,0.0,0.0,0.0,0.0,0.0,25.0,1.0,Normal
JPC2507,0,33,9,0.0,0.0,0.0,237.0,452.0,97.0,1.0,Normal
IWR3469,0,20,10,0.0,0.0,0.0,0.0,0.0,45.0,1.0,Normal
AEB3249,0,1,7,0.0,0.0,0.0,81.0,90.0,156.0,1.0,Normal
LHB3089,0,1,10,0.0,0.0,0.0,0.0,0.0,94.0,1.0,Normal
RDC0378,0,1,4,0.0,0.0,0.0,0.0,0.0,0.0,1.0,Normal
XWM0415,0,1,10,0.0,0.0,0.0,0.0,0.0,45.0,1.0,Normal
HHF1995,0,19,13,0.0,0.0,0.0,1104.0,1837.0,360.0,1.0,Normal
AAP1942,0,1,8,0.0,0.0,0.0,0.0,0.0,66.0,1.0,Normal
IRO0822,0,1,4,0.0,0.0,0.0,0.0,0.0,0.0,1.0,Normal
RVL1688,0,1,2,0.0,0.0,0.0,0.0,0.0,9.0,1.0,Normal
YJD3130,0,1,3,0.0,0.0,0.0,0.0,0.0,60.0,1.0,Normal
MDG3281,0,1,3,0.0,0.0,0.0,0.0,0.0,0.0,1.0,Normal
CRP3682,0,14,23,0.0,0.0,0.0,288.0,551.0,207.0,1.0,Normal
CMH3077,0,1,2,0.0,0.0,0.0,0.0,0.0,0.0,1.0,Normal
YBP3978,0,1,2,0.0,0.0,0.0,0.0,0.0,18.0,1.0,Normal
OLH3452,0,1,2,0.0,0.0,0.0,0.0,0.0,126.0,1.0,Normal
MRM2906,0,1,4,0.0,0.0,0.0,0.0,0.0,34.0,1.0,Normal
KDT3773,0,108,11,0.0,0.0,0.0,0.0,0.0,1111.0,1.0,Normal
FBM2755,0,1,4,0.0,0.0,0.0,0.0,0.0,27.0,1.0,Normal
ZDC2523,0,1,24,0.0,0.0,0.0,132.0,203.0,107.0,1.0,Normal
RGB0263,0,1,3,0.0,0.0,0.0,0.0,0.0,105.0,1.0,Normal
BJE0351,0,1,8,0.0,0.0,0.0,607.0,1114.0,186.0,1.0,Normal
CBC3175,0,1,9,0.0,0.0,0.0,197.0,347.0,105.0,1.0,Normal
GTG1348,0,1,4,0.0,0.0,0.0,0.0,0.0,0.0,1.0,Normal
VKA1118,0,107,14,0.0,0.0,0.0,0.0,0.0,580.0,1.0,Normal
LOC1446,0,1,4,0.0,0.0,0.0,0.0,0.0,0.0,1.0,Normal
JRR2745,0,20,13,0.0,0.0,0.0,673.0,1140.0,205.0,1.0,Normal
JHB0807,0,1,2,0.0,0.0,0.0,0.0,0.0,2.0,1.0,Normal
CTD1850,0,1,3,0.0,0.0,0.0,0.0,0.0,39.0,1.0,Normal
LJH0866,0,1,2,0.0,0.0,0.0,0.0,0.0,0.0,1.0,Normal
CMM0764,0,92,11,0.0,0.0,0.0,0.0,0.0,66.0,1.0,Normal
AMD2728,0,1,4,0.0,0.0,0.0,0.0,0.0,0.0,1.0,Normal
SGC2111,0,109,13,0.0,0.0,0.0,61.0,142.0,756.0,1.0,Normal
BAR3420,0,78,10,0.0,0.0,0.0,0.0,0.0,126.0,1.0,Normal
DCC1431,0,1,9,0.0,0.0,0.0,0.0,0.0,69.0,1.0,Normal
JYW1965,0,1,4,0.0,0.0,0.0,0.0,0.0,104.0,1.0,Normal
OHM1030,0,1,8,0.0,0.0,0.0,0.0,0.0,820.0,1.0,Normal
WKC0573,0,56,13,0.0,0.0,0.0,0.0,0.0,58.0,1.0,Normal
ZDC3269,0,1,17,0.0,0.0,0.0,0.0,0.0,8.0,1.0,Normal
FFP3169,0,1,4,0.0,0.0,0.0,0.0,0.0,37.0,1.0,Normal
AJQ0809,0,1,9,0.0,0.0,0.0,0.0,0.0,25.0,1.0,Normal
CBM0060,0,1,2,0.0,0.0,0.0,0.0,0.0,41.0,1.0,Normal
AMN0911,0,88,11,0.0,0.0,0.0,0.0,0.0,66.0,1.0,Normal
LWB2851,0,11,11,0.0,0.0,0.0,168.0,306.0,52.0,1.0,Normal
QMP2998,0,1,2,0.0,0.0,0.0,0.0,0.0,109.0,1.0,Normal
BJG0662,0,1,4,0.0,0.0,0.0,0.0,0.0,99.0,1.0,Normal
OUJ2510,0,1,2,0.0,0.0,0.0,0.0,0.0,29.0,1.0,Normal
DCW0174,0,1,2,0.0,0.0,0.0,0.0,0.0,0.0,1.0,Normal
LKS1010,0,1,4,0.0,0.0,0.0,0.0,0.0,0.0,1.0,Normal
SLH0900,0,1,2,0.0,0.0,0.0,0.0,0.0,19.0,1.0,Normal
ALH2916,0,1,4,0.0,0.0,0.0,0.0,0.0,6.0,1.0,Normal
GDH3546,0,1,2,0.0,0.0,0.0,0.0,0.0,26.0,1.0,Normal
BAL2366,0,113,11,0.0,0.0,0.0,208.0,357.0,81.0,1.0,Normal
BHW2476,0,1,2,0.0,0.0,0.0,0.0,0.0,14.0,1.0,Normal
CDB2017,0,10,24,0.0,0.0,0.0,115.0,195.0,78.0,1.0,Normal
BNB3370,0,1,4,0.0,0.0,0.0,0.0,0.0,154.0,1.0,Normal
NWH2896,0,16,19,0.0,0.0,0.0,261.0,486.0,183.0,1.0,Normal
LKB2322,0,1,3,0.0,0.0,0.0,0.0,0.0,97.0,1.0,Normal
OWL2872,0,22,11,0.0,0.0,0.0,0.0,0.0,29.0,1.0,Normal
KCO1253,0,1,4,0.0,0.0,0.0,0.0,0.0,23.0,1.0,Normal
ZZO2997,0,1,3,0.0,0.0,0.0,0.0,0.0,59.0,1.0,Normal
DJF3394,0,1,10,0.0,0.0,0.0,139.0,331.0,389.0,1.0,Normal
LSM0408,0,1,3,0.0,0.0,0.0,0.0,0.0,0.0,1.0,Normal
RME0448,0,101,11,0.0,0.0,0.0,0.0,0.0,71.0,1.0,Normal
AJC3010,0,1,2,0.0,0.0,0.0,0.0,0.0,0.0,1.0,Normal
BRR2899,0,1,4,0.0,0.0,0.0,0.0,0.0,72.0,1.0,Normal
OIP0988,0,1,2,0.0,0.0,0.0,0.0,0.0,56.0,1.0,Normal
VHG3993,0,92,10,0.0,0.0,0.0,901.0,1535.0,216.0,1.0,Normal
DSN3186,0,1,8,0.0,0.0,0.0,0.0,0.0,92.0,1.0,Normal
SNC1837,0,1,10,0.0,0.0,0.0,0.0,0.0,17.0,1.0,Normal
HCB1383,0,93,24,0.0,0.0,0.0,42.0,83.0,68.0,1.0,Normal
GJS0160,0,147,13,0.0,0.0,0.0,0.0,0.0,24.0,1.0,Normal
IAB3386,0,1,4,0.0,0.0,0.0,0.0,0.0,6.0,1.0,Normal
MRB0796,0,1,3,0.0,0.0,0.0,0.0,0.0,0.0,1.0,Normal
BCS1604,0,42,24,0.0,0.0,0.0,0.0,0.0,1003.0,-1.0,Anomaly
CCT0020,0,1,4,0.0,0.0,0.0,0.0,0.0,91.0,1.0,Normal
TLK0003,0,32,22,0.0,0.0,0.0,1699.0,980.0,923.0,-1.0,Anomaly
IBM1752,0,1,4,0.0,0.0,0.0,0.0,0.0,88.0,1.0,Normal
GIT2266,0,1,7,0.0,0.0,0.0,0.0,0.0,431.0,1.0,Normal
LYB3419,0,58,10,0.0,0.0,0.0,201.0,388.0,146.0,1.0,Normal
MKR1339,0,80,10,0.0,0.0,0.0,906.0,1532.0,242.0,1.0,Normal
IIW0361,0,1,3,0.0,0.0,0.0,0.0,0.0,0.0,1.0,Normal
BNC3178,0,1,4,0.0,0.0,0.0,0.0,0.0,0.0,1.0,Normal
SJS1415,0,1,4,0.0,0.0,0.0,0.0,0.0,66.0,1.0,Normal
NBH3076,0,1,2,0.0,0.0,0.0,0.0,0.0,0.0,1.0,Normal
EMM3195,0,1,2,0.0,0.0,0.0,0.0,0.0,19.0,1.0,Normal
QRR1242,0,1,4,0.0,0.0,0.0,0.0,0.0,0.0,1.0,Normal
MHS0125,0,1,2,0.0,0.0,0.0,0.0,0.0,0.0,1.0,Normal
BXN0660,0,1,4,0.0,0.0,0.0,0.0,0.0,62.0,1.0,Normal
SJL3355,0,1,10,0.0,0.0,0.0,0.0,0.0,152.0,1.0,Normal
BNT0663,0,1,4,0.0,0.0,0.0,0.0,0.0,0.0,1.0,Normal
RKM3650,0,1,2,0.0,0.0,0.0,0.0,0.0,19.0,1.0,Normal
AJS0616,0,1,4,0.0,0.0,0.0,0.0,0.0,0.0,1.0,Normal
ZOM0746,0,1,4,0.0,0.0,0.0,0.0,0.0,0.0,1.0,Normal
GJT1292,0,1,4,0.0,0.0,0.0,0.0,0.0,32.0,1.0,Normal
BLD2227,0,14,18,0.0,0.0,0.0,0.0,0.0,97.0,1.0,Normal
JLF3219,0,1,2,0.0,0.0,0.0,0.0,0.0,34.0,1.0,Normal
