user_id, login_count, unique_pcs, active_hours, actions_per_hour, file_access_count, file_copy_count, removable_uploads, removable_downloads, decoy_access_count
NFP2441,           0,        920,           24,              0.0,               0.0,             0.0,               0.0,                 0.0,              102.0
ADR1517,           0,          1,           10,              0.0,               0.0,             0.0,               0.0,                 0.0,               12.0
MWB4000,           0,          1,            2,              0.0,               0.0,             0.0,               0.0,                 0.0,                2.0
MLS2856,           0,          1,            8,              0.0,               0.0,             0.0,               0.0,                 0.0,               20.0
BTR2026,           0,          1,            2,              0.0,               0.0,             0.0,               0.0,                 0.0,                0.0
ZCT1009,           0,          1,            4,              0.0,               0.0,             0.0,               0.0,                 0.0,                0.0
SEM1983,           0,          1,            7,              0.0,               0.0,             0.0,               0.0,                 0.0,                9.0
BDW1459,           0,          1,            4,              0.0,               0.0,             0.0,               0.0,                 0.0,                0.0
FAJ3101,           0,          1,           10,              0.0,               0.0,             0.0,             335.0,               554.0,              106.0
CLR1239,           0,         47,           12,              0.0,               0.0,             0.0,               0.0,                 0.0,               98.0
LOP1708,           0,         23,            9,              0.0,               0.0,             0.0,             652.0,              1135.0,              239.0
GKK2422,           0,          1,            9,              0.0,               0.0,             0.0,               0.0,                 0.0,              146.0
MYB3817,           0,          1,            8,              0.0,               0.0,             0.0,               0.0,                 0.0,               52.0
JBO2839,           0,          1,            4,              0.0,               0.0,             0.0,               0.0,                 0.0,               14.0
JTC0941,           0,          1,            2,              0.0,               0.0,             0.0,               0.0,                 0.0,                0.0
IKA2925,           0,        104,           11,              0.0,               0.0,             0.0,               0.0,                 0.0,               33.0
JSN1905,           0,          1,            2,              0.0,               0.0,             0.0,               0.0,                 0.0,                0.0
JRL2365,           0,          1,            2,              0.0,               0.0,             0.0,               0.0,                 0.0,               16.0
GJB0850,           0,          1,            4,              0.0,               0.0,             0.0,               0.0,                 0.0,                6.0
LMD2804,           0,          1,            3,              0.0,               0.0,             0.0,               0.0,                 0.0,               23.0
KMB3003,           0,          1,            4,              0.0,               0.0,             0.0,               0.0,                 0.0,               29.0
LWV1525,           0,        106,           11,              0.0,               0.0,             0.0,               0.0,                 0.0,               41.0
RBB3867,           0,          1,            3,              0.0,               0.0,             0.0,               0.0,                 0.0,                0.0
ARF0575,           0,          1,            4,              0.0,               0.0,             0.0,               0.0,                 0.0,               57.0
WSC2981,           0,          1,            2,              0.0,               0.0,             0.0,               0.0,                 0.0,               24.0
HKT1778,           0,          1,            9,              0.0,               0.0,             0.0,              66.0,               124.0,               68.0
MAS3218,           0,         13,           23,              0.0,               0.0,             0.0,             142.0,               293.0,               68.0
MJG2304,           0,         86,            9,              0.0,               0.0,             0.0,            1219.0,              2182.0,              365.0
CCH1508,           0,          1,            4,              0.0,               0.0,             0.0,               0.0,                 0.0,                0.0
HDN2609,           0,         84,           12,              0.0,               0.0,             0.0,             364.0,               272.0,              609.0
FCM3926,           0,          1,            2,              0.0,               0.0,             0.0,             873.0,              1493.0,              259.0
DMR0336,           0,          1,            2,              0.0,               0.0,             0.0,               0.0,                 0.0,                0.0
XAB0936,           0,         10,           10,              0.0,               0.0,             0.0,              69.0,               131.0,              114.0
LCB2041,           0,          1,            2,              0.0,               0.0,             0.0,               0.0,                 0.0,                0.0
ZJB0552,           0,          1,            2,              0.0,               0.0,             0.0,               0.0,                 0.0,               14.0
AKP3573,           0,          1,            2,              0.0,               0.0,             0.0,               0.0,                 0.0,               17.0
JRA0522,           0,          1,            3,              0.0,               0.0,             0.0,               0.0,                 0.0,               18.0
RLS1738,           0,         85,           11,              0.0,               0.0,             0.0,               0.0,                 0.0,               49.0
CWK2870,           0,         23,           11,              0.0,               0.0,             0.0,               0.0,                 0.0,               11.0
BRH1107,           0,          1,            2,              0.0,               0.0,             0.0,               0.0,                 0.0,               27.0
TEF3555,           0,          1,            2,              0.0,               0.0,             0.0,               0.0,                 0.0,                0.0
GEH0420,           0,          1,            3,              0.0,               0.0,             0.0,               0.0,                 0.0,               21.0
VCV2521,           0,        109,           10,              0.0,               0.0,             0.0,             991.0,              1596.0,              267.0
LJR0253,           0,          1,            4,              0.0,               0.0,             0.0,               0.0,                 0.0,                0.0
RPH2326,           0,         15,            5,              0.0,               0.0,             0.0,             266.0,               507.0,               88.0
FJO1828,           0,         65,           24,              0.0,               0.0,             0.0,             275.0,               503.0,              103.0
JIG1936,           0,          1,            3,              0.0,               0.0,             0.0,               0.0,                 0.0,                0.0
OAS0991,           0,          1,            9,              0.0,               0.0,             0.0,               0.0,                 0.0,               95.0
CRT2273,           0,          1,            4,              0.0,               0.0,             0.0,               0.0,                 0.0,               42.0
KGR2815,           0,          1,            4,              0.0,               0.0,             0.0,               0.0,                 0.0,                1.0
ACH1910,           0,         68,           24,              0.0,               0.0,             0.0,               0.0,                 0.0,              127.0
WDS2197,           0,         88,            9,              0.0,               0.0,             0.0,             464.0,               833.0,              120.0
TJM0328,           0,          1,            2,              0.0,               0.0,             0.0,               0.0,                 0.0,                0.0
JJS2973,           0,          1,            2,              0.0,               0.0,             0.0,               0.0,                 0.0,               13.0
UDW0487,           0,          1,            3,              0.0,               0.0,             0.0,               0.0,                 0.0,               12.0
SHB2106,           0,          1,            3,              0.0,               0.0,             0.0,               0.0,                 0.0,                0.0
PCT1234,           0,          1,           10,              0.0,               0.0,             0.0,               0.0,                 0.0,               43.0
KAV2926,           0,          6,           22,              0.0,               0.0,             0.0,               0.0,                 0.0,               19.0
ADS0763,           0,          1,            4,              0.0,               0.0,             0.0,               0.0,                 0.0,               83.0
SKG1731,           0,          1,            4,              0.0,               0.0,             0.0,               0.0,                 0.0,                0.0
ISJ1479,           0,         77,           11,              0.0,               0.0,             0.0,               0.0,                 0.0,               12.0
CAG2236,           0,          1,           10,              0.0,               0.0,             0.0,               0.0,                 0.0,                4.0
YKW3832,           0,         20,           21,              0.0,               0.0,             0.0,             175.0,               327.0,               81.0
AVC2328,           0,          1,            2,              0.0,               0.0,             0.0,               0.0,                 0.0,               47.0
CSP2186,           0,         23,            9,              0.0,               0.0,             0.0,             678.0,              1211.0,              190.0
DBG0477,           0,         10,           24,              0.0,               0.0,             0.0,              75.0,               179.0,               57.0
HPR2023,           0,          1,            2,              0.0,               0.0,             0.0,               0.0,                 0.0,                8.0
HAR3571,           0,          1,            8,              0.0,               0.0,             0.0,             340.0,               607.0,              114.0
NJM0440,           0,         87,           11,              0.0,               0.0,             0.0,             361.0,               645.0,              103.0
IBW1779,           0,          1,           14,              0.0,               0.0,             0.0,               0.0,                 0.0,              412.0
BVB1673,           0,          3,            6,              0.0,               0.0,             0.0,             154.0,                62.0,               74.0
DDF2937,           0,          1,            4,              0.0,               0.0,             0.0,               0.0,                 0.0,                0.0
NDH3827,           0,          1,            3,              0.0,               0.0,             0.0,               0.0,                 0.0,                0.0
NLS1866,           0,          1,            2,              0.0,               0.0,             0.0,               0.0,                 0.0,                0.0
MKM0647,           0,         33,           11,              0.0,               0.0,             0.0,             280.0,               550.0,              100.0
DCR1531,           0,         84,           11,              0.0,               0.0,             0.0,               0.0,                 0.0,               48.0
BSB3083,           0,          1,            9,              0.0,               0.0,             0.0,            1133.0,              1932.0,              348.0
SLM1119,           0,        111,           14,              0.0,               0.0,             0.0,               0.0,                 0.0,              114.0
KCO0269,           0,          1,            4,              0.0,               0.0,             0.0,               0.0,                 0.0,                0.0
HVS1143,           0,          1,            4,              0.0,               0.0,             0.0,               0.0,                 0.0,                0.0
JRR0829,           0,          1,           10,              0.0,               0.0,             0.0,               0.0,                 0.0,               60.0
BMF2337,           0,          1,            2,              0.0,               0.0,             0.0,               0.0,                 0.0,                0.0
JRK2707,           0,          1,            3,              0.0,               0.0,             0.0,               0.0,                 0.0,               74.0
CEC1352,           0,         59,           10,              0.0,               0.0,             0.0,            2987.0,              4972.0,              821.0
KDB0266,           0,          1,            4,              0.0,               0.0,             0.0,               0.0,                 0.0,               13.0
MKR2138,           0,          1,            2,              0.0,               0.0,             0.0,            1146.0,              1927.0,              325.0
ALS3440,           0,          1,           22,              0.0,               0.0,             0.0,               0.0,                 0.0,              214.0
AZG2343,           0,         28,           11,              0.0,               0.0,             0.0,               0.0,                 0.0,               47.0
RJS0846,           0,          1,            4,              0.0,               0.0,             0.0,               0.0,                 0.0,               11.0
BRG3267,           0,          1,           18,              0.0,               0.0,             0.0,            3016.0,              5080.0,              772.0
QNW0977,           0,          1,            5,              0.0,               0.0,             0.0,               0.0,                 0.0,               21.0
CNT0946,           0,        106,           10,              0.0,               0.0,             0.0,               0.0,                 0.0,               30.0
DMR2518,           0,          1,            4,              0.0,               0.0,             0.0,               0.0,                 0.0,                0.0
DSB0245,           0,         61,           12,              0.0,               0.0,             0.0,               0.0,                 0.0,               42.0
LBR1387,           0,          1,            4,              0.0,               0.0,             0.0,               0.0,                 0.0,              100.0
CKB3645,           0,         22,           12,              0.0,               0.0,             0.0,             466.0,              1045.0,              283.0
DHG0962,           0,         20,           10,              0.0,               0.0,             0.0,             411.0,               742.0,              172.0
HMR0098,           0,          1,           17,              0.0,               0.0,             0.0,              71.0,               139.0,              748.0
TLW2668,           0,          1,            3,              0.0,               0.0,             0.0,               0.0,                 0.0,                0.0
LLH3157,           0,        101,           11,              0.0,               0.0,             0.0,             936.0,              1620.0,              305.0
WNC0874,           0,          1,            2,              0.0,               0.0,             0.0,               0.0,                 0.0,                8.0
MNC0433,           0,          1,            4,              0.0,               0.0,             0.0,               0.0,                 0.0,                9.0
IWG0058,           0,        109,           10,              0.0,               0.0,             0.0,             559.0,              1007.0,              195.0
LBM3284,           0,          1,            3,              0.0,               0.0,             0.0,               0.0,                 0.0,                0.0
HZH0297,           0,         29,           13,              0.0,               0.0,             0.0,             493.0,               937.0,              186.0
UXC1495,           0,        113,           24,              0.0,               0.0,             0.0,            1413.0,              3433.0,              656.0
EHD1744,           0,          5,           10,              0.0,               0.0,             0.0,              26.0,                46.0,                9.0
KMC2028,           0,          1,            2,              0.0,               0.0,             0.0,               0.0,                 0.0,                0.0
HWV1621,           0,          1,            4,              0.0,               0.0,             0.0,               0.0,                 0.0,                0.0
EFC1153,           0,          1,            4,              0.0,               0.0,             0.0,               0.0,                 0.0,               58.0
CGT3148,           0,          1,            4,              0.0,               0.0,             0.0,               0.0,                 0.0,               59.0
JKC3349,           0,          1,            4,              0.0,               0.0,             0.0,               0.0,                 0.0,                0.0
RJW1440,           0,          1,            7,              0.0,               0.0,             0.0,               0.0,                 0.0,              120.0
ELB0033,           0,         44,           12,              0.0,               0.0,             0.0,               0.0,                 0.0,              161.0
RLP3268,           0,         87,            9,              0.0,               0.0,             0.0,             178.0,               345.0,               62.0
WEC3721,           0,          1,            4,              0.0,               0.0,             0.0,               0.0,                 0.0,               54.0
CRJ3070,           0,          1,            4,              0.0,               0.0,             0.0,               0.0,                 0.0,                0.0
WRM0515,           0,        102,           12,              0.0,               0.0,             0.0,             982.0,              1674.0,              285.0
ZNG3404,           0,          1,            4,              0.0,               0.0,             0.0,               0.0,                 0.0,               12.0
NKV1451,           0,          1,            4,              0.0,               0.0,             0.0,               0.0,                 0.0,                0.0
GSB0666,           0,          1,            4,              0.0,               0.0,             0.0,               0.0,                 0.0,                0.0
FCK3307,           0,          1,            4,              0.0,               0.0,             0.0,               0.0,                 0.0,                3.0
RHD0787,           0,          1,            2,              0.0,               0.0,             0.0,               0.0,                 0.0,               84.0
MFL0355,           0,          1,            4,              0.0,               0.0,             0.0,               0.0,                 0.0,              157.0
SMO0458,           0,        925,           24,              0.0,               0.0,             0.0,               0.0,                 0.0,                0.0
GMF1213,           0,         19,           12,              0.0,               0.0,             0.0,             291.0,               144.0,              307.0
JNR2260,           0,          1,            2,              0.0,               0.0,             0.0,               0.0,                 0.0,              317.0
AAH0721,           0,          1,            4,              0.0,               0.0,             0.0,               0.0,                 0.0,               79.0
ORB2880,           0,         17,           11,              0.0,               0.0,             0.0,               0.0,                 0.0,              119.0
BXG3763,           0,          1,            4,              0.0,               0.0,             0.0,               0.0,                 0.0,               18.0
BKF0427,           0,          1,            9,              0.0,               0.0,             0.0,             449.0,               818.0,              141.0
CCW2381,           0,          1,           24,              0.0,               0.0,             0.0,            2574.0,              4609.0,             1368.0
CXB2183,           0,          1,            4,              0.0,               0.0,             0.0,               0.0,                 0.0,                0.0
MDP0161,           0,          1,            8,              0.0,               0.0,             0.0,               0.0,                 0.0,               82.0
JNP1240,           0,         40,           12,              0.0,               0.0,             0.0,              27.0,                50.0,               35.0
ANM0564,           0,         25,           13,              0.0,               0.0,             0.0,               0.0,                 0.0,               68.0
MCS0512,           0,          1,            4,              0.0,               0.0,             0.0,               0.0,                 0.0,               38.0
DKD2409,           0,          1,            7,              0.0,               0.0,             0.0,             150.0,               283.0,              111.0
SWR3808,           0,          1,            3,              0.0,               0.0,             0.0,               0.0,                 0.0,                0.0
CWA2549,           0,          1,            4,              0.0,               0.0,             0.0,               0.0,                 0.0,                1.0
BDK0854,           0,          1,            2,              0.0,               0.0,             0.0,               0.0,                 0.0,                0.0
BBC3733,           0,          1,            4,              0.0,               0.0,             0.0,               0.0,                 0.0,              119.0
KHP1043,           0,          1,            3,              0.0,               0.0,             0.0,               0.0,                 0.0,               35.0
ANC1950,           0,          1,           16,              0.0,               0.0,             0.0,            1014.0,              1664.0,              312.0
ISS0949,           0,          1,            4,              0.0,               0.0,             0.0,               0.0,                 0.0,               61.0
AEH0187,           0,          1,           22,              0.0,               0.0,             0.0,               0.0,                 0.0,              175.0
MDD1920,           0,          1,            3,              0.0,               0.0,             0.0,               0.0,                 0.0,               38.0
DAM0096,           0,         60,           13,              0.0,               0.0,             0.0,            3001.0,              5133.0,              850.0
RAI1483,           0,          1,            3,              0.0,               0.0,             0.0,               0.0,                 0.0,               21.0
UKC1192,           0,          1,            7,              0.0,               0.0,             0.0,               0.0,                 0.0,               73.0
SIS3576,           0,         15,            7,              0.0,               0.0,             0.0,            3139.0,              5404.0,              864.0
QJF3038,           0,        949,           24,              0.0,               0.0,             0.0,               0.0,                 0.0,               25.0
DTW1276,           0,          1,            4,              0.0,               0.0,             0.0,               0.0,                 0.0,               62.0
KAH2398,           0,          1,            4,              0.0,               0.0,             0.0,               0.0,                 0.0,                0.0
LPC2011,           0,          1,            2,              0.0,               0.0,             0.0,             200.0,               369.0,               71.0
EWA1486,           0,          1,            3,              0.0,               0.0,             0.0,               0.0,                 0.0,                0.0
HSH0292,           0,          1,            3,              0.0,               0.0,             0.0,               0.0,                 0.0,                0.0
PCM0609,           0,         16,           23,              0.0,               0.0,             0.0,               0.0,                 0.0,               14.0
CKB0169,           0,          1,            4,              0.0,               0.0,             0.0,               0.0,                 0.0,               64.0
SJW3131,           0,         22,           11,              0.0,               0.0,             0.0,               0.0,                 0.0,              379.0
EKC3706,           0,         99,           10,              0.0,               0.0,             0.0,               0.0,                 0.0,               20.0
VCV1353,           0,          1,            4,              0.0,               0.0,             0.0,               0.0,                 0.0,               86.0
HJW2646,           0,          1,           10,              0.0,               0.0,             0.0,             125.0,               369.0,              567.0
BQV1308,           0,          1,           10,              0.0,               0.0,             0.0,              76.0,               155.0,              125.0
LFR0075,           0,          1,           10,              0.0,               0.0,             0.0,             945.0,              1712.0,              547.0
CAO3117,           0,          1,            4,              0.0,               0.0,             0.0,               0.0,                 0.0,                0.0
IMP0960,           0,          1,            3,              0.0,               0.0,             0.0,               0.0,                 0.0,               24.0
DEN0236,           0,          1,            2,              0.0,               0.0,             0.0,               0.0,                 0.0,               62.0
HHK0652,           0,          1,            4,              0.0,               0.0,             0.0,               0.0,                 0.0,                0.0
DNH0308,           0,          1,            2,              0.0,               0.0,             0.0,               0.0,                 0.0,                6.0
FHA3387,           0,         27,           12,              0.0,               0.0,             0.0,             218.0,               440.0,               79.0
MTC0855,           0,         19,            9,              0.0,               0.0,             0.0,               0.0,                 0.0,               25.0
FMN0013,           0,          1,            4,              0.0,               0.0,             0.0,               0.0,                 0.0,               75.0
DRB0202,           0,          1,            7,              0.0,               0.0,             0.0,               0.0,                 0.0,               89.0
DMW2128,           0,         19,           11,              0.0,               0.0,             0.0,             529.0,               944.0,              181.0
OKF2007,           0,          1,            4,              0.0,               0.0,             0.0,               0.0,                 0.0,                0.0
TAW2664,           0,         38,           18,              0.0,               0.0,             0.0,               0.0,                 0.0,              441.0
CAM1323,           0,          1,           22,              0.0,               0.0,             0.0,              70.0,               142.0,               35.0
JCR1536,           0,          1,            3,              0.0,               0.0,             0.0,               0.0,                 0.0,                0.0
HDL2297,           0,          1,            4,              0.0,               0.0,             0.0,               0.0,                 0.0,               51.0
SCG2695,           0,          1,            3,              0.0,               0.0,             0.0,               0.0,                 0.0,               31.0
SKB3336,           0,          1,           16,              0.0,               0.0,             0.0,             114.0,               175.0,               26.0
CTP2225,           0,        132,           10,              0.0,               0.0,             0.0,               0.0,                 0.0,              117.0
MBC0803,           0,          1,           10,              0.0,               0.0,             0.0,             942.0,              1614.0,              278.0
CHB1062,           0,        955,           24,              0.0,               0.0,             0.0,             839.0,              1452.0,              521.0
NBT3447,           0,         69,           10,              0.0,               0.0,             0.0,              57.0,               104.0,              325.0
TGW2782,           0,          1,            4,              0.0,               0.0,             0.0,               0.0,                 0.0,                0.0
TEC3006,           0,          1,            4,              0.0,               0.0,             0.0,               0.0,                 0.0,               37.0
TWH1178,           0,          1,            3,              0.0,               0.0,             0.0,               0.0,                 0.0,                0.0
SGV2780,           0,          1,            4,              0.0,               0.0,             0.0,               0.0,                 0.0,                8.0
TAN2642,           0,          1,            4,              0.0,               0.0,             0.0,               0.0,                 0.0,               29.0
CGB3928,           0,          1,            4,              0.0,               0.0,             0.0,               0.0,                 0.0,                5.0
MBH3427,           0,         94,           10,              0.0,               0.0,             0.0,               0.0,                 0.0,             1047.0
WNR0661,           0,          1,            4,              0.0,               0.0,             0.0,               0.0,                 0.0,                0.0
LMA3676,           0,          1,            4,              0.0,               0.0,             0.0,               0.0,                 0.0,                0.0
ESS3318,           0,        105,           12,              0.0,               0.0,             0.0,             778.0,              1376.0,              224.0
LFC2015,           0,          1,            2,              0.0,               0.0,             0.0,               0.0,                 0.0,                0.0
JVS2308,           0,         32,            9,              0.0,               0.0,             0.0,             686.0,              1229.0,              193.0
DRM2927,           0,          1,            4,              0.0,               0.0,             0.0,               0.0,                 0.0,                0.0
GKG3414,           0,        118,           10,              0.0,               0.0,             0.0,              71.0,               137.0,              141.0
JCF0800,           0,          1,            2,              0.0,               0.0,             0.0,               0.0,                 0.0,                5.0
NMM1844,           0,          1,            4,              0.0,               0.0,             0.0,               0.0,                 0.0,                9.0
AFB0904,           0,         95,           10,              0.0,               0.0,             0.0,             989.0,              1658.0,              273.0
FGN0375,           0,          1,            4,              0.0,               0.0,             0.0,               0.0,                 0.0,                0.0
ESH2077,           0,         31,           11,              0.0,               0.0,             0.0,             120.0,               228.0,               78.0
THM1021,           0,          1,            3,              0.0,               0.0,             0.0,               0.0,                 0.0,               19.0
TGC1489,           0,          1,            4,              0.0,               0.0,             0.0,               0.0,                 0.0,               16.0
XKR2059,           0,          1,            2,              0.0,               0.0,             0.0,               0.0,                 0.0,               44.0
BAO2928,           0,         17,           11,              0.0,               0.0,             0.0,             314.0,               473.0,              250.0
MJH3822,           0,          1,            2,              0.0,               0.0,             0.0,               0.0,                 0.0,               18.0
JAW0551,           0,          1,            7,              0.0,               0.0,             0.0,               0.0,                 0.0,              438.0
JLM3847,           0,          9,           13,              0.0,               0.0,             0.0,               0.0,                 0.0,              361.0
SCH1013,           0,          1,            2,              0.0,               0.0,             0.0,               0.0,                 0.0,              160.0
JBD3707,           0,          1,            3,              0.0,               0.0,             0.0,               0.0,                 0.0,               12.0
SDW0370,           0,        100,           11,              0.0,               0.0,             0.0,               0.0,                 0.0,              167.0
PCA3344,           0,         24,           11,              0.0,               0.0,             0.0,               0.0,                 0.0,               25.0
HTC1750,           0,          1,            4,              0.0,               0.0,             0.0,               0.0,                 0.0,              267.0
CLG3616,           0,          1,            4,              0.0,               0.0,             0.0,               0.0,                 0.0,                4.0
RCH3740,           0,          1,            4,              0.0,               0.0,             0.0,               0.0,                 0.0,              120.0
WNR0091,           0,          1,            7,              0.0,               0.0,             0.0,               0.0,                 0.0,               49.0
JMG3365,           0,         91,           12,              0.0,               0.0,             0.0,               0.0,                 0.0,              847.0
FQG2974,           0,          1,            2,              0.0,               0.0,             0.0,               0.0,                 0.0,                7.0
IMM3253,           0,          1,            2,              0.0,               0.0,             0.0,               0.0,                 0.0,                0.0
TAH0933,           0,          1,            3,              0.0,               0.0,             0.0,               0.0,                 0.0,                0.0
ITK2781,           0,          1,            4,              0.0,               0.0,             0.0,               0.0,                 0.0,               13.0
IOR0152,           0,          1,            4,              0.0,               0.0,             0.0,               0.0,                 0.0,                7.0
VTK2978,           0,          1,           23,              0.0,               0.0,             0.0,             511.0,               953.0,              160.0
KAC2449,           0,          1,            4,              0.0,               0.0,             0.0,               0.0,                 0.0,                8.0
JUH3378,           0,          1,            4,              0.0,               0.0,             0.0,               0.0,                 0.0,              120.0
KKD1980,           0,         69,            9,              0.0,               0.0,             0.0,               0.0,                 0.0,                8.0
DRJ0794,           0,          1,            2,              0.0,               0.0,             0.0,               0.0,                 0.0,              118.0
JXP3801,           0,          1,            2,              0.0,               0.0,             0.0,               0.0,                 0.0,                6.0
KVD2453,           0,          1,            2,              0.0,               0.0,             0.0,               0.0,                 0.0,               48.0
KSV2881,           0,          1,            4,              0.0,               0.0,             0.0,               0.0,                 0.0,                0.0
VQS3246,           0,          1,            7,              0.0,               0.0,             0.0,             885.0,              1488.0,              241.0
XCG2316,           0,          1,            2,              0.0,               0.0,             0.0,               0.0,                 0.0,                0.0
JAS0353,           0,          1,            3,              0.0,               0.0,             0.0,               0.0,                 0.0,                0.0
USD0600,           0,          1,            4,              0.0,               0.0,             0.0,               0.0,                 0.0,               23.0
FCS2824,           0,         95,           12,              0.0,               0.0,             0.0,               0.0,                 0.0,               20.0
QCD0386,           0,          1,            2,              0.0,               0.0,             0.0,             125.0,               230.0,               41.0
FMS3285,           0,          1,            8,              0.0,               0.0,             0.0,               0.0,                 0.0,               28.0
NRN1312,           0,        120,           11,              0.0,               0.0,             0.0,               0.0,                 0.0,              198.0
UIM2818,           0,          1,            3,              0.0,               0.0,             0.0,               0.0,                 0.0,                0.0
BBH1056,           0,        944,           23,              0.0,               0.0,             0.0,               0.0,                 0.0,                0.0
KTC0474,           0,        108,           10,              0.0,               0.0,             0.0,             520.0,               948.0,              156.0
ERO2454,           0,          1,            2,              0.0,               0.0,             0.0,               0.0,                 0.0,               22.0
TKC0514,           0,          8,            9,              0.0,               0.0,             0.0,               0.0,                 0.0,               14.0
NAR1527,           0,          1,           17,              0.0,               0.0,             0.0,               0.0,                 0.0,               59.0
JHP1799,           0,          1,            8,              0.0,               0.0,             0.0,               0.0,                 0.0,               58.0
WLC0115,           0,          1,            2,              0.0,               0.0,             0.0,               0.0,                 0.0,               56.0
BNS3233,           0,         25,            6,              0.0,               0.0,             0.0,             149.0,               247.0,               47.0
SCM0778,           0,          1,            4,              0.0,               0.0,             0.0,               0.0,                 0.0,               57.0
NEC2446,           0,          1,            3,              0.0,               0.0,             0.0,               0.0,                 0.0,               70.0
ZLB1878,           0,          1,            2,              0.0,               0.0,             0.0,               0.0,                 0.0,                0.0
HMA1258,           0,          1,            2,              0.0,               0.0,             0.0,               0.0,                 0.0,               42.0
SUG0718,           0,          1,            4,              0.0,               0.0,             0.0,               0.0,                 0.0,                0.0
WDL0140,           0,          1,            4,              0.0,               0.0,             0.0,               0.0,                 0.0,                0.0
SBT2585,           0,          1,            3,              0.0,               0.0,             0.0,               0.0,                 0.0,              151.0
GKB1150,           0,          1,            4,              0.0,               0.0,             0.0,               0.0,                 0.0,               51.0
APM0190,           0,          1,            9,              0.0,               0.0,             0.0,               0.0,                 0.0,               85.0
JLR3930,           0,          1,            4,              0.0,               0.0,             0.0,               0.0,                 0.0,                0.0
FAJ3608,           0,         27,            9,              0.0,               0.0,             0.0,             701.0,               810.0,              332.0
GMB3703,           0,          1,           17,              0.0,               0.0,             0.0,               0.0,                 0.0,                3.0
MMR0700,           0,          1,            2,              0.0,               0.0,             0.0,               0.0,                 0.0,               11.0
IAR1895,           0,          1,            3,              0.0,               0.0,             0.0,               0.0,                 0.0,                0.0
ORJ1401,           0,          1,            2,              0.0,               0.0,             0.0,               0.0,                 0.0,               26.0
WAL0050,           0,        964,           24,              0.0,               0.0,             0.0,               0.0,                 0.0,               46.0
KMR0373,           0,         62,           10,              0.0,               0.0,             0.0,               0.0,                 0.0,                7.0
KDR3234,           0,          1,           13,              0.0,               0.0,             0.0,               0.0,                 0.0,              177.0
DSF2557,           0,          1,            2,              0.0,               0.0,             0.0,               0.0,                 0.0,               46.0
MKW0157,           0,          1,            4,              0.0,               0.0,             0.0,               0.0,                 0.0,                0.0
SAB3860,           0,         76,           12,              0.0,               0.0,             0.0,               0.0,                 0.0,               96.0
VLM3572,           0,          1,            7,              0.0,               0.0,             0.0,               0.0,                 0.0,              340.0
CJC2371,           0,          1,            4,              0.0,               0.0,             0.0,               0.0,                 0.0,               34.0
FKH0804,           0,          1,            4,              0.0,               0.0,             0.0,               0.0,                 0.0,               22.0
SEM1862,           0,          1,            7,              0.0,               0.0,             0.0,             204.0,               367.0,              121.0
MGG0080,           0,         27,           19,              0.0,               0.0,             0.0,               0.0,                 0.0,              160.0
AJS3899,           0,          1,            4,              0.0,               0.0,             0.0,               0.0,                 0.0,               34.0
RMN1355,           0,          1,            4,              0.0,               0.0,             0.0,               0.0,                 0.0,               67.0
JCW1332,           0,          1,            4,              0.0,               0.0,             0.0,               0.0,                 0.0,               20.0
TPS1568,           0,         89,           14,              0.0,               0.0,             0.0,               0.0,                 0.0,              170.0
ERG3905,           0,         24,           11,              0.0,               0.0,             0.0,               0.0,                 0.0,               50.0
KED1219,           0,          1,            2,              0.0,               0.0,             0.0,               0.0,                 0.0,               14.0
PPP1295,           0,         56,           23,              0.0,               0.0,             0.0,             607.0,               880.0,              681.0
ZKR1397,           0,          1,            2,              0.0,               0.0,             0.0,               0.0,                 0.0,                0.0
PMG0284,           0,          1,            3,              0.0,               0.0,             0.0,               0.0,                 0.0,               30.0
CET3786,           0,         17,           17,              0.0,               0.0,             0.0,               0.0,                 0.0,              185.0
HMC0592,           0,          1,            4,              0.0,               0.0,             0.0,               0.0,                 0.0,                0.0
GBC0907,           0,         79,           24,              0.0,               0.0,             0.0,               0.0,                 0.0,              237.0
VWV1249,           0,          1,            2,              0.0,               0.0,             0.0,               0.0,                 0.0,               51.0
FSP0703,           0,          1,            7,              0.0,               0.0,             0.0,               0.0,                 0.0,               50.0
LLB3769,           0,          1,            4,              0.0,               0.0,             0.0,               0.0,                 0.0,                0.0
DDG1703,           0,          1,            2,              0.0,               0.0,             0.0,               0.0,                 0.0,                0.0
KLH0276,           0,          1,            8,              0.0,               0.0,             0.0,               0.0,                 0.0,               55.0
WLR0707,           0,          1,            2,              0.0,               0.0,             0.0,               0.0,                 0.0,                2.0
AAS0144,           0,          1,            4,              0.0,               0.0,             0.0,               0.0,                 0.0,                0.0
AHD2457,           0,          1,            4,              0.0,               0.0,             0.0,               0.0,                 0.0,              110.0
NBF3844,           0,          1,            4,              0.0,               0.0,             0.0,               0.0,                 0.0,                0.0
SCC1896,           0,          1,            3,              0.0,               0.0,             0.0,               0.0,                 0.0,                0.0
DAD1785,           0,          4,           10,              0.0,               0.0,             0.0,               9.0,                13.0,                8.0
BJS0744,           0,          1,            2,              0.0,               0.0,             0.0,               0.0,                 0.0,               27.0
WBH1861,           0,        138,           10,              0.0,               0.0,             0.0,             109.0,               198.0,               69.0
KIG1594,           0,         38,           24,              0.0,               0.0,             0.0,               0.0,                 0.0,               37.0
RFJ2193,           0,          1,            2,              0.0,               0.0,             0.0,               0.0,                 0.0,               23.0
EMO0159,           0,          1,            4,              0.0,               0.0,             0.0,               0.0,                 0.0,               63.0
ASM3925,           0,          1,            2,              0.0,               0.0,             0.0,               0.0,                 0.0,               15.0
FKM1622,           0,          1,           10,              0.0,               0.0,             0.0,               0.0,                 0.0,               16.0
ALT1354,           0,          1,            4,              0.0,               0.0,             0.0,               0.0,                 0.0,               33.0
AVP3044,           0,        917,           24,              0.0,               0.0,             0.0,               0.0,                 0.0,                0.0
BDV2474,           0,          1,            7,              0.0,               0.0,             0.0,               0.0,                 0.0,               62.0
ARB3934,           0,          1,            4,              0.0,               0.0,             0.0,               0.0,                 0.0,                5.0
GCL1782,           0,          1,            9,              0.0,               0.0,             0.0,               0.0,                 0.0,               31.0
BNS3594,           0,          1,            4,              0.0,               0.0,             0.0,               0.0,                 0.0,                0.0
ZNB3313,           0,         41,           12,              0.0,               0.0,             0.0,             274.0,               455.0,               75.0
AHB0648,           0,         32,           11,              0.0,               0.0,             0.0,             153.0,               281.0,              106.0
AGF1810,           0,          1,            7,              0.0,               0.0,             0.0,               0.0,                 0.0,              389.0
KFB2257,           0,          1,            2,              0.0,               0.0,             0.0,               0.0,                 0.0,               19.0
EHB0942,           0,          1,           13,              0.0,               0.0,             0.0,               0.0,                 0.0,               81.0
LCS3042,           0,        944,           24,              0.0,               0.0,             0.0,               0.0,                 0.0,               41.0
ACR0748,           0,          1,            3,              0.0,               0.0,             0.0,               0.0,                 0.0,               42.0
CLE3098,           0,          1,            4,              0.0,               0.0,             0.0,               0.0,                 0.0,               38.0
KOM1306,           0,          1,            4,              0.0,               0.0,             0.0,               0.0,                 0.0,                0.0
AJG0240,           0,         23,           24,              0.0,               0.0,             0.0,              51.0,               109.0,               39.0
GSC0192,           0,          1,            2,              0.0,               0.0,             0.0,               0.0,                 0.0,                0.0
JTS2090,           0,          1,            2,              0.0,               0.0,             0.0,               0.0,                 0.0,               27.0
EKB3828,           0,          1,            3,              0.0,               0.0,             0.0,               0.0,                 0.0,                2.0
CIY1654,           0,         51,           13,              0.0,               0.0,             0.0,             189.0,               140.0,              313.0
AEB3574,           0,         84,           10,              0.0,               0.0,             0.0,              93.0,               170.0,               50.0
ODS0893,           0,          1,            2,              0.0,               0.0,             0.0,               0.0,                 0.0,               17.0
BHD0598,           0,          1,           10,              0.0,               0.0,             0.0,               0.0,                 0.0,               43.0
SIM3373,           0,          1,            4,              0.0,               0.0,             0.0,               0.0,                 0.0,                0.0
KWD3977,           0,          1,            5,              0.0,               0.0,             0.0,               0.0,                 0.0,                4.0
ROR3967,           0,          1,            4,              0.0,               0.0,             0.0,               0.0,                 0.0,               19.0
CTH3020,           0,          1,            3,              0.0,               0.0,             0.0,               0.0,                 0.0,                0.0
CID3640,           0,         30,           12,              0.0,               0.0,             0.0,             314.0,               466.0,              174.0
AYA3962,           0,          1,            4,              0.0,               0.0,             0.0,               0.0,                 0.0,                0.0
GNB3337,           0,          1,            8,              0.0,               0.0,             0.0,               0.0,                 0.0,                0.0
BHG3238,           0,          1,            2,              0.0,               0.0,             0.0,               0.0,                 0.0,                0.0
GPD3917,           0,         81,           10,              0.0,               0.0,             0.0,               0.0,                 0.0,               17.0
DMH0011,           0,          1,            3,              0.0,               0.0,             0.0,               0.0,                 0.0,             1378.0
GCM1580,           0,          1,            4,              0.0,               0.0,             0.0,               0.0,                 0.0,                0.0
LJE2413,           0,          1,            7,              0.0,               0.0,             0.0,               0.0,                 0.0,              839.0
BLS3327,           0,          1,            3,              0.0,               0.0,             0.0,               0.0,                 0.0,               10.0
AOC0982,           0,          1,            8,              0.0,               0.0,             0.0,            3104.0,              5025.0,              830.0
THW1425,           0,          1,            3,              0.0,               0.0,             0.0,               0.0,                 0.0,               70.0
WRF3534,           0,          5,            9,              0.0,               0.0,             0.0,             781.0,               842.0,              598.0
RAB0455,           0,          1,            2,              0.0,               0.0,             0.0,               0.0,                 0.0,                0.0
ADS2950,           0,         34,           24,              0.0,               0.0,             0.0,              88.0,               174.0,              733.0
UKS1465,           0,        103,           11,              0.0,               0.0,             0.0,             300.0,               868.0,              694.0
OCH2853,           0,          1,           10,              0.0,               0.0,             0.0,             216.0,               390.0,               78.0
DCG2203,           0,          1,            4,              0.0,               0.0,             0.0,               0.0,                 0.0,                0.0
ABJ0281,           0,          1,            4,              0.0,               0.0,             0.0,               0.0,                 0.0,               12.0
ATF3951,           0,          1,            4,              0.0,               0.0,             0.0,               0.0,                 0.0,                0.0
DBL2605,           0,          1,            4,              0.0,               0.0,             0.0,               0.0,                 0.0,                0.0
MAK1309,           0,          1,            4,              0.0,               0.0,             0.0,               0.0,                 0.0,                0.0
EIY2749,           0,          1,            4,              0.0,               0.0,             0.0,             940.0,              1594.0,              251.0
TBC2256,           0,        109,           11,              0.0,               0.0,             0.0,               0.0,                 0.0,               95.0
TMB1474,           0,          1,            9,              0.0,               0.0,             0.0,               0.0,                 0.0,               30.0
ROS2030,           0,          1,            4,              0.0,               0.0,             0.0,               0.0,                 0.0,                0.0
SWH1053,           0,        919,           24,              0.0,               0.0,             0.0,               0.0,                 0.0,              190.0
EMK3809,           0,         40,           24,              0.0,               0.0,             0.0,            1187.0,              2143.0,              363.0
ICP3710,           0,          1,            3,              0.0,               0.0,             0.0,               0.0,                 0.0,                0.0
MBS1375,           0,        109,           10,              0.0,               0.0,             0.0,               0.0,                 0.0,               62.0
KRN2211,           0,          1,            4,              0.0,               0.0,             0.0,               0.0,                 0.0,                0.0
JVZ3437,           0,          1,            2,              0.0,               0.0,             0.0,               0.0,                 0.0,              300.0
CJH0382,           0,          1,            4,              0.0,               0.0,             0.0,               0.0,                 0.0,               46.0
NHK2846,           0,         34,           10,              0.0,               0.0,             0.0,               0.0,                 0.0,              166.0
RLK3490,           0,         94,           12,              0.0,               0.0,             0.0,               0.0,                 0.0,              461.0
NSB1016,           0,          1,            3,              0.0,               0.0,             0.0,               0.0,                 0.0,              143.0
JRR3014,           0,          1,           10,              0.0,               0.0,             0.0,               0.0,                 0.0,              629.0
ABW0501,           0,          1,            2,              0.0,               0.0,             0.0,               0.0,                 0.0,               16.0
SCB1280,           0,          1,           10,              0.0,               0.0,             0.0,               0.0,                 0.0,              131.0
MDH2713,           0,          1,            2,              0.0,               0.0,             0.0,             454.0,               786.0,              152.0
TTD2873,           0,          1,            4,              0.0,               0.0,             0.0,               0.0,                 0.0,               10.0
WVC3623,           0,         69,           10,              0.0,               0.0,             0.0,               0.0,                 0.0,                1.0
SMG1268,           0,          1,            9,              0.0,               0.0,             0.0,               0.0,                 0.0,               52.0
VSJ2569,           0,          1,            2,              0.0,               0.0,             0.0,               0.0,                 0.0,               78.0
JNG1998,           0,          1,            4,              0.0,               0.0,             0.0,               0.0,                 0.0,               15.0
TZM0716,           0,          1,            4,              0.0,               0.0,             0.0,               0.0,                 0.0,               66.0
RKW1754,           0,          1,            4,              0.0,               0.0,             0.0,               0.0,                 0.0,               39.0
MGB0326,           0,          1,            2,              0.0,               0.0,             0.0,               0.0,                 0.0,               22.0
SSD3197,           0,          1,            2,              0.0,               0.0,             0.0,               0.0,                 0.0,               56.0
TVC2918,           0,         21,           23,              0.0,               0.0,             0.0,             233.0,               414.0,               86.0
RML2789,           0,          1,            4,              0.0,               0.0,             0.0,               0.0,                 0.0,                8.0
EHV1237,           0,          1,            4,              0.0,               0.0,             0.0,               0.0,                 0.0,                0.0
LHH2148,           0,          1,            2,              0.0,               0.0,             0.0,               0.0,                 0.0,                0.0
PJF2579,           0,          1,            3,              0.0,               0.0,             0.0,               0.0,                 0.0,               19.0
TDM2658,           0,          1,            4,              0.0,               0.0,             0.0,               0.0,                 0.0,               15.0
MCQ1546,           0,          1,            3,              0.0,               0.0,             0.0,               0.0,                 0.0,                0.0
NHY0685,           0,          1,            2,              0.0,               0.0,             0.0,               0.0,                 0.0,               18.0
KJB3654,           0,        113,           12,              0.0,               0.0,             0.0,             967.0,              1723.0,              292.0
AME1490,           0,         17,           24,              0.0,               0.0,             0.0,            2404.0,              4289.0,              690.0
BHB2598,           0,          1,            3,              0.0,               0.0,             0.0,               0.0,                 0.0,               24.0
AAB0398,           0,          1,            3,              0.0,               0.0,             0.0,               0.0,                 0.0,               36.0
XAL2816,           0,         22,           12,              0.0,               0.0,             0.0,               0.0,                 0.0,               22.0
KNK1428,           0,         29,           11,              0.0,               0.0,             0.0,               0.0,                 0.0,               16.0
IGP1784,           0,         33,           23,              0.0,               0.0,             0.0,               0.0,                 0.0,               27.0
FTF1665,           0,          1,            4,              0.0,               0.0,             0.0,               0.0,                 0.0,               54.0
WSB1368,           0,          1,            4,              0.0,               0.0,             0.0,               0.0,                 0.0,               96.0
REM0580,           0,         83,           23,              0.0,               0.0,             0.0,             183.0,               433.0,              595.0
FTS0246,           0,         17,           23,              0.0,               0.0,             0.0,             132.0,               199.0,               43.0
WHL3282,           0,          1,            3,              0.0,               0.0,             0.0,               0.0,                 0.0,                7.0
EAM1432,           0,          1,            7,              0.0,               0.0,             0.0,               0.0,                 0.0,               87.0
TAB3539,           0,         54,           10,              0.0,               0.0,             0.0,               0.0,                 0.0,               84.0
BAL3618,           0,          1,            8,              0.0,               0.0,             0.0,               0.0,                 0.0,                1.0
GMI1134,           0,         87,           23,              0.0,               0.0,             0.0,               0.0,                 0.0,              165.0
DFM2933,           0,         21,           11,              0.0,               0.0,             0.0,             248.0,               432.0,               90.0
SZG0325,           0,          1,            4,              0.0,               0.0,             0.0,               0.0,                 0.0,               64.0
RFS1633,           0,          1,           10,              0.0,               0.0,             0.0,               0.0,                 0.0,               30.0
CWH3487,           0,          1,            4,              0.0,               0.0,             0.0,               0.0,                 0.0,                0.0
GRM1511,           0,          1,            3,              0.0,               0.0,             0.0,               0.0,                 0.0,                2.0
LRG3408,           0,          1,            4,              0.0,               0.0,             0.0,               0.0,                 0.0,                0.0
OQL3890,           0,          1,            8,              0.0,               0.0,             0.0,             634.0,              1113.0,              211.0
NHM1805,           0,         80,            9,              0.0,               0.0,             0.0,               0.0,                 0.0,               63.0
SGC1001,           0,          1,            4,              0.0,               0.0,             0.0,               0.0,                 0.0,               25.0
DDG1822,           0,          1,            2,              0.0,               0.0,             0.0,               0.0,                 0.0,                0.0
NSW0122,           0,          1,            3,              0.0,               0.0,             0.0,               0.0,                 0.0,              105.0
BKS2069,           0,          1,            2,              0.0,               0.0,             0.0,               0.0,                 0.0,               14.0
DLM2826,           0,          1,           10,              0.0,               0.0,             0.0,               0.0,                 0.0,               10.0
HAR1101,           0,          1,            2,              0.0,               0.0,             0.0,               0.0,                 0.0,               66.0
MCS1078,           0,          1,            4,              0.0,               0.0,             0.0,               0.0,                 0.0,                0.0
EUV1842,           0,          1,           10,              0.0,               0.0,             0.0,               0.0,                 0.0,               93.0
WKS3265,           0,         87,            9,              0.0,               0.0,             0.0,               0.0,                 0.0,               12.0
WKT0099,           0,          1,            9,              0.0,               0.0,             0.0,               0.0,                 0.0,               44.0
ASS0120,           0,         24,           13,              0.0,               0.0,             0.0,               0.0,                 0.0,               81.0
CHL2644,           0,          1,            4,              0.0,               0.0,             0.0,               0.0,                 0.0,                0.0
BLH3602,           0,          1,            3,              0.0,               0.0,             0.0,               0.0,                 0.0,                0.0
BYC3970,           0,          1,            4,              0.0,               0.0,             0.0,               0.0,                 0.0,                7.0
JHH3462,           0,         27,           10,              0.0,               0.0,             0.0,               0.0,                 0.0,               39.0
MJA2380,           0,          1,            8,              0.0,               0.0,             0.0,               0.0,                 0.0,             1197.0
BNR3128,           0,          1,            2,              0.0,               0.0,             0.0,               0.0,                 0.0,                8.0
DZG0889,           0,        106,           24,              0.0,               0.0,             0.0,               0.0,                 0.0,              129.0
PSD1409,           0,          7,           23,              0.0,               0.0,             0.0,               0.0,                 0.0,              224.0
MSH2210,           0,          1,            4,              0.0,               0.0,             0.0,               0.0,                 0.0,                3.0
RTS2009,           0,         41,           11,              0.0,               0.0,             0.0,            1109.0,              1987.0,              315.0
IDB1059,           0,        958,           24,              0.0,               0.0,             0.0,               0.0,                 0.0,                0.0
OJB1538,           0,          1,            3,              0.0,               0.0,             0.0,               0.0,                 0.0,                9.0
HBD1371,           0,          1,            9,              0.0,               0.0,             0.0,             646.0,              1165.0,              197.0
OJG3395,           0,          1,            4,              0.0,               0.0,             0.0,               0.0,                 0.0,                4.0
IWW0699,           0,          1,            7,              0.0,               0.0,             0.0,             187.0,               327.0,               80.0
HJR2127,           0,          1,            3,              0.0,               0.0,             0.0,               0.0,                 0.0,               41.0
BXG1340,           0,         77,           10,              0.0,               0.0,             0.0,               0.0,                 0.0,              503.0
KLG0439,           0,          1,            4,              0.0,               0.0,             0.0,               0.0,                 0.0,                0.0
EKN3760,           0,          1,           10,              0.0,               0.0,             0.0,               0.0,                 0.0,               57.0
RDB1645,           0,          1,            4,              0.0,               0.0,             0.0,               0.0,                 0.0,                0.0
ERA0725,           0,         18,           22,              0.0,               0.0,             0.0,               0.0,                 0.0,               14.0
CNS2548,           0,          1,            4,              0.0,               0.0,             0.0,               0.0,                 0.0,               12.0
CWT3747,           0,          1,            4,              0.0,               0.0,             0.0,               0.0,                 0.0,               29.0
TJL3603,           0,          1,            2,              0.0,               0.0,             0.0,               0.0,                 0.0,               23.0
JHF1356,           0,          1,           10,              0.0,               0.0,             0.0,               0.0,                 0.0,               65.0
SAS1098,           0,          1,            3,              0.0,               0.0,             0.0,               0.0,                 0.0,               63.0
TPM0234,           0,          1,            2,              0.0,               0.0,             0.0,               0.0,                 0.0,               14.0
RRD2697,           0,          1,            7,              0.0,               0.0,             0.0,             195.0,               346.0,               71.0
JCJ2572,           0,          1,            3,              0.0,               0.0,             0.0,               0.0,                 0.0,              432.0
JVC2443,           0,        401,           24,              0.0,               0.0,             0.0,               0.0,                 0.0,                0.0
JHE3080,           0,         92,           11,              0.0,               0.0,             0.0,             452.0,               832.0,              179.0
SJC3900,           0,        105,           11,              0.0,               0.0,             0.0,             224.0,               384.0,               94.0
SRP2080,           0,          1,            4,              0.0,               0.0,             0.0,               0.0,                 0.0,               20.0
RRS2359,           0,          1,            7,              0.0,               0.0,             0.0,             237.0,               477.0,               89.0
EPW3971,           0,          1,            8,              0.0,               0.0,             0.0,               0.0,                 0.0,               28.0
TCH2233,           0,          1,            4,              0.0,               0.0,             0.0,               0.0,                 0.0,                9.0
PKB2483,           0,          1,            7,              0.0,               0.0,             0.0,               0.0,                 0.0,              179.0
RSW3232,           0,          1,            2,              0.0,               0.0,             0.0,               0.0,                 0.0,                0.0
CPC0724,           0,        139,           12,              0.0,               0.0,             0.0,             404.0,               699.0,              130.0
BCB0521,           0,         63,            9,              0.0,               0.0,             0.0,               0.0,                 0.0,              514.0
ATM1615,           0,         42,           20,              0.0,               0.0,             0.0,             283.0,               484.0,              469.0
NJO1460,           0,          1,            4,              0.0,               0.0,             0.0,               0.0,                 0.0,               17.0
BYF3784,           0,         77,           11,              0.0,               0.0,             0.0,             181.0,               331.0,              109.0
IIW0036,           0,          1,            8,              0.0,               0.0,             0.0,               0.0,                 0.0,               95.0
WMM0873,           0,          9,           16,              0.0,               0.0,             0.0,               0.0,                 5.0,                2.0
DCW1901,           0,          1,            3,              0.0,               0.0,             0.0,               0.0,                 0.0,               17.0
BDB2163,           0,          1,           10,              0.0,               0.0,             0.0,               0.0,                 0.0,              184.0
BDP0031,           0,        101,           13,              0.0,               0.0,             0.0,             233.0,               412.0,              100.0
JDH1550,           0,          1,            8,              0.0,               0.0,             0.0,               0.0,                 0.0,               22.0
RCB0302,           0,          1,            4,              0.0,               0.0,             0.0,               0.0,                 0.0,                0.0
ABM3772,           0,          1,           20,              0.0,               0.0,             0.0,             337.0,               604.0,              173.0
ABM3687,           0,         74,           10,              0.0,               0.0,             0.0,            1605.0,              2867.0,              453.0
WMR2723,           0,         91,            9,              0.0,               0.0,             0.0,             476.0,               800.0,              148.0
BNW3985,           0,        107,           10,              0.0,               0.0,             0.0,               0.0,                 0.0,               26.0
MST2486,           0,        109,            9,              0.0,               0.0,             0.0,               0.0,                 0.0,              173.0
JCH1952,           0,          1,            2,              0.0,               0.0,             0.0,               0.0,                 0.0,               48.0
YIP1802,           0,          1,            2,              0.0,               0.0,             0.0,               0.0,                 0.0,                0.0
NSM1464,           0,         23,           11,              0.0,               0.0,             0.0,               0.0,                 0.0,               39.0
KMW0259,           0,          1,            2,              0.0,               0.0,             0.0,               0.0,                 0.0,              135.0
JTJ3700,           0,          1,           17,              0.0,               0.0,             0.0,             872.0,              1578.0,              255.0
PCB1603,           0,          1,            4,              0.0,               0.0,             0.0,               0.0,                 0.0,              164.0
TCB0550,           0,          1,            8,              0.0,               0.0,             0.0,             358.0,               663.0,              131.0
ASS2760,           0,          1,            2,              0.0,               0.0,             0.0,               0.0,                 0.0,               33.0
ZHB1392,           0,          1,            2,              0.0,               0.0,             0.0,               0.0,                 0.0,                0.0
IFC0958,           0,         22,           10,              0.0,               0.0,             0.0,             108.0,               104.0,               63.0
MLW2240,           0,          1,           10,              0.0,               0.0,             0.0,             681.0,              1203.0,              198.0
JCB3054,           0,        971,           24,              0.0,               0.0,             0.0,             808.0,              1394.0,              269.0
GWW3788,           0,          1,            2,              0.0,               0.0,             0.0,             859.0,              1478.0,              231.0
TRH1083,           0,         41,           11,              0.0,               0.0,             0.0,               0.0,                 0.0,              466.0
ACH0008,           0,          1,            4,              0.0,               0.0,             0.0,               0.0,                 0.0,                0.0
CCC0491,           0,          1,            8,              0.0,               0.0,             0.0,               0.0,                 0.0,               45.0
JOC3621,           0,         19,           10,              0.0,               0.0,             0.0,               0.0,                 0.0,                5.0
VCH3696,           0,         22,           24,              0.0,               0.0,             0.0,               0.0,                 0.0,               93.0
IMS0862,           0,         76,            9,              0.0,               0.0,             0.0,            3073.0,              5105.0,              775.0
QRJ0691,           0,          1,            2,              0.0,               0.0,             0.0,               0.0,                 0.0,                0.0
RLR0365,           0,          1,            4,              0.0,               0.0,             0.0,               0.0,                 0.0,               19.0
EMC3609,           0,          1,            3,              0.0,               0.0,             0.0,               0.0,                 0.0,                0.0
HJB0220,           0,          1,            4,              0.0,               0.0,             0.0,               0.0,                 0.0,              113.0
MEW1406,           0,         18,            9,              0.0,               0.0,             0.0,            3045.0,              5086.0,              787.0
YQB2309,           0,          1,            4,              0.0,               0.0,             0.0,               0.0,                 0.0,               45.0
KBH3913,           0,         15,           10,              0.0,               0.0,             0.0,               0.0,                 0.0,               61.0
DQS0752,           0,          1,            4,              0.0,               0.0,             0.0,               0.0,                 0.0,                0.0
CSP3434,           0,          1,            2,              0.0,               0.0,             0.0,               0.0,                 0.0,                0.0
LTR1729,           0,          1,            3,              0.0,               0.0,             0.0,               0.0,                 0.0,               35.0
ANO2653,           0,         93,           11,              0.0,               0.0,             0.0,               0.0,                 0.0,               93.0
DJB1236,           0,         17,           11,              0.0,               0.0,             0.0,             172.0,               374.0,               72.0
HSH3606,           0,        120,            9,              0.0,               0.0,             0.0,               0.0,                 0.0,               41.0
OGD0015,           0,         25,           10,              0.0,               0.0,             0.0,               0.0,                 0.0,               99.0
LAF1796,           0,          1,            4,              0.0,               0.0,             0.0,               0.0,                 0.0,                0.0
KGN0619,           0,          1,           10,              0.0,               0.0,             0.0,               0.0,                 0.0,              116.0
AXL0479,           0,          1,            3,              0.0,               0.0,             0.0,               0.0,                 0.0,               23.0
DCF2185,           0,          1,            4,              0.0,               0.0,             0.0,               0.0,                 0.0,                0.0
SJM3805,           0,          1,            3,              0.0,               0.0,             0.0,            2967.0,              4878.0,              713.0
CAG0888,           0,         68,           24,              0.0,               0.0,             0.0,               0.0,                 0.0,              103.0
RCF0054,           0,         45,           13,              0.0,               0.0,             0.0,              88.0,               145.0,              155.0
JBW2054,           0,          1,           10,              0.0,               0.0,             0.0,               0.0,                 0.0,              120.0
LSN1672,           0,         37,           13,              0.0,               0.0,             0.0,               0.0,                 0.0,             1158.0
IUT3421,           0,          1,            8,              0.0,               0.0,             0.0,               0.0,                 0.0,              102.0
JFR3527,           0,         25,           10,              0.0,               0.0,             0.0,               0.0,                 0.0,               61.0
WDD2677,           0,         48,           11,              0.0,               0.0,             0.0,            2978.0,              5024.0,              774.0
INJ3876,           0,          1,            3,              0.0,               0.0,             0.0,               0.0,                 0.0,                0.0
THM2665,           0,          1,            3,              0.0,               0.0,             0.0,               0.0,                 0.0,                0.0
TTR0045,           0,        929,           23,              0.0,               0.0,             0.0,               0.0,                 0.0,              435.0
MTM1434,           0,          1,            2,              0.0,               0.0,             0.0,               0.0,                 0.0,                0.0
MMR1695,           0,          1,            9,              0.0,               0.0,             0.0,               0.0,                 0.0,              261.0
EMO2120,           0,          1,            3,              0.0,               0.0,             0.0,               0.0,                 0.0,               26.0
XFL1583,           0,          1,            4,              0.0,               0.0,             0.0,               0.0,                 0.0,                0.0
ISR0021,           0,         36,           10,              0.0,               0.0,             0.0,               0.0,                 0.0,              411.0
UCG0322,           0,          1,            3,              0.0,               0.0,             0.0,               0.0,                 0.0,               65.0
LKC1944,           0,         27,           10,              0.0,               0.0,             0.0,               0.0,                 0.0,              149.0
KQD0274,           0,         87,           12,              0.0,               0.0,             0.0,               0.0,                 0.0,               40.0
JAY3851,           0,         35,           12,              0.0,               0.0,             0.0,               0.0,                 0.0,              124.0
FNM1482,           0,          1,            4,              0.0,               0.0,             0.0,               0.0,                 0.0,               54.0
HAG3196,           0,         73,           22,              0.0,               0.0,             0.0,            3468.0,              5860.0,              895.0
UOM3363,           0,         75,           12,              0.0,               0.0,             0.0,             341.0,               556.0,               98.0
JKW0200,           0,          1,            2,              0.0,               0.0,             0.0,               0.0,                 0.0,              181.0
MKC1094,           0,          1,            3,              0.0,               0.0,             0.0,               0.0,                 0.0,              121.0
AOP1542,           0,          1,            4,              0.0,               0.0,             0.0,               0.0,                 0.0,                0.0
AEF2019,           0,          1,            2,              0.0,               0.0,             0.0,               0.0,                 0.0,               16.0
CRM0139,           0,         97,           24,              0.0,               0.0,             0.0,            2712.0,              4616.0,              763.0
NLN0673,           0,          1,            4,              0.0,               0.0,             0.0,               0.0,                 0.0,                0.0
GMC0953,           0,          1,            4,              0.0,               0.0,             0.0,               0.0,                 0.0,               84.0
JOW0688,           0,          1,            3,              0.0,               0.0,             0.0,               0.0,                 0.0,              116.0
CBH0413,           0,          1,            4,              0.0,               0.0,             0.0,               0.0,                 0.0,              129.0
DJH1506,           0,         11,           24,              0.0,               0.0,             0.0,               0.0,                 0.0,               19.0
NCS1854,           0,         56,           24,              0.0,               0.0,             0.0,             335.0,               617.0,              117.0
COW3840,           0,          1,            3,              0.0,               0.0,             0.0,               0.0,                 0.0,                0.0
CBJ2083,           0,          1,            4,              0.0,               0.0,             0.0,               0.0,                 0.0,               65.0
IKC1205,           0,         27,           24,              0.0,               0.0,             0.0,               0.0,                 0.0,              907.0
BVD3974,           0,          1,            3,              0.0,               0.0,             0.0,               0.0,                 0.0,               16.0
SCD3192,           0,          1,            4,              0.0,               0.0,             0.0,               0.0,                 0.0,               21.0
QAH0048,           0,        973,           24,              0.0,               0.0,             0.0,             843.0,              1395.0,              431.0
WGF0506,           0,          1,            2,              0.0,               0.0,             0.0,               0.0,                 0.0,               42.0
SFE0723,           0,          1,            4,              0.0,               0.0,             0.0,               0.0,                 0.0,                0.0
NBC0607,           0,          1,            4,              0.0,               0.0,             0.0,               0.0,                 0.0,                0.0
CPT1533,           0,          1,            8,              0.0,               0.0,             0.0,               0.0,                 0.0,               32.0
SNW0798,           0,          1,            2,              0.0,               0.0,             0.0,               0.0,                 0.0,              230.0
ASM3771,           0,          1,            2,              0.0,               0.0,             0.0,               0.0,                 0.0,              113.0
ICF2294,           0,          1,            4,              0.0,               0.0,             0.0,               0.0,                 0.0,               19.0
CBG1074,           0,         11,           10,              0.0,               0.0,             0.0,             252.0,               669.0,              564.0
SBW3023,           0,          1,            4,              0.0,               0.0,             0.0,               0.0,                 0.0,                0.0
CJC1433,           0,         98,           11,              0.0,               0.0,             0.0,             337.0,               645.0,              157.0
JBL2993,           0,          1,            9,              0.0,               0.0,             0.0,               0.0,                 0.0,               25.0
AIH2535,           0,         21,           13,              0.0,               0.0,             0.0,               0.0,                 0.0,              153.0
GBH1126,           0,          1,            7,              0.0,               0.0,             0.0,               0.0,                 0.0,              169.0
LOF3279,           0,          1,            9,              0.0,               0.0,             0.0,               0.0,                 0.0,                4.0
CNH3475,           0,        108,           10,              0.0,               0.0,             0.0,             527.0,               938.0,              161.0
IDH2939,           0,          1,            4,              0.0,               0.0,             0.0,               0.0,                 0.0,               45.0
RJG2239,           0,         80,           10,              0.0,               0.0,             0.0,               0.0,                 0.0,               16.0
ATT1191,           0,          1,            2,              0.0,               0.0,             0.0,            3720.0,              6423.0,              988.0
GTH3729,           0,          1,            4,              0.0,               0.0,             0.0,               0.0,                 0.0,              158.0
BCG1029,           0,          1,            3,              0.0,               0.0,             0.0,               0.0,                 0.0,               86.0
LCC1108,           0,          1,            2,              0.0,               0.0,             0.0,               0.0,                 0.0,                0.0
IRP2018,           0,          1,           21,              0.0,               0.0,             0.0,              64.0,               136.0,               37.0
JMC2806,           0,          1,            3,              0.0,               0.0,             0.0,               0.0,                 0.0,                0.0
CKH0799,           0,          1,            2,              0.0,               0.0,             0.0,               0.0,                 0.0,                0.0
SPP2313,           0,          1,            3,              0.0,               0.0,             0.0,               0.0,                 0.0,              149.0
LVH1790,           0,         16,           11,              0.0,               0.0,             0.0,             102.0,               171.0,               77.0
BTB0489,           0,          1,            3,              0.0,               0.0,             0.0,               0.0,                 0.0,               81.0
YRW0842,           0,          1,           15,              0.0,               0.0,             0.0,               0.0,                 0.0,                2.0
LRB0372,           0,          1,            4,              0.0,               0.0,             0.0,               0.0,                 0.0,              104.0
HMV2340,           0,          1,            2,              0.0,               0.0,             0.0,               0.0,                 0.0,               88.0
DFP3615,           0,         59,           10,              0.0,               0.0,             0.0,               0.0,                 0.0,               37.0
HMS3795,           0,          1,            2,              0.0,               0.0,             0.0,               0.0,                 0.0,                0.0
SKM3058,           0,          1,            3,              0.0,               0.0,             0.0,               0.0,                 0.0,               57.0
IMN1730,           0,          1,            9,              0.0,               0.0,             0.0,               0.0,                 0.0,              218.0
TKO0417,           0,          1,            3,              0.0,               0.0,             0.0,               0.0,                 0.0,               15.0
NGB0066,           0,         96,           10,              0.0,               0.0,             0.0,             220.0,               607.0,              759.0
MNT0922,           0,         73,           24,              0.0,               0.0,             0.0,             403.0,               696.0,              177.0
FMR0920,           0,         69,           11,              0.0,               0.0,             0.0,             572.0,               958.0,              167.0
DGN3358,           0,         19,           24,              0.0,               0.0,             0.0,               0.0,                 0.0,               56.0
JCC0571,           0,          1,            4,              0.0,               0.0,             0.0,               0.0,                 0.0,               35.0
IKH3472,           0,          1,            4,              0.0,               0.0,             0.0,               0.0,                 0.0,               90.0
CCG3254,           0,          1,            3,              0.0,               0.0,             0.0,               0.0,                 0.0,                0.0
SDC3561,           0,         20,           10,              0.0,               0.0,             0.0,             174.0,               264.0,              310.0
JAB2131,           0,          1,            3,              0.0,               0.0,             0.0,               0.0,                 0.0,               77.0
STR1769,           0,        950,           24,              0.0,               0.0,             0.0,               0.0,                 0.0,               43.0
YFP2558,           0,          1,            3,              0.0,               0.0,             0.0,               0.0,                 0.0,               55.0
SAL2493,           0,          1,            2,              0.0,               0.0,             0.0,               0.0,                 0.0,                0.0
LBC0194,           0,          1,            4,              0.0,               0.0,             0.0,               0.0,                 0.0,                0.0
NKG2706,           0,          1,            2,              0.0,               0.0,             0.0,               0.0,                 0.0,                0.0
SDN2932,           0,         98,           11,              0.0,               0.0,             0.0,               0.0,                 0.0,               19.0
HKD1826,           0,          1,            4,              0.0,               0.0,             0.0,               0.0,                 0.0,                0.0
KLL3118,           0,          1,            3,              0.0,               0.0,             0.0,               0.0,                 0.0,               37.0
GJM0838,           0,          1,            4,              0.0,               0.0,             0.0,               0.0,                 0.0,               26.0
MNV0618,           0,          1,            9,              0.0,               0.0,             0.0,               0.0,                 0.0,               32.0
YCA2885,           0,          1,            4,              0.0,               0.0,             0.0,               0.0,                 0.0,                0.0
KSW0206,           0,          1,            4,              0.0,               0.0,             0.0,               0.0,                 0.0,               23.0
ORB0755,           0,          2,            8,              0.0,               0.0,             0.0,               0.0,                 0.0,                3.0
CST2863,           0,          1,            4,              0.0,               0.0,             0.0,               0.0,                 0.0,               21.0
WXH2289,           0,          1,            4,              0.0,               0.0,             0.0,               0.0,                 0.0,               30.0
BVK1096,           0,          1,            2,              0.0,               0.0,             0.0,               0.0,                 0.0,                0.0
CTC0859,           0,         16,            9,              0.0,               0.0,             0.0,             147.0,               289.0,              104.0
ENM2269,           0,         84,           11,              0.0,               0.0,             0.0,             566.0,               775.0,              623.0
IQO1690,           0,          1,            2,              0.0,               0.0,             0.0,               0.0,                 0.0,               14.0
NGC1617,           0,          1,            4,              0.0,               0.0,             0.0,               0.0,                 0.0,                8.0
RGB0901,           0,          1,            2,              0.0,               0.0,             0.0,               0.0,                 0.0,                0.0
BLL3910,           0,          1,            2,              0.0,               0.0,             0.0,               0.0,                 0.0,              154.0
CGM2036,           0,          1,            8,              0.0,               0.0,             0.0,             161.0,               320.0,              100.0
CTH0626,           0,         89,           13,              0.0,               0.0,             0.0,               0.0,                 0.0,              467.0
MDH0211,           0,          1,            4,              0.0,               0.0,             0.0,               0.0,                 0.0,              135.0
JEW2035,           0,          1,            2,              0.0,               0.0,             0.0,               0.0,                 0.0,               19.0
DAB2580,           0,         22,            5,              0.0,               0.0,             0.0,               0.0,                 0.0,               20.0
MIC2325,           0,          1,            3,              0.0,               0.0,             0.0,            2688.0,              4257.0,              899.0
NBL0182,           0,          1,           10,              0.0,               0.0,             0.0,               0.0,                 0.0,               92.0
NKD3073,           0,         91,           11,              0.0,               0.0,             0.0,               0.0,                 0.0,              169.0
JGH0728,           0,          1,            3,              0.0,               0.0,             0.0,               0.0,                 0.0,                0.0
KNS3380,           0,          1,            4,              0.0,               0.0,             0.0,               0.0,                 0.0,                0.0
SJB0086,           0,          1,            2,              0.0,               0.0,             0.0,               0.0,                 0.0,               45.0
TGA2006,           0,          1,            4,              0.0,               0.0,             0.0,               0.0,                 0.0,                0.0
JCH2505,           0,         18,           24,              0.0,               0.0,             0.0,               0.0,                 0.0,              566.0
HLD1109,           0,          1,            4,              0.0,               0.0,             0.0,               0.0,                 0.0,               34.0
CWP1829,           0,          1,            4,              0.0,               0.0,             0.0,               0.0,                 0.0,               54.0
CTH0915,           0,          1,           22,              0.0,               0.0,             0.0,               0.0,                 0.0,              874.0
FJC2198,           0,          1,            2,              0.0,               0.0,             0.0,               0.0,                 0.0,                6.0
MML2045,           0,          1,            4,              0.0,               0.0,             0.0,               0.0,                 0.0,                0.0
WBM0690,           0,          1,            2,              0.0,               0.0,             0.0,               0.0,                 0.0,                0.0
KCM3235,           0,         91,           12,              0.0,               0.0,             0.0,             785.0,              1114.0,              622.0
RJW2318,           0,          1,            3,              0.0,               0.0,             0.0,               0.0,                 0.0,               83.0
AFF1492,           0,         27,            8,              0.0,               0.0,             0.0,               0.0,                 0.0,               14.0
ONR3291,           0,        112,           24,              0.0,               0.0,             0.0,               0.0,                 0.0,              142.0
ATC1587,           0,          1,            4,              0.0,               0.0,             0.0,               0.0,                 0.0,              274.0
RJG3325,           0,         44,           12,              0.0,               0.0,             0.0,               0.0,                 0.0,              114.0
GFJ2582,           0,        109,           23,              0.0,               0.0,             0.0,              49.0,                85.0,               81.0
CRP1915,           0,          1,            2,              0.0,               0.0,             0.0,               0.0,                 0.0,                0.0
TPS2595,           0,          1,            8,              0.0,               0.0,             0.0,               0.0,                 0.0,              119.0
BNH3516,           0,         37,           11,              0.0,               0.0,             0.0,             432.0,               279.0,              370.0
MWO0559,           0,          1,            7,              0.0,               0.0,             0.0,               0.0,                 0.0,              339.0
KOE1033,           0,          1,            3,              0.0,               0.0,             0.0,               0.0,                 0.0,                0.0
CDE1846,           0,         10,            7,              0.0,               0.0,             0.0,               0.0,                 0.0,              101.0
STR3896,           0,          1,            3,              0.0,               0.0,             0.0,               0.0,                 0.0,               67.0
TJE1945,           0,          1,            3,              0.0,               0.0,             0.0,               0.0,                 0.0,               32.0
DKW1659,           0,          1,            3,              0.0,               0.0,             0.0,               0.0,                 0.0,              282.0
RBH3142,           0,          1,            4,              0.0,               0.0,             0.0,               0.0,                 0.0,               58.0
LRV1120,           0,          1,            4,              0.0,               0.0,             0.0,               0.0,                 0.0,               15.0
ZAR0404,           0,          1,            2,              0.0,               0.0,             0.0,               0.0,                 0.0,               31.0
MBR3261,           0,          1,            2,              0.0,               0.0,             0.0,               0.0,                 0.0,               10.0
JBB1875,           0,          1,            2,              0.0,               0.0,             0.0,               0.0,                 0.0,               17.0
JJM2845,           0,          1,            4,              0.0,               0.0,             0.0,               0.0,                 0.0,                2.0
AYD2775,           0,          8,           11,              0.0,               0.0,             0.0,               0.0,                 0.0,              157.0
AIB0553,           0,          1,            7,              0.0,               0.0,             0.0,               0.0,                 0.0,               33.0
KJP1326,           0,          1,            4,              0.0,               0.0,             0.0,               0.0,                 0.0,               30.0
ZCM1781,           0,          1,            4,              0.0,               0.0,             0.0,               0.0,                 0.0,                0.0
IHH2590,           0,          1,            3,              0.0,               0.0,             0.0,               0.0,                 0.0,                0.0
FBD2277,           0,          1,            4,              0.0,               0.0,             0.0,               0.0,                 0.0,                0.0
CDB2947,           0,         26,            7,              0.0,               0.0,             0.0,               0.0,                 0.0,               56.0
NPS1563,           0,          1,            4,              0.0,               0.0,             0.0,               0.0,                 0.0,                9.0
JET2299,           0,          1,            9,              0.0,               0.0,             0.0,             686.0,              1150.0,              200.0
LGR3119,           0,         39,           11,              0.0,               0.0,             0.0,              97.0,               186.0,               39.0
SXO3514,           0,          1,           10,              0.0,               0.0,             0.0,               0.0,                 0.0,               14.0
JRB2741,           0,          1,           10,              0.0,               0.0,             0.0,               0.0,                 0.0,              135.0
BGM1226,           0,         31,            9,              0.0,               0.0,             0.0,               0.0,                 0.0,              188.0
OHF0078,           0,          1,            3,              0.0,               0.0,             0.0,               0.0,                 0.0,               21.0
JCH1410,           0,          1,            2,              0.0,               0.0,             0.0,               0.0,                 0.0,                0.0
NTF1342,           0,         22,           10,              0.0,               0.0,             0.0,            1161.0,              1933.0,              305.0
RCT1697,           0,         82,           12,              0.0,               0.0,             0.0,             198.0,               407.0,               86.0
CZT2970,           0,          1,            3,              0.0,               0.0,             0.0,               0.0,                 0.0,               33.0
DMB2533,           0,          1,            3,              0.0,               0.0,             0.0,               0.0,                 0.0,                0.0
DAB3255,           0,         79,            9,              0.0,               0.0,             0.0,               0.0,                 0.0,               16.0
SCJ0179,           0,         46,           24,              0.0,               0.0,             0.0,             332.0,               577.0,              144.0
LQW0555,           0,          1,            4,              0.0,               0.0,             0.0,               0.0,                 0.0,               25.0
KAH1820,           0,        102,           11,              0.0,               0.0,             0.0,               0.0,                 0.0,               47.0
NJC1951,           0,          1,            4,              0.0,               0.0,             0.0,               0.0,                 0.0,               45.0
LTF3385,           0,          1,           10,              0.0,               0.0,             0.0,               0.0,                 0.0,               18.0
HGR0198,           0,          1,            2,              0.0,               0.0,             0.0,               0.0,                 0.0,                0.0
CGM0035,           0,          1,            7,              0.0,               0.0,             0.0,               0.0,                 0.0,               75.0
WAM0069,           0,          1,            4,              0.0,               0.0,             0.0,               0.0,                 0.0,              103.0
APH2985,           0,          1,            3,              0.0,               0.0,             0.0,               0.0,                 0.0,               27.0
JSJ2743,           0,          1,            8,              0.0,               0.0,             0.0,               0.0,                 0.0,               78.0
APB1122,           0,          1,            9,              0.0,               0.0,             0.0,             187.0,               330.0,              602.0
CAS0391,           0,          1,            4,              0.0,               0.0,             0.0,               0.0,                 0.0,               26.0
MRB2390,           0,          1,            3,              0.0,               0.0,             0.0,               0.0,                 0.0,                0.0
TJD0106,           0,         46,           10,              0.0,               0.0,             0.0,             162.0,               283.0,               79.0
DNS1758,           0,       1226,           24,              0.0,               0.0,             0.0,               0.0,                 0.0,               63.0
CJM3315,           0,         18,           21,              0.0,               0.0,             0.0,             451.0,               807.0,              107.0
EHD0024,           0,          1,            4,              0.0,               0.0,             0.0,               0.0,                 0.0,                0.0
OKH3777,           0,          1,            9,              0.0,               0.0,             0.0,             287.0,               606.0,              968.0
ODB0151,           0,          1,            4,              0.0,               0.0,             0.0,               0.0,                 0.0,                0.0
MAM2363,           0,          1,            2,              0.0,               0.0,             0.0,             458.0,               948.0,              160.0
EGG3374,           0,          1,            4,              0.0,               0.0,             0.0,               0.0,                 0.0,               36.0
EBS2201,           0,        106,            9,              0.0,               0.0,             0.0,               0.0,                 0.0,              181.0
INH1250,           0,          1,            2,              0.0,               0.0,             0.0,               0.0,                 0.0,               72.0
CJW2087,           0,          1,            4,              0.0,               0.0,             0.0,               0.0,                 0.0,                0.0
LQW1314,           0,         25,           11,              0.0,               0.0,             0.0,             169.0,               302.0,               71.0
LRK2426,           0,        909,           23,              0.0,               0.0,             0.0,               0.0,                 0.0,                0.0
KDC1487,           0,          1,            3,              0.0,               0.0,             0.0,               0.0,                 0.0,                0.0
PMF0768,           0,        106,           10,              0.0,               0.0,             0.0,             791.0,              1333.0,              657.0
OWD0981,           0,          1,            4,              0.0,               0.0,             0.0,               0.0,                 0.0,               38.0
RRH0638,           0,          6,            8,              0.0,               0.0,             0.0,               9.0,                17.0,                3.0
MPG1307,           0,          1,            4,              0.0,               0.0,             0.0,               0.0,                 0.0,               28.0
DAT1981,           0,         37,            9,              0.0,               0.0,             0.0,               0.0,                 0.0,               55.0
KRB3120,           0,          1,            3,              0.0,               0.0,             0.0,               0.0,                 0.0,               89.0
AAG3799,           0,          1,            4,              0.0,               0.0,             0.0,               0.0,                 0.0,                0.0
QSM3147,           0,          1,            4,              0.0,               0.0,             0.0,               0.0,                 0.0,                0.0
KZG3565,           0,          1,            3,              0.0,               0.0,             0.0,               0.0,                 0.0,               12.0
IHS0816,           0,          1,            8,              0.0,               0.0,             0.0,               0.0,                 0.0,               86.0
KVA2944,           0,          1,            4,              0.0,               0.0,             0.0,               0.0,                 0.0,               73.0
JAF0209,           0,          1,           21,              0.0,               0.0,             0.0,               0.0,                 0.0,              211.0
NJL0974,           0,         14,           10,              0.0,               0.0,             0.0,               0.0,                 0.0,              172.0
ABB0300,           0,         35,           12,              0.0,               0.0,             0.0,               0.0,                 0.0,               14.0
TBW1393,           0,          1,            2,              0.0,               0.0,             0.0,               0.0,                 0.0,                0.0
CHV0509,           0,          1,            2,              0.0,               0.0,             0.0,               0.0,                 0.0,               75.0
NTE3084,           0,          1,            3,              0.0,               0.0,             0.0,               0.0,                 0.0,               62.0
JTJ0597,           0,         20,           24,              0.0,               0.0,             0.0,               0.0,                 0.0,              480.0
JLC0216,           0,          1,           21,              0.0,               0.0,             0.0,               0.0,                 0.0,               87.0
LGJ2710,           0,          1,            2,              0.0,               0.0,             0.0,               0.0,                 0.0,                0.0
MDP1412,           0,          1,            2,              0.0,               0.0,             0.0,               0.0,                 0.0,                0.0
ABR0397,           0,         94,           10,              0.0,               0.0,             0.0,              36.0,                65.0,               16.0
GJS3352,           0,         99,           12,              0.0,               0.0,             0.0,               0.0,                 0.0,               30.0
BUW2717,           0,          1,            2,              0.0,               0.0,             0.0,               0.0,                 0.0,               17.0
CJM3543,           0,        118,           10,              0.0,               0.0,             0.0,               0.0,                 0.0,              106.0
CIR1367,           0,        103,           24,              0.0,               0.0,             0.0,               0.0,                 0.0,               17.0
CBD3251,           0,          1,            3,              0.0,               0.0,             0.0,               0.0,                 0.0,                0.0
JCP0028,           0,          1,            3,              0.0,               0.0,             0.0,               0.0,                 0.0,                0.0
QCN2206,           0,         14,           23,              0.0,               0.0,             0.0,             109.0,               183.0,               38.0
JJS2079,           0,          1,           10,              0.0,               0.0,             0.0,               0.0,                 0.0,               36.0
DPC3722,           0,          1,            9,              0.0,               0.0,             0.0,               0.0,                 0.0,              134.0
BDH0472,           0,          1,            2,              0.0,               0.0,             0.0,               0.0,                 0.0,               17.0
TTK2633,           0,          1,            4,              0.0,               0.0,             0.0,               0.0,                 0.0,                0.0
MHR0581,           0,         71,           11,              0.0,               0.0,             0.0,               0.0,                 0.0,               64.0
MBL2383,           0,          1,            3,              0.0,               0.0,             0.0,               0.0,                 0.0,              118.0
IAG2742,           0,          1,            3,              0.0,               0.0,             0.0,               0.0,                 0.0,               77.0
EAH3550,           0,          1,            2,              0.0,               0.0,             0.0,               0.0,                 0.0,               62.0
SMG1794,           0,          1,            2,              0.0,               0.0,             0.0,               0.0,                 0.0,                0.0
EVF1722,           0,          1,            2,              0.0,               0.0,             0.0,               0.0,                 0.0,                0.0
SIR3201,           0,         73,            9,              0.0,               0.0,             0.0,               0.0,                 0.0,              602.0
CFP3418,           0,          1,            8,              0.0,               0.0,             0.0,               0.0,                 0.0,              202.0
ZMB3686,           0,          1,            3,              0.0,               0.0,             0.0,               0.0,                 0.0,                7.0
ATP2680,           0,          1,           20,              0.0,               0.0,             0.0,               0.0,                 0.0,               55.0
BRM0143,           0,          1,            4,              0.0,               0.0,             0.0,               0.0,                 0.0,               81.0
KAM0005,           0,          1,            2,              0.0,               0.0,             0.0,               0.0,                 0.0,              123.0
JHC3520,           0,          1,            4,              0.0,               0.0,             0.0,               0.0,                 0.0,               56.0
TLC1147,           0,          1,            4,              0.0,               0.0,             0.0,               0.0,                 0.0,              131.0
SCD2333,           0,          1,            3,              0.0,               0.0,             0.0,               0.0,                 0.0,                0.0
BBW0594,           0,         12,           23,              0.0,               0.0,             0.0,             919.0,              1487.0,              264.0
QLW2245,           0,          4,           15,              0.0,               0.0,             0.0,               0.0,                 0.0,              131.0
MBW1099,           0,          1,            2,              0.0,               0.0,             0.0,               0.0,                 0.0,               71.0
AMH1481,           0,          1,            3,              0.0,               0.0,             0.0,               0.0,                 0.0,               17.0
JRF3424,           0,          1,            3,              0.0,               0.0,             0.0,               0.0,                 0.0,                0.0
IIW1595,           0,          1,            8,              0.0,               0.0,             0.0,               0.0,                 0.0,               53.0
WWS0645,           0,          1,            4,              0.0,               0.0,             0.0,               0.0,                 0.0,                7.0
CDB3222,           0,          1,            2,              0.0,               0.0,             0.0,               0.0,                 0.0,              690.0
CCD3168,           0,          1,            2,              0.0,               0.0,             0.0,               0.0,                 0.0,               48.0
BTV0644,           0,          1,            4,              0.0,               0.0,             0.0,               0.0,                 0.0,               20.0
GLB0419,           0,          1,            3,              0.0,               0.0,             0.0,               0.0,                 0.0,               71.0
JLW2924,           0,          1,            4,              0.0,               0.0,             0.0,               0.0,                 0.0,                7.0
FAH1566,           0,          1,            4,              0.0,               0.0,             0.0,               0.0,                 0.0,                0.0
CNT1188,           0,          1,            2,              0.0,               0.0,             0.0,               0.0,                 0.0,                0.0
AMJ3174,           0,          1,            3,              0.0,               0.0,             0.0,               0.0,                 0.0,               30.0
PSH3834,           0,          1,            4,              0.0,               0.0,             0.0,               0.0,                 0.0,               62.0
CCM3075,           0,          1,            8,              0.0,               0.0,             0.0,               0.0,                 0.0,              110.0
IPB1935,           0,          1,            4,              0.0,               0.0,             0.0,               0.0,                 0.0,               36.0
RCG0105,           0,         30,           23,              0.0,               0.0,             0.0,             115.0,               101.0,              484.0
LAL1956,           0,          1,            2,              0.0,               0.0,             0.0,               0.0,                 0.0,               12.0
OHC1892,           0,         19,           11,              0.0,               0.0,             0.0,               0.0,                 0.0,              581.0
ZNE3451,           0,          1,            4,              0.0,               0.0,             0.0,               0.0,                 0.0,                1.0
HZA3839,           0,          1,            2,              0.0,               0.0,             0.0,               0.0,                 0.0,                0.0
AMM3906,           0,          1,            2,              0.0,               0.0,             0.0,               0.0,                 0.0,               34.0
JRM0871,           0,          1,            2,              0.0,               0.0,             0.0,               0.0,                 0.0,                0.0
JSC3976,           0,          1,            8,              0.0,               0.0,             0.0,               0.0,                 0.0,               12.0
OTD1228,           0,         76,           11,              0.0,               0.0,             0.0,               0.0,                 0.0,               38.0
DMC1766,           0,        909,           24,              0.0,               0.0,             0.0,               0.0,                 0.0,               56.0
BMM3328,           0,          1,            8,              0.0,               0.0,             0.0,             134.0,               211.0,               26.0
LSL0001,           0,         92,           12,              0.0,               0.0,             0.0,             612.0,              1142.0,              301.0
GEG2093,           0,         19,            9,              0.0,               0.0,             0.0,               0.0,                 0.0,               29.0
AYP3586,           0,          1,            8,              0.0,               0.0,             0.0,               0.0,                 0.0,               86.0
TAC3330,           0,          1,            3,              0.0,               0.0,             0.0,             767.0,              1475.0,              293.0
CDA2295,           0,          1,            4,              0.0,               0.0,             0.0,               0.0,                 0.0,               10.0
JRM1303,           0,          1,            4,              0.0,               0.0,             0.0,               0.0,                 0.0,               16.0
JLF3346,           0,          1,            3,              0.0,               0.0,             0.0,               0.0,                 0.0,               16.0
FRG1576,           0,         92,           14,              0.0,               0.0,             0.0,             120.0,               196.0,               36.0
IBC0377,           0,          1,           19,              0.0,               0.0,             0.0,               0.0,                 0.0,              864.0
KTW1719,           0,          1,            4,              0.0,               0.0,             0.0,               0.0,                 0.0,              222.0
ADC1469,           0,          1,            4,              0.0,               0.0,             0.0,               0.0,                 0.0,               14.0
HLS2098,           0,          1,            9,              0.0,               0.0,             0.0,               0.0,                 0.0,              120.0
OEN0432,           0,          1,            9,              0.0,               0.0,             0.0,               0.0,                 0.0,              254.0
REK1037,           0,        106,           11,              0.0,               0.0,             0.0,               0.0,                 0.0,              222.0
KMW1008,           0,         37,           22,              0.0,               0.0,             0.0,               0.0,                 0.0,               55.0
PNL0018,           0,          1,            7,              0.0,               0.0,             0.0,               0.0,                 0.0,              167.0
ZSL2618,           0,          1,            2,              0.0,               0.0,             0.0,               0.0,                 0.0,               10.0
BCB0909,           0,          1,           10,              0.0,               0.0,             0.0,               0.0,                 0.0,               64.0
GJS0494,           0,          1,            3,              0.0,               0.0,             0.0,               0.0,                 0.0,                0.0
KDN1740,           0,          1,            2,              0.0,               0.0,             0.0,               0.0,                 0.0,               46.0
NLC2601,           0,         74,           12,              0.0,               0.0,             0.0,               0.0,                 0.0,               57.0
HSK0639,           0,         23,            9,              0.0,               0.0,             0.0,               0.0,                 0.0,               32.0
TLU1836,           0,          1,            3,              0.0,               0.0,             0.0,               0.0,                 0.0,              380.0
SLS0834,           0,          1,            9,              0.0,               0.0,             0.0,               0.0,                 0.0,              120.0
XSF3982,           0,          5,            6,              0.0,               0.0,             0.0,            1837.0,              3532.0,              614.0
EPM3878,           0,          1,            4,              0.0,               0.0,             0.0,               0.0,                 0.0,               26.0
CNF0212,           0,          1,            4,              0.0,               0.0,             0.0,               0.0,                 0.0,               14.0
FAD3114,           0,          1,            3,              0.0,               0.0,             0.0,               0.0,                 0.0,               58.0
CDS3824,           0,          1,            3,              0.0,               0.0,             0.0,               0.0,                 0.0,                4.0
BMA1411,           0,          1,            2,              0.0,               0.0,             0.0,               0.0,                 0.0,               86.0
REJ2666,           0,         36,           11,              0.0,               0.0,             0.0,            3010.0,              5059.0,              781.0
CHS2323,           0,         20,           24,              0.0,               0.0,             0.0,               0.0,                 0.0,              139.0
DSB2463,           0,          1,            2,              0.0,               0.0,             0.0,               0.0,                 0.0,               56.0
CEM1852,           0,          1,            3,              0.0,               0.0,             0.0,               0.0,                 0.0,              130.0
JJJ1267,           0,          1,            4,              0.0,               0.0,             0.0,               0.0,                 0.0,               81.0
GUC0473,           0,          1,            3,              0.0,               0.0,             0.0,               0.0,                 0.0,                0.0
VTL0314,           0,        127,           13,              0.0,               0.0,             0.0,               0.0,                 0.0,               68.0
SJN1601,           0,         25,           10,              0.0,               0.0,             0.0,               0.0,                 0.0,              548.0
GGB3663,           0,          1,            4,              0.0,               0.0,             0.0,               0.0,                 0.0,               16.0
ZCE3578,           0,          1,           13,              0.0,               0.0,             0.0,               0.0,                 0.0,                0.0
RQN2039,           0,         33,            8,              0.0,               0.0,             0.0,             627.0,              1103.0,              188.0
PKH0730,           0,          1,            3,              0.0,               0.0,             0.0,               0.0,                 0.0,                5.0
KJR3538,           0,          1,            2,              0.0,               0.0,             0.0,               0.0,                 0.0,                0.0
BPD2437,           0,       1147,           24,              0.0,               0.0,             0.0,            1026.0,              1732.0,              417.0
SRN2617,           0,        102,           10,              0.0,               0.0,             0.0,               0.0,                 0.0,               65.0
CCE0745,           0,          1,            4,              0.0,               0.0,             0.0,               0.0,                 0.0,                0.0
IOF3298,           0,          1,            2,              0.0,               0.0,             0.0,               0.0,                 0.0,                1.0
ARH1610,           0,          1,            3,              0.0,               0.0,             0.0,               0.0,                 0.0,               78.0
USF1753,           0,          1,            4,              0.0,               0.0,             0.0,            2649.0,              4997.0,              743.0
ABM3203,           0,         27,            8,              0.0,               0.0,             0.0,               0.0,                 0.0,              405.0
NMW0896,           0,          1,            3,              0.0,               0.0,             0.0,               0.0,                 0.0,                8.0
HNG1909,           0,          1,            3,              0.0,               0.0,             0.0,               0.0,                 0.0,               57.0
CWR0043,           0,        883,           24,              0.0,               0.0,             0.0,               0.0,                 0.0,                0.0
CKR2586,           0,          1,           10,              0.0,               0.0,             0.0,               0.0,                 0.0,               42.0
CLS3806,           0,          1,            2,              0.0,               0.0,             0.0,               0.0,                 0.0,                0.0
WMA2016,           0,          1,            7,              0.0,               0.0,             0.0,               0.0,                 0.0,               39.0
CJH3630,           0,          1,            3,              0.0,               0.0,             0.0,               0.0,                 0.0,                0.0
WAA1816,           0,          1,            7,              0.0,               0.0,             0.0,               0.0,                 0.0,              137.0
AIT1264,           0,          1,            4,              0.0,               0.0,             0.0,               0.0,                 0.0,                0.0
JVB3184,           0,         66,           10,              0.0,               0.0,             0.0,               0.0,                 0.0,               57.0
JCS2391,           0,         79,           13,              0.0,               0.0,             0.0,             274.0,               500.0,              120.0
MTB2982,           0,          1,            2,              0.0,               0.0,             0.0,               0.0,                 0.0,               37.0
JJB0042,           0,        919,           24,              0.0,               0.0,             0.0,               0.0,                 0.0,               49.0
KBC0578,           0,          1,            3,              0.0,               0.0,             0.0,               0.0,                 0.0,               11.0
LEP2922,           0,          1,            4,              0.0,               0.0,             0.0,               0.0,                 0.0,                0.0
YHD0593,           0,          1,            4,              0.0,               0.0,             0.0,               0.0,                 0.0,               69.0
JLA0030,           0,          1,            4,              0.0,               0.0,             0.0,               0.0,                 0.0,               25.0
WBS1592,           0,          1,            4,              0.0,               0.0,             0.0,               0.0,                 0.0,               58.0
IYM3865,           0,          1,            9,              0.0,               0.0,             0.0,               0.0,                 0.0,               55.0
MJB2167,           0,          1,            4,              0.0,               0.0,             0.0,               0.0,                 0.0,               14.0
CER0228,           0,        113,           24,              0.0,               0.0,             0.0,             537.0,              1124.0,              807.0
ARW1507,           0,          1,            4,              0.0,               0.0,             0.0,               0.0,                 0.0,                2.0
MVS1908,           0,          1,            4,              0.0,               0.0,             0.0,            1393.0,              3065.0,             1065.0
KGD3278,           0,          1,            2,              0.0,               0.0,             0.0,               0.0,                 0.0,                0.0
DKR0027,           0,          1,            4,              0.0,               0.0,             0.0,               0.0,                 0.0,                0.0
ELR1140,           0,          1,           10,              0.0,               0.0,             0.0,               0.0,                 0.0,              458.0
DHG1830,           0,         76,           12,              0.0,               0.0,             0.0,             314.0,               364.0,              373.0
JRP0250,           0,          1,            3,              0.0,               0.0,             0.0,               0.0,                 0.0,               75.0
EGC0931,           0,         97,           10,              0.0,               0.0,             0.0,              82.0,               158.0,              358.0
OJB1095,           0,          1,            3,              0.0,               0.0,             0.0,               0.0,                 0.0,               27.0
DRB0756,           0,          1,            4,              0.0,               0.0,             0.0,               0.0,                 0.0,                0.0
YAS2508,           0,          1,            2,              0.0,               0.0,             0.0,               0.0,                 0.0,               26.0
SDF3082,           0,          1,            4,              0.0,               0.0,             0.0,               0.0,                 0.0,              526.0
VRJ0636,           0,        101,            9,              0.0,               0.0,             0.0,             640.0,              1072.0,              201.0
MQS3541,           0,          1,            2,              0.0,               0.0,             0.0,               0.0,                 0.0,                6.0
KAD0884,           0,          1,            2,              0.0,               0.0,             0.0,               0.0,                 0.0,               18.0
RBG3850,           0,          1,            4,              0.0,               0.0,             0.0,               0.0,                 0.0,                0.0
AKL1305,           0,        112,           24,              0.0,               0.0,             0.0,               0.0,                 0.0,               58.0
CXM1821,           0,          1,           15,              0.0,               0.0,             0.0,               0.0,                 0.0,              158.0
FKD2779,           0,          1,           10,              0.0,               0.0,             0.0,               0.0,                 0.0,               22.0
RBB0585,           0,          1,            2,              0.0,               0.0,             0.0,               0.0,                 0.0,               58.0
MVO2746,           0,        105,           13,              0.0,               0.0,             0.0,               0.0,                 0.0,               61.0
JZM1351,           0,          1,            4,              0.0,               0.0,             0.0,               0.0,                 0.0,                0.0
RXG1504,           0,          1,            4,              0.0,               0.0,             0.0,               0.0,                 0.0,                3.0
JTM0878,           0,          1,            2,              0.0,               0.0,             0.0,               0.0,                 0.0,                0.0
HDN1139,           0,        106,           24,              0.0,               0.0,             0.0,             660.0,               963.0,              536.0
ARB0208,           0,        105,            9,              0.0,               0.0,             0.0,               0.0,                 0.0,              186.0
CCF3529,           0,        105,           20,              0.0,               0.0,             0.0,            1128.0,               375.0,              544.0
BJC0366,           0,          1,            8,              0.0,               0.0,             0.0,               0.0,                 0.0,               72.0
RVB0303,           0,         68,           13,              0.0,               0.0,             0.0,             491.0,               983.0,              298.0
VBA1395,           0,          1,            2,              0.0,               0.0,             0.0,               0.0,                 0.0,               61.0
HBC0999,           0,         93,           24,              0.0,               0.0,             0.0,               0.0,                 0.0,               29.0
UME2842,           0,          1,            4,              0.0,               0.0,             0.0,               0.0,                 0.0,                2.0
GJM0065,           0,          9,           10,              0.0,               0.0,             0.0,             211.0,               397.0,              118.0
ARM0771,           0,          1,            4,              0.0,               0.0,             0.0,               0.0,                 0.0,                0.0
LEC3857,           0,        104,           12,              0.0,               0.0,             0.0,               0.0,                 0.0,               86.0
NEB0371,           0,          1,            4,              0.0,               0.0,             0.0,               0.0,                 0.0,                0.0
GDH0108,           0,          1,            3,              0.0,               0.0,             0.0,               0.0,                 0.0,              109.0
WBS3870,           0,        105,            9,              0.0,               0.0,             0.0,               0.0,                 0.0,              585.0
RSM1089,           0,          1,            3,              0.0,               0.0,             0.0,               0.0,                 0.0,              129.0
CCB3943,           0,          1,            4,              0.0,               0.0,             0.0,               0.0,                 0.0,               20.0
BYL2133,           0,          1,            2,              0.0,               0.0,             0.0,               0.0,                 0.0,                0.0
WTG2109,           0,         89,           13,              0.0,               0.0,             0.0,             662.0,              1090.0,              187.0
RSM3742,           0,          1,            4,              0.0,               0.0,             0.0,               0.0,                 0.0,                0.0
MSR3709,           0,          1,           10,              0.0,               0.0,             0.0,               0.0,                 0.0,               14.0
NBR3731,           0,         36,           22,              0.0,               0.0,             0.0,            2412.0,              4141.0,              724.0
APP1996,           0,          1,            3,              0.0,               0.0,             0.0,               0.0,                 0.0,                0.0
CFR1523,           0,          1,            4,              0.0,               0.0,             0.0,               0.0,                 0.0,                0.0
MOW1104,           0,          1,            8,              0.0,               0.0,             0.0,               0.0,                 0.0,               46.0
HFF2540,           0,          1,            4,              0.0,               0.0,             0.0,               0.0,                 0.0,                0.0
YCL0824,           0,        124,           12,              0.0,               0.0,             0.0,             127.0,               353.0,              688.0
PLT3283,           0,          1,            2,              0.0,               0.0,             0.0,               0.0,                 0.0,                0.0
RNC3417,           0,          1,            2,              0.0,               0.0,             0.0,               0.0,                 0.0,               30.0
MVA2547,           0,         18,           22,              0.0,               0.0,             0.0,               0.0,                 0.0,               97.0
GCS2218,           0,          1,           10,              0.0,               0.0,             0.0,               0.0,                 0.0,                9.0
ARG0441,           0,          1,            7,              0.0,               0.0,             0.0,               0.0,                 0.0,              831.0
JDH3762,           0,          1,            4,              0.0,               0.0,             0.0,               0.0,                 0.0,                0.0
LER3942,           0,          1,            4,              0.0,               0.0,             0.0,             916.0,              1626.0,              255.0
IDC2568,           0,          1,            3,              0.0,               0.0,             0.0,               0.0,                 0.0,                0.0
CGG3388,           0,          1,           16,              0.0,               0.0,             0.0,             121.0,               226.0,               33.0
FDD1052,           0,        951,           24,              0.0,               0.0,             0.0,               0.0,                 0.0,               20.0
TRS3323,           0,          1,            8,              0.0,               0.0,             0.0,               0.0,                 0.0,               15.0
BBT1948,           0,          1,           14,              0.0,               0.0,             0.0,               0.0,                 0.0,               90.0
JGW1274,           0,          1,            4,              0.0,               0.0,             0.0,               0.0,                 0.0,               36.0
CSM1565,           0,          1,            4,              0.0,               0.0,             0.0,               0.0,                 0.0,                0.0
BGB3045,           0,        931,           23,              0.0,               0.0,             0.0,               0.0,                 0.0,               57.0
EKV3321,           0,          1,            3,              0.0,               0.0,             0.0,               0.0,                 0.0,               37.0
WJH3158,           0,          1,            4,              0.0,               0.0,             0.0,               0.0,                 0.0,               23.0
RVH0535,           0,         80,            9,              0.0,               0.0,             0.0,             517.0,               899.0,              165.0
NGP0549,           0,          1,            4,              0.0,               0.0,             0.0,            1102.0,              1792.0,              316.0
NYC2048,           0,          1,            4,              0.0,               0.0,             0.0,               0.0,                 0.0,               25.0
CMM3674,           0,          1,            4,              0.0,               0.0,             0.0,               0.0,                 0.0,               15.0
ZOO1613,           0,          1,            3,              0.0,               0.0,             0.0,               0.0,                 0.0,                0.0
CAV1868,           0,          1,            7,              0.0,               0.0,             0.0,               0.0,                 0.0,               47.0
YHH2785,           0,          1,            4,              0.0,               0.0,             0.0,               0.0,                 0.0,               14.0
LED0656,           0,          1,            4,              0.0,               0.0,             0.0,               0.0,                 0.0,               21.0
AKH1534,           0,         59,           10,              0.0,               0.0,             0.0,             127.0,               288.0,               70.0
IHB0288,           0,          1,            9,              0.0,               0.0,             0.0,               0.0,                 0.0,               92.0
XML3920,           0,          1,            2,              0.0,               0.0,             0.0,               0.0,                 0.0,               26.0
HYP1591,           0,          1,            4,              0.0,               0.0,             0.0,               0.0,                 0.0,               57.0
JJL1448,           0,        108,           11,              0.0,               0.0,             0.0,               0.0,                 0.0,               67.0
NDC0948,           0,         97,           10,              0.0,               0.0,             0.0,             478.0,               589.0,             1053.0
UEP2013,           0,          1,            2,              0.0,               0.0,             0.0,               0.0,                 0.0,                0.0
DRF3306,           0,          1,            4,              0.0,               0.0,             0.0,               0.0,                 0.0,                1.0
MBH0527,           0,         18,           24,              0.0,               0.0,             0.0,            1099.0,              2011.0,              363.0
DSC2208,           0,          1,            4,              0.0,               0.0,             0.0,               0.0,                 0.0,                0.0
BAC2914,           0,          1,            4,              0.0,               0.0,             0.0,               0.0,                 0.0,                0.0
VMJ3068,           0,          1,            5,              0.0,               0.0,             0.0,               0.0,                 0.0,                0.0
QCB1360,           0,          1,            3,              0.0,               0.0,             0.0,               0.0,                 0.0,               40.0
TBK2860,           0,          1,            4,              0.0,               0.0,             0.0,               0.0,                 0.0,               13.0
MBF3126,           0,          1,            4,              0.0,               0.0,             0.0,               0.0,                 0.0,                0.0
KSP1288,           0,         31,           11,              0.0,               0.0,             0.0,               0.0,                 0.0,              178.0
CRE2652,           0,          1,            4,              0.0,               0.0,             0.0,               0.0,                 0.0,               44.0
MPH0153,           0,          1,           17,              0.0,               0.0,             0.0,               0.0,                 0.0,               80.0
SVM0770,           0,          1,            4,              0.0,               0.0,             0.0,               0.0,                 0.0,                0.0
PTG0587,           0,          1,            3,              0.0,               0.0,             0.0,               0.0,                 0.0,               11.0
IKP1047,           0,        632,           24,              0.0,               0.0,             0.0,             540.0,               944.0,              478.0
RIE2876,           0,          1,            8,              0.0,               0.0,             0.0,               0.0,                 0.0,               55.0
TDM3135,           0,         25,           11,              0.0,               0.0,             0.0,             965.0,               463.0,              447.0
DRW1207,           0,          1,           10,              0.0,               0.0,             0.0,               0.0,                 0.0,                1.0
HAC1300,           0,          1,            4,              0.0,               0.0,             0.0,               0.0,                 0.0,                0.0
DTG1294,           0,         26,           24,              0.0,               0.0,             0.0,             485.0,               842.0,              138.0
PCB0545,           0,          1,            4,              0.0,               0.0,             0.0,               0.0,                 0.0,              150.0
LMZ1501,           0,          1,            4,              0.0,               0.0,             0.0,               0.0,                 0.0,                0.0
CPP0623,           0,          1,            4,              0.0,               0.0,             0.0,               0.0,                 0.0,                0.0
HHG1038,           0,          1,            2,              0.0,               0.0,             0.0,               0.0,                 0.0,                0.0
ESB2629,           0,          1,           10,              0.0,               0.0,             0.0,               0.0,                 0.0,               73.0
AGM3504,           0,          1,            3,              0.0,               0.0,             0.0,               0.0,                 0.0,               31.0
CAS1017,           0,          1,            3,              0.0,               0.0,             0.0,               0.0,                 0.0,                0.0
PAF1373,           0,         77,           13,              0.0,               0.0,             0.0,               0.0,                 0.0,              746.0
SAV3457,           0,          1,            4,              0.0,               0.0,             0.0,               0.0,                 0.0,                4.0
MUO3601,           0,          1,            9,              0.0,               0.0,             0.0,               0.0,                 0.0,               93.0
NHP0412,           0,        109,           10,              0.0,               0.0,             0.0,               0.0,                 0.0,              370.0
WKG0150,           0,         64,            9,              0.0,               0.0,             0.0,              51.0,               125.0,              129.0
THC2752,           0,          1,            8,              0.0,               0.0,             0.0,               0.0,                 0.0,               51.0
LXE2139,           0,         60,           10,              0.0,               0.0,             0.0,             136.0,               249.0,               65.0
JLR0313,           0,          5,            5,              0.0,               0.0,             0.0,             153.0,               223.0,               82.0
SLB3039,           0,        936,           24,              0.0,               0.0,             0.0,               0.0,                 0.0,               75.0
NJG3144,           0,          1,            4,              0.0,               0.0,             0.0,               0.0,                 0.0,               16.0
ETG2821,           0,         16,           12,              0.0,               0.0,             0.0,            1032.0,              1789.0,              280.0
FPM2074,           0,          1,           10,              0.0,               0.0,             0.0,               0.0,                 0.0,               71.0
DBF3582,           0,         26,           14,              0.0,               0.0,             0.0,              78.0,               230.0,              706.0
LCH2740,           0,          1,            4,              0.0,               0.0,             0.0,               0.0,                 0.0,               30.0
KKL1310,           0,          1,            4,              0.0,               0.0,             0.0,               0.0,                 0.0,               82.0
MAW0532,           0,         42,            9,              0.0,               0.0,             0.0,               0.0,                 0.0,               33.0
PCS1747,           0,          1,            4,              0.0,               0.0,             0.0,               0.0,                 0.0,               88.0
HTR1551,           0,         17,           21,              0.0,               0.0,             0.0,               0.0,                 0.0,                4.0
DSR3787,           0,          1,           15,              0.0,               0.0,             0.0,               0.0,                 0.0,               73.0
HDT0242,           0,          1,            4,              0.0,               0.0,             0.0,               0.0,                 0.0,                0.0
ECS3353,           0,        109,           12,              0.0,               0.0,             0.0,             813.0,              1387.0,              273.0
LKH2512,           0,          1,            8,              0.0,               0.0,             0.0,               0.0,                 0.0,               54.0
VDB0247,           0,          1,            3,              0.0,               0.0,             0.0,               0.0,                 0.0,               65.0
LGL0649,           0,          1,            4,              0.0,               0.0,             0.0,               0.0,                 0.0,                0.0
CKH2230,           0,          1,            4,              0.0,               0.0,             0.0,               0.0,                 0.0,                3.0
HJR1160,           0,          1,            4,              0.0,               0.0,             0.0,               0.0,                 0.0,                4.0
FGG3666,           0,          1,            4,              0.0,               0.0,             0.0,               0.0,                 0.0,                3.0
AGG3958,           0,          1,            3,              0.0,               0.0,             0.0,               0.0,                 0.0,               14.0
HAH3895,           0,          1,            2,              0.0,               0.0,             0.0,               0.0,                 0.0,                0.0
KDC0444,           0,         26,           13,              0.0,               0.0,             0.0,            2963.0,              5293.0,             1281.0
JBM2769,           0,          1,            3,              0.0,               0.0,             0.0,               0.0,                 0.0,               81.0
NCO1443,           0,          1,            4,              0.0,               0.0,             0.0,               0.0,                 0.0,               28.0
NGW2341,           0,          1,            8,              0.0,               0.0,             0.0,               0.0,                 0.0,              130.0
DAF3096,           0,          1,            4,              0.0,               0.0,             0.0,               0.0,                 0.0,               10.0
MAC1404,           0,          1,            2,              0.0,               0.0,             0.0,               0.0,                 0.0,                0.0
PMM0696,           0,         59,            9,              0.0,               0.0,             0.0,               0.0,                 0.0,              340.0
BUS1727,           0,        108,           10,              0.0,               0.0,             0.0,             660.0,              1178.0,              190.0
RDM1174,           0,          1,            4,              0.0,               0.0,             0.0,               0.0,                 0.0,                0.0
OVM1496,           0,          1,            3,              0.0,               0.0,             0.0,               0.0,                 0.0,               10.0
JON0788,           0,         67,           12,              0.0,               0.0,             0.0,               0.0,                 0.0,               20.0
DBB3846,           0,          1,           10,              0.0,               0.0,             0.0,               0.0,                 0.0,              150.0
KKH2324,           0,         66,           11,              0.0,               0.0,             0.0,              61.0,                92.0,              289.0
NCS3715,           0,          1,            4,              0.0,               0.0,             0.0,               0.0,                 0.0,               60.0
VPS3185,           0,         19,           10,              0.0,               0.0,             0.0,             509.0,               840.0,              135.0
LMB1077,           0,         97,           11,              0.0,               0.0,             0.0,               0.0,                 0.0,              449.0
JKK1422,           0,         32,           11,              0.0,               0.0,             0.0,             200.0,               105.0,              528.0
LTW1378,           0,         62,           10,              0.0,               0.0,             0.0,              42.0,               112.0,               94.0
LRM1362,           0,         97,           13,              0.0,               0.0,             0.0,             458.0,               837.0,              155.0
DKB0260,           0,         96,           12,              0.0,               0.0,             0.0,               0.0,                 0.0,               18.0
KLP0249,           0,        112,           12,              0.0,               0.0,             0.0,             820.0,              1377.0,              241.0
RJO1791,           0,          1,            4,              0.0,               0.0,             0.0,               0.0,                 0.0,                0.0
DER2162,           0,        112,           10,              0.0,               0.0,             0.0,               0.0,                 0.0,              160.0
ZJS1776,           0,       1011,           24,              0.0,               0.0,             0.0,               0.0,                 0.0,               82.0
RLH1548,           0,          1,            3,              0.0,               0.0,             0.0,               0.0,                 0.0,               13.0
VKM1515,           0,         68,           11,              0.0,               0.0,             0.0,               0.0,                 0.0,               14.0
ARK3198,           0,         12,            9,              0.0,               0.0,             0.0,              50.0,               104.0,              102.0
ANH2482,           0,          1,            2,              0.0,               0.0,             0.0,               0.0,                 0.0,              111.0
EJL1075,           0,         20,            7,              0.0,               0.0,             0.0,            2757.0,              4914.0,              805.0
PJM3025,           0,          1,            4,              0.0,               0.0,             0.0,               0.0,                 0.0,               18.0
MTS0465,           0,       1122,           24,              0.0,               0.0,             0.0,               0.0,                 0.0,              485.0
CIG2684,           0,          1,            4,              0.0,               0.0,             0.0,               0.0,                 0.0,              128.0
NGA0929,           0,          1,            3,              0.0,               0.0,             0.0,               0.0,                 0.0,                0.0
ZHM1979,           0,          1,            2,              0.0,               0.0,             0.0,               0.0,                 0.0,              128.0
CQA3849,           0,          1,            4,              0.0,               0.0,             0.0,               0.0,                 0.0,               16.0
HDK0634,           0,        109,            9,              0.0,               0.0,             0.0,               0.0,                 0.0,              114.0
CCF2298,           0,          1,            4,              0.0,               0.0,             0.0,               0.0,                 0.0,               19.0
LGM1260,           0,          1,            2,              0.0,               0.0,             0.0,               0.0,                 0.0,               55.0
DHM1476,           0,          1,            4,              0.0,               0.0,             0.0,               0.0,                 0.0,               80.0
JBL3189,           0,          1,            2,              0.0,               0.0,             0.0,               0.0,                 0.0,                0.0
SJF3798,           0,          1,           15,              0.0,               0.0,             0.0,               0.0,                 0.0,              784.0
CDL2145,           0,          1,            2,              0.0,               0.0,             0.0,               0.0,                 0.0,               26.0
MEV2182,           0,          1,            2,              0.0,               0.0,             0.0,               0.0,                 0.0,                6.0
PMH3484,           0,        101,           12,              0.0,               0.0,             0.0,             246.0,               455.0,              137.0
WKH1787,           0,          1,            3,              0.0,               0.0,             0.0,               0.0,                 0.0,                0.0
HHM0869,           0,         71,           24,              0.0,               0.0,             0.0,               0.0,                 0.0,               20.0
AHK1988,           0,          1,            4,              0.0,               0.0,             0.0,               0.0,                 0.0,               16.0
KDM2836,           0,          1,            4,              0.0,               0.0,             0.0,               0.0,                 0.0,                0.0
RCF0044,           0,       1065,           24,              0.0,               0.0,             0.0,               0.0,                 0.0,              161.0
AEM0554,           0,         81,           24,              0.0,               0.0,             0.0,               0.0,                 0.0,              493.0
ALH1872,           0,          1,            2,              0.0,               0.0,             0.0,               0.0,                 0.0,               18.0
TZM0239,           0,          1,            4,              0.0,               0.0,             0.0,               0.0,                 0.0,              125.0
TBB1547,           0,          1,            4,              0.0,               0.0,             0.0,               0.0,                 0.0,                0.0
MWB0710,           0,          1,            2,              0.0,               0.0,             0.0,               0.0,                 0.0,              508.0
BGW1739,           0,         13,           10,              0.0,               0.0,             0.0,               0.0,                 0.0,              243.0
MRW2504,           0,          1,            2,              0.0,               0.0,             0.0,               0.0,                 0.0,               21.0
KDF0876,           0,          1,            2,              0.0,               0.0,             0.0,             896.0,              1792.0,              369.0
IDL2014,           0,          1,            2,              0.0,               0.0,             0.0,               0.0,                 0.0,                0.0
TRV2966,           0,          1,            9,              0.0,               0.0,             0.0,               0.0,                 0.0,               67.0
DAM2954,           0,          1,           10,              0.0,               0.0,             0.0,               0.0,                 0.0,               97.0
EMC2757,           0,          1,            3,              0.0,               0.0,             0.0,               0.0,                 0.0,               10.0
BPN3051,           0,        934,           24,              0.0,               0.0,             0.0,             776.0,              1268.0,              264.0
YDM1720,           0,         10,            9,              0.0,               0.0,             0.0,            2512.0,              5078.0,             1579.0
CCL1770,           0,       1014,           24,              0.0,               0.0,             0.0,               0.0,                 0.0,               30.0
CMB3499,           0,          1,            4,              0.0,               0.0,             0.0,               0.0,                 0.0,               96.0
UKC0543,           0,          1,           10,              0.0,               0.0,             0.0,            3535.0,              4948.0,              895.0
RGB1581,           0,         96,           14,              0.0,               0.0,             0.0,             169.0,               290.0,               76.0
LLJ3179,           0,          1,            2,              0.0,               0.0,             0.0,               0.0,                 0.0,                0.0
NMR2725,           0,          1,           10,              0.0,               0.0,             0.0,               0.0,                 0.0,               43.0
RKJ3379,           0,          1,            4,              0.0,               0.0,             0.0,               0.0,                 0.0,              130.0
LTO2217,           0,          1,            4,              0.0,               0.0,             0.0,               0.0,                 0.0,                0.0
ZRM0694,           0,        135,           24,              0.0,               0.0,             0.0,             167.0,               306.0,              117.0
EEC3193,           0,         24,            9,              0.0,               0.0,             0.0,             559.0,               961.0,              181.0
SKL0739,           0,          1,            2,              0.0,               0.0,             0.0,               0.0,                 0.0,               20.0
NIM0052,           0,          1,            2,              0.0,               0.0,             0.0,               0.0,                 0.0,              100.0
SRM1112,           0,          1,           10,              0.0,               0.0,             0.0,               0.0,                 0.0,               47.0
RUC1198,           0,          1,            2,              0.0,               0.0,             0.0,               0.0,                 0.0,                0.0
NIM1630,           0,          1,            4,              0.0,               0.0,             0.0,               0.0,                 0.0,                0.0
AMS0712,           0,        108,            9,              0.0,               0.0,             0.0,             410.0,               815.0,              142.0
SBD1557,           0,          1,            4,              0.0,               0.0,             0.0,               0.0,                 0.0,               17.0
JBC1916,           0,          1,            3,              0.0,               0.0,             0.0,               0.0,                 0.0,               18.0
DJB2983,           0,          1,            2,              0.0,               0.0,             0.0,               0.0,                 0.0,               14.0
JKS2444,           0,          1,            7,              0.0,               0.0,             0.0,             107.0,               189.0,               33.0
RPB0029,           0,          1,           17,              0.0,               0.0,             0.0,              85.0,               163.0,               55.0
FMC1002,           0,          1,            2,              0.0,               0.0,             0.0,               0.0,                 0.0,               88.0
KHW2052,           0,          1,            4,              0.0,               0.0,             0.0,               0.0,                 0.0,               42.0
IFS0793,           0,          1,            3,              0.0,               0.0,             0.0,               0.0,                 0.0,                0.0
RVR0095,           0,          1,            2,              0.0,               0.0,             0.0,               0.0,                 0.0,               65.0
FKR3316,           0,          1,            4,              0.0,               0.0,             0.0,               0.0,                 0.0,                7.0
KCM1893,           0,          1,            3,              0.0,               0.0,             0.0,               0.0,                 0.0,                0.0
HJG2157,           0,        105,           10,              0.0,               0.0,             0.0,               0.0,                 0.0,              132.0
KSD1646,           0,          1,            8,              0.0,               0.0,             0.0,               0.0,                 0.0,              229.0
IWW3319,           0,          1,            4,              0.0,               0.0,             0.0,               0.0,                 0.0,                0.0
BYS3626,           0,          1,            8,              0.0,               0.0,             0.0,            2089.0,              3863.0,              744.0
GFP2144,           0,          1,            2,              0.0,               0.0,             0.0,               0.0,                 0.0,                0.0
GCB0201,           0,          1,            2,              0.0,               0.0,             0.0,               0.0,                 0.0,               22.0
EAH3107,           0,          1,            4,              0.0,               0.0,             0.0,               0.0,                 0.0,              226.0
HKM3016,           0,          1,            7,              0.0,               0.0,             0.0,               0.0,                 0.0,              168.0
LRF1572,           0,          2,            5,              0.0,               0.0,             0.0,               0.0,                 0.0,                1.0
SAD3259,           0,         94,            9,              0.0,               0.0,             0.0,              94.0,               185.0,               49.0
VAS3984,           0,          1,            2,              0.0,               0.0,             0.0,               0.0,                 0.0,                4.0
XCB1390,           0,          1,            2,              0.0,               0.0,             0.0,               0.0,                 0.0,                0.0
CAR0992,           0,         59,           24,              0.0,               0.0,             0.0,             361.0,               898.0,              889.0
DGS1079,           0,          1,            8,              0.0,               0.0,             0.0,             847.0,               317.0,              199.0
HJB0286,           0,          1,            4,              0.0,               0.0,             0.0,               0.0,                 0.0,               92.0
DRN0782,           0,          1,           12,              0.0,               0.0,             0.0,               0.0,                 0.0,                0.0
BDR0510,           0,         94,           24,              0.0,               0.0,             0.0,            2578.0,              4354.0,              673.0
MAH0438,           0,          1,            9,              0.0,               0.0,             0.0,            1023.0,              1396.0,              989.0
MSM3264,           0,          1,            2,              0.0,               0.0,             0.0,               0.0,                 0.0,                0.0
MVB3343,           0,          1,            3,              0.0,               0.0,             0.0,               0.0,                 0.0,               12.0
DSM1286,           0,        114,           11,              0.0,               0.0,             0.0,            1023.0,              1727.0,              243.0
CAC1777,           0,        918,           24,              0.0,               0.0,             0.0,               0.0,                 0.0,                0.0
WSM2798,           0,          1,            4,              0.0,               0.0,             0.0,               0.0,                 0.0,               11.0
BWJ0136,           0,          1,            2,              0.0,               0.0,             0.0,               0.0,                 0.0,              102.0
LTW1441,           0,          1,            2,              0.0,               0.0,             0.0,             149.0,               256.0,              274.0
DAM3691,           0,          1,            3,              0.0,               0.0,             0.0,               0.0,                 0.0,                7.0
ALC1060,           0,        933,           23,              0.0,               0.0,             0.0,               0.0,                 0.0,               32.0
AJM0345,           0,          3,            9,              0.0,               0.0,             0.0,             178.0,               336.0,               55.0
SJS1014,           0,          1,            2,              0.0,               0.0,             0.0,               0.0,                 0.0,              279.0
KJS0119,           0,         99,           13,              0.0,               0.0,             0.0,              74.0,               136.0,               22.0
FDF2135,           0,         27,           18,              0.0,               0.0,             0.0,             625.0,              1163.0,              180.0
EZB3892,           0,          1,            8,              0.0,               0.0,             0.0,             538.0,               994.0,              198.0
KCM2495,           0,          1,            2,              0.0,               0.0,             0.0,               0.0,                 0.0,                0.0
DJF2576,           0,          1,            3,              0.0,               0.0,             0.0,               0.0,                 0.0,               29.0
RMP3510,           0,          1,            4,              0.0,               0.0,             0.0,               0.0,                 0.0,                0.0
CED2356,           0,          1,            2,              0.0,               0.0,             0.0,               0.0,                 0.0,                0.0
MCM2189,           0,          1,            7,              0.0,               0.0,             0.0,               0.0,                 0.0,               34.0
DER0400,           0,          1,            2,              0.0,               0.0,             0.0,               0.0,                 0.0,              141.0
AJB1380,           0,         95,           10,              0.0,               0.0,             0.0,               0.0,                 0.0,               35.0
NJM3961,           0,          1,            4,              0.0,               0.0,             0.0,               0.0,                 0.0,                8.0
LGS1976,           0,         49,           11,              0.0,               0.0,             0.0,               0.0,                 0.0,               12.0
CIG3191,           0,         35,            5,              0.0,               0.0,             0.0,             113.0,               190.0,               59.0
TAJ0193,           0,        101,           13,              0.0,               0.0,             0.0,            1232.0,              2077.0,              337.0
YDE3069,           0,          1,            3,              0.0,               0.0,             0.0,               0.0,                 0.0,               18.0
ALS2596,           0,          1,            3,              0.0,               0.0,             0.0,               0.0,                 0.0,                0.0
XBW2502,           0,        129,           24,              0.0,               0.0,             0.0,               0.0,                 0.0,              126.0
DMS3400,           0,          1,           10,              0.0,               0.0,             0.0,               0.0,                 0.0,               15.0
DRD0097,           0,          1,            2,              0.0,               0.0,             0.0,               0.0,                 0.0,               85.0
MPS2849,           0,          1,           17,              0.0,               0.0,             0.0,            2448.0,              4134.0,              646.0
IIW0399,           0,          1,            7,              0.0,               0.0,             0.0,             679.0,              1204.0,              281.0
KCW2117,           0,        103,           17,              0.0,               0.0,             0.0,             758.0,               692.0,              645.0
RCH3533,           0,          1,            8,              0.0,               0.0,             0.0,               0.0,                 0.0,               66.0
MPB2578,           0,          1,           16,              0.0,               0.0,             0.0,            2706.0,              4478.0,              724.0
ICH1478,           0,          1,            3,              0.0,               0.0,             0.0,               0.0,                 0.0,                0.0
JTN2073,           0,         52,           22,              0.0,               0.0,             0.0,               0.0,                 0.0,              192.0
ODC0002,           0,          1,            2,              0.0,               0.0,             0.0,               0.0,                 0.0,               91.0
DBW3679,           0,          1,            4,              0.0,               0.0,             0.0,               0.0,                 0.0,               21.0
KPN3783,           0,          1,            2,              0.0,               0.0,             0.0,               0.0,                 0.0,              106.0
KBB0890,           0,          1,            2,              0.0,               0.0,             0.0,               0.0,                 0.0,               27.0
IIF2584,           0,          1,            3,              0.0,               0.0,             0.0,               0.0,                 0.0,                0.0
DAR0709,           0,          1,            7,              0.0,               0.0,             0.0,               0.0,                 0.0,               29.0
MNR1903,           0,        100,           10,              0.0,               0.0,             0.0,             249.0,               431.0,              118.0
LKG0937,           0,          1,            2,              0.0,               0.0,             0.0,               0.0,                 0.0,               22.0
JTV1040,           0,          1,            2,              0.0,               0.0,             0.0,               0.0,                 0.0,               46.0
DNM0275,           0,         76,           12,              0.0,               0.0,             0.0,            3090.0,              5208.0,              867.0
DMH1232,           0,         22,           11,              0.0,               0.0,             0.0,              72.0,                73.0,              654.0
DKE0797,           0,          1,            3,              0.0,               0.0,             0.0,               0.0,                 0.0,               29.0
SSM3894,           0,          1,            8,              0.0,               0.0,             0.0,               0.0,                 0.0,               56.0
AEG1121,           0,          1,            4,              0.0,               0.0,             0.0,               0.0,                 0.0,               61.0
SAM3855,           0,         66,           12,              0.0,               0.0,             0.0,            2129.0,               872.0,              987.0
CDW0986,           0,          1,            4,              0.0,               0.0,             0.0,               0.0,                 0.0,               30.0
RJF3299,           0,        106,           12,              0.0,               0.0,             0.0,             666.0,              1170.0,              196.0
IAM3078,           0,          1,           20,              0.0,               0.0,             0.0,               0.0,                 0.0,               86.0
GEH3406,           0,         28,           12,              0.0,               0.0,             0.0,             840.0,              1764.0,              453.0
TKN0812,           0,          1,            4,              0.0,               0.0,             0.0,               0.0,                 0.0,               25.0
OMB3507,           0,          1,            4,              0.0,               0.0,             0.0,               0.0,                 0.0,              127.0
JNM0905,           0,          1,            3,              0.0,               0.0,             0.0,               0.0,                 0.0,                9.0
DMS1977,           0,          1,           10,              0.0,               0.0,             0.0,               0.0,                 0.0,               77.0
TJP2817,           0,         88,           12,              0.0,               0.0,             0.0,               0.0,                 0.0,               10.0
EJB1263,           0,          1,            2,              0.0,               0.0,             0.0,               0.0,                 0.0,               49.0
VJB1928,           0,          1,            4,              0.0,               0.0,             0.0,            2399.0,              4330.0,              677.0
TIE1175,           0,          1,           10,              0.0,               0.0,             0.0,             322.0,               596.0,              143.0
SYF3607,           0,          1,            3,              0.0,               0.0,             0.0,               0.0,                 0.0,                0.0
EJH2799,           0,         20,           12,              0.0,               0.0,             0.0,             353.0,               563.0,              104.0
HAR3632,           0,          1,            8,              0.0,               0.0,             0.0,               0.0,                 0.0,                2.0
EKB0825,           0,          1,            4,              0.0,               0.0,             0.0,               0.0,                 0.0,                0.0
JKG0944,           0,          1,            3,              0.0,               0.0,             0.0,               0.0,                 0.0,               24.0
SSO2406,           0,          1,            4,              0.0,               0.0,             0.0,               0.0,                 0.0,               88.0
SFC2336,           0,          1,           16,              0.0,               0.0,             0.0,               0.0,                 0.0,               28.0
DSB0307,           0,          1,            2,              0.0,               0.0,             0.0,               0.0,                 0.0,                0.0
GAH1760,           0,        881,           24,              0.0,               0.0,             0.0,               0.0,                 0.0,               80.0
XTB2372,           0,         35,           11,              0.0,               0.0,             0.0,             487.0,               781.0,              278.0
CHM1561,           0,          1,            4,              0.0,               0.0,             0.0,            3864.0,              6680.0,             1026.0
MKH1959,           0,          1,            2,              0.0,               0.0,             0.0,               0.0,                 0.0,                0.0
KZK2058,           0,          1,            2,              0.0,               0.0,             0.0,               0.0,                 0.0,               13.0
HAP3738,           0,          1,           19,              0.0,               0.0,             0.0,               0.0,                 0.0,               87.0
CHW2893,           0,          1,            4,              0.0,               0.0,             0.0,               0.0,                 0.0,                0.0
JNS3342,           0,         86,           12,              0.0,               0.0,             0.0,               0.0,                 0.0,               12.0
LNV0271,           0,          1,            4,              0.0,               0.0,             0.0,               0.0,                 0.0,                2.0
KCC3658,           0,          1,            4,              0.0,               0.0,             0.0,               0.0,                 0.0,                7.0
HAF0394,           0,         69,           23,              0.0,               0.0,             0.0,               0.0,                 0.0,              234.0
PKB2732,           0,          1,            4,              0.0,               0.0,             0.0,               0.0,                 0.0,               88.0
MRW3143,           0,          1,            4,              0.0,               0.0,             0.0,               0.0,                 0.0,                0.0
CJB3470,           0,          1,            2,              0.0,               0.0,             0.0,               0.0,                 0.0,                0.0
SMN1103,           0,         25,           10,              0.0,               0.0,             0.0,               0.0,                 0.0,               34.0
AJH2110,           0,         90,           13,              0.0,               0.0,             0.0,             317.0,               594.0,              117.0
PKR1145,           0,         24,           10,              0.0,               0.0,             0.0,               0.0,                 0.0,              130.0
ERD1235,           0,         54,           12,              0.0,               0.0,             0.0,               0.0,                 0.0,               19.0
HZD0429,           0,          1,            2,              0.0,               0.0,             0.0,               0.0,                 0.0,                0.0
JCL0446,           0,         12,           23,              0.0,               0.0,             0.0,            2957.0,              4943.0,              794.0
HNC0074,           0,         40,           10,              0.0,               0.0,             0.0,             741.0,               487.0,              556.0
KST0924,           0,          1,            4,              0.0,               0.0,             0.0,               0.0,                 0.0,               73.0
KAC1774,           0,        951,           24,              0.0,               0.0,             0.0,             893.0,              1479.0,              274.0
WCP2123,           0,          1,            4,              0.0,               0.0,             0.0,               0.0,                 0.0,              143.0
DRH3557,           0,         68,           24,              0.0,               0.0,             0.0,               0.0,                 0.0,              415.0
BGS0751,           0,          1,            4,              0.0,               0.0,             0.0,               0.0,                 0.0,              104.0
KEM1208,           0,          1,            4,              0.0,               0.0,             0.0,             826.0,              2018.0,              404.0
CAG1644,           0,          1,            4,              0.0,               0.0,             0.0,               0.0,                 0.0,                0.0
LNA2543,           0,          1,            4,              0.0,               0.0,             0.0,               0.0,                 0.0,               20.0
KOR1163,           0,        108,           13,              0.0,               0.0,             0.0,             170.0,               259.0,               90.0
RJA0402,           0,         51,           24,              0.0,               0.0,             0.0,               0.0,                 0.0,               70.0
ACJ0014,           0,          1,            4,              0.0,               0.0,             0.0,               0.0,                 0.0,               89.0
NCV0758,           0,          1,            4,              0.0,               0.0,             0.0,               0.0,                 0.0,               11.0
MCR3885,           0,          1,            3,              0.0,               0.0,             0.0,               0.0,                 0.0,               36.0
RTD0762,           0,          1,            4,              0.0,               0.0,             0.0,               0.0,                 0.0,                0.0
BCH1656,           0,          1,            3,              0.0,               0.0,             0.0,               0.0,                 0.0,               44.0
ALD3508,           0,          1,            4,              0.0,               0.0,             0.0,               0.0,                 0.0,                0.0
BHG0258,           0,          1,            2,              0.0,               0.0,             0.0,               0.0,                 0.0,                0.0
BCH1138,           0,          1,            3,              0.0,               0.0,             0.0,               0.0,                 0.0,                0.0
MTP2675,           0,         44,           11,              0.0,               0.0,             0.0,             312.0,               601.0,              164.0
CTJ2794,           0,         95,           12,              0.0,               0.0,             0.0,               0.0,                 0.0,               10.0
RCF2057,           0,          1,            4,              0.0,               0.0,             0.0,               0.0,                 0.0,               22.0
IPS0385,           0,          1,           10,              0.0,               0.0,             0.0,               0.0,                 0.0,               92.0
JRR0769,           0,         69,           10,              0.0,               0.0,             0.0,            2951.0,              4933.0,              738.0
CJS1932,           0,          1,            3,              0.0,               0.0,             0.0,               0.0,                 0.0,                0.0
FYP1187,           0,          1,           23,              0.0,               0.0,             0.0,             173.0,               340.0,               71.0
ETB0950,           0,          7,            9,              0.0,               0.0,             0.0,               0.0,                 0.0,              640.0
HJH2588,           0,          1,            4,              0.0,               0.0,             0.0,               0.0,                 0.0,               60.0
APC3043,           0,        886,           24,              0.0,               0.0,             0.0,               0.0,                 0.0,               48.0
ECA0976,           0,          1,            3,              0.0,               0.0,             0.0,               0.0,                 0.0,                0.0
DSD1293,           0,          1,            4,              0.0,               0.0,             0.0,               0.0,                 0.0,               67.0
WAH2778,           0,          1,           10,              0.0,               0.0,             0.0,             278.0,               502.0,               86.0
RGB1346,           0,          1,           10,              0.0,               0.0,             0.0,               0.0,                 0.0,               37.0
IRP3916,           0,          1,           12,              0.0,               0.0,             0.0,               0.0,                 0.0,               15.0
DIP3310,           0,          1,           10,              0.0,               0.0,             0.0,               0.0,                 0.0,               23.0
HID1899,           0,         84,           11,              0.0,               0.0,             0.0,               0.0,                 0.0,              745.0
SCM2538,           0,          1,            4,              0.0,               0.0,             0.0,               0.0,                 0.0,               30.0
DAB0166,           0,          1,            2,              0.0,               0.0,             0.0,               0.0,                 0.0,               43.0
FGH1958,           0,          1,            2,              0.0,               0.0,             0.0,               0.0,                 0.0,                0.0
DSM2400,           0,          1,            4,              0.0,               0.0,             0.0,               0.0,                 0.0,                0.0
NHW0864,           0,          1,            2,              0.0,               0.0,             0.0,               0.0,                 0.0,                4.0
KPS0895,           0,          1,            2,              0.0,               0.0,             0.0,               0.0,                 0.0,                3.0
CJF1934,           0,          5,           18,              0.0,               0.0,             0.0,               0.0,                 0.0,               16.0
WSH1130,           0,          1,            2,              0.0,               0.0,             0.0,               0.0,                 0.0,                0.0
MAG2667,           0,          1,            3,              0.0,               0.0,             0.0,             604.0,              1083.0,              160.0
CND3037,           0,        933,           24,              0.0,               0.0,             0.0,               0.0,                 0.0,               49.0
HBM2126,           0,          1,            3,              0.0,               0.0,             0.0,               0.0,                 0.0,                0.0
ATD0146,           0,         49,           11,              0.0,               0.0,             0.0,             242.0,               447.0,              139.0
VAB1526,           0,          1,           17,              0.0,               0.0,             0.0,            2016.0,              3304.0,              524.0
ZCS0012,           0,          1,            2,              0.0,               0.0,             0.0,               0.0,                 0.0,              116.0
JMB1651,           0,          1,            4,              0.0,               0.0,             0.0,               0.0,                 0.0,              102.0
ECB1341,           0,          1,            4,              0.0,               0.0,             0.0,               0.0,                 0.0,               20.0
XHR2377,           0,         39,           22,              0.0,               0.0,             0.0,             485.0,               363.0,              247.0
JQS2908,           0,          1,            4,              0.0,               0.0,             0.0,               0.0,                 0.0,               17.0
BBH3587,           0,        112,           14,              0.0,               0.0,             0.0,               0.0,                 0.0,              443.0
BXR3536,           0,          1,            2,              0.0,               0.0,             0.0,               0.0,                 0.0,                0.0
ABM3776,           0,          1,            2,              0.0,               0.0,             0.0,               0.0,                 0.0,               21.0
WDH0910,           0,          1,            4,              0.0,               0.0,             0.0,               0.0,                 0.0,              105.0
KMD3062,           0,          1,            3,              0.0,               0.0,             0.0,               0.0,                 0.0,                0.0
KCM1858,           0,          1,           16,              0.0,               0.0,             0.0,               0.0,                 0.0,              121.0
MMB2285,           0,          1,            4,              0.0,               0.0,             0.0,               0.0,                 0.0,               10.0
LGS3477,           0,          1,            3,              0.0,               0.0,             0.0,               0.0,                 0.0,                0.0
JGR3488,           0,          1,            4,              0.0,               0.0,             0.0,               0.0,                 0.0,              141.0
VAR3559,           0,          1,            3,              0.0,               0.0,             0.0,               0.0,                 0.0,               48.0
BCC2536,           0,         32,           13,              0.0,               0.0,             0.0,             677.0,               229.0,               79.0
KOE0908,           0,         89,           11,              0.0,               0.0,             0.0,               0.0,                 0.0,              317.0
BBT0062,           0,         14,           20,              0.0,               0.0,             0.0,            2745.0,              4838.0,              799.0
WEB3897,           0,          1,            2,              0.0,               0.0,             0.0,               0.0,                 0.0,                0.0
PGS3797,           0,          1,            2,              0.0,               0.0,             0.0,               0.0,                 0.0,                0.0
AAW0894,           0,         65,           23,              0.0,               0.0,             0.0,               0.0,                 0.0,               16.0
DIR3921,           0,          1,            2,              0.0,               0.0,             0.0,               0.0,                 0.0,               13.0
ECB1683,           0,         27,           21,              0.0,               0.0,             0.0,             129.0,               224.0,               50.0
CRC0595,           0,          1,            4,              0.0,               0.0,             0.0,               0.0,                 0.0,                0.0
DWB0238,           0,         27,            8,              0.0,               0.0,             0.0,               0.0,                 0.0,               33.0
IQR2187,           0,         24,            9,              0.0,               0.0,             0.0,               0.0,                 0.0,               15.0
NTC2663,           0,         35,            9,              0.0,               0.0,             0.0,             105.0,               189.0,               78.0
STK2397,           0,          1,            4,              0.0,               0.0,             0.0,               0.0,                 0.0,                0.0
GAA3681,           0,          1,            4,              0.0,               0.0,             0.0,               0.0,                 0.0,               14.0
FCB0563,           0,          1,            4,              0.0,               0.0,             0.0,               0.0,                 0.0,               75.0
MKM1993,           0,          1,            8,              0.0,               0.0,             0.0,               0.0,                 0.0,               58.0
JYB0262,           0,         33,           18,              0.0,               0.0,             0.0,             117.0,               194.0,              309.0
MDG0019,           0,          1,            4,              0.0,               0.0,             0.0,             610.0,               393.0,              256.0
NGS2820,           0,          1,            3,              0.0,               0.0,             0.0,               0.0,                 0.0,               16.0
SBT2281,           0,          1,            2,              0.0,               0.0,             0.0,               0.0,                 0.0,               46.0
JLR0632,           0,          1,            3,              0.0,               0.0,             0.0,               0.0,                 0.0,                0.0
KCW3064,           0,         23,            9,              0.0,               0.0,             0.0,             169.0,               415.0,              738.0
PLJ1771,           0,        432,           23,              0.0,               0.0,             0.0,               1.0,                 1.0,               22.0
GOB3528,           0,          1,            9,              0.0,               0.0,             0.0,               0.0,                 0.0,              473.0
JIB2606,           0,        106,           12,              0.0,               0.0,             0.0,               0.0,                 0.0,              100.0
BZB3532,           0,          1,            3,              0.0,               0.0,             0.0,               0.0,                 0.0,               14.0
DKR0860,           0,          9,           23,              0.0,               0.0,             0.0,               0.0,                 0.0,               37.0
JMC2911,           0,          1,            4,              0.0,               0.0,             0.0,               0.0,                 0.0,               18.0
GBB3816,           0,          1,            9,              0.0,               0.0,             0.0,               0.0,                 0.0,                4.0
LSC3979,           0,          1,            2,              0.0,               0.0,             0.0,               0.0,                 0.0,               20.0
BVC0009,           0,          1,           22,              0.0,               0.0,             0.0,               0.0,                 0.0,             1202.0
FRB3653,           0,         24,           12,              0.0,               0.0,             0.0,             733.0,              1267.0,              219.0
ILH0248,           0,          1,            2,              0.0,               0.0,             0.0,               0.0,                 0.0,                0.0
EKH2084,           0,         26,           11,              0.0,               0.0,             0.0,             203.0,               332.0,              637.0
KEM0113,           0,          1,            2,              0.0,               0.0,             0.0,               0.0,                 0.0,                0.0
PPG2889,           0,        128,           11,              0.0,               0.0,             0.0,             103.0,               195.0,              132.0
ACC2773,           0,          1,            3,              0.0,               0.0,             0.0,               0.0,                 0.0,              107.0
BEB1022,           0,          1,            4,              0.0,               0.0,             0.0,               0.0,                 0.0,                0.0
QNG2121,           0,          1,            3,              0.0,               0.0,             0.0,               0.0,                 0.0,               67.0
MDH1924,           0,          1,            3,              0.0,               0.0,             0.0,               0.0,                 0.0,              151.0
CNR1031,           0,          1,            3,              0.0,               0.0,             0.0,               0.0,                 0.0,               27.0
RSR2681,           0,          1,            4,              0.0,               0.0,             0.0,             293.0,               171.0,              346.0
EAL3873,           0,         71,           24,              0.0,               0.0,             0.0,               0.0,                 0.0,               51.0
GCH0735,           0,          1,            4,              0.0,               0.0,             0.0,               0.0,                 0.0,                0.0
KEM2934,           0,          1,            4,              0.0,               0.0,             0.0,               0.0,                 0.0,               31.0
XKL1317,           0,          1,            4,              0.0,               0.0,             0.0,               0.0,                 0.0,                0.0
GAP0715,           0,         92,           13,              0.0,               0.0,             0.0,               0.0,                 0.0,              661.0
KBP0384,           0,         90,           24,              0.0,               0.0,             0.0,             272.0,               526.0,              147.0
MLF2319,           0,          1,            3,              0.0,               0.0,             0.0,               0.0,                 0.0,              127.0
SPW0753,           0,          1,            4,              0.0,               0.0,             0.0,               0.0,                 0.0,               42.0
TVS0520,           0,         64,           12,              0.0,               0.0,             0.0,            3187.0,              5117.0,             1038.0
ACA3252,           0,          1,            3,              0.0,               0.0,             0.0,               0.0,                 0.0,                0.0
ENR1304,           0,          1,           10,              0.0,               0.0,             0.0,               0.0,                 0.0,              134.0
CKP0265,           0,          1,            2,              0.0,               0.0,             0.0,               0.0,                 0.0,               82.0
GLF0226,           0,          1,            3,              0.0,               0.0,             0.0,               0.0,                 0.0,              104.0
ABC3523,           0,          1,            2,              0.0,               0.0,             0.0,               0.0,                 0.0,                6.0
MWH1018,           0,          1,            3,              0.0,               0.0,             0.0,               0.0,                 0.0,                0.0
FDT0213,           0,          1,           10,              0.0,               0.0,             0.0,               0.0,                 0.0,              109.0
LPW0767,           0,          1,            4,              0.0,               0.0,             0.0,               0.0,                 0.0,               97.0
KEO0131,           0,         72,           23,              0.0,               0.0,             0.0,              40.0,                66.0,               94.0
CDS1579,           0,        106,           14,              0.0,               0.0,             0.0,               0.0,                 0.0,               20.0
BGK0603,           0,          1,            4,              0.0,               0.0,             0.0,               0.0,                 0.0,                0.0
TWM2199,           0,         19,            8,              0.0,               0.0,             0.0,            2606.0,              4777.0,              718.0
WAW0422,           0,          1,            3,              0.0,               0.0,             0.0,               0.0,                 0.0,               14.0
MNP0955,           0,          1,            3,              0.0,               0.0,             0.0,               0.0,                 0.0,                0.0
KRC2935,           0,         55,           11,              0.0,               0.0,             0.0,               0.0,                 0.0,               52.0
DMC1438,           0,          1,            2,              0.0,               0.0,             0.0,               0.0,                 0.0,               75.0
TNS1233,           0,          1,            2,              0.0,               0.0,             0.0,               0.0,                 0.0,               29.0
GRA0329,           0,          1,            2,              0.0,               0.0,             0.0,               0.0,                 0.0,               74.0
DAH3331,           0,          1,            4,              0.0,               0.0,             0.0,               0.0,                 0.0,                0.0
BRM0843,           0,          1,            4,              0.0,               0.0,             0.0,               0.0,                 0.0,                5.0
SYM2379,           0,          1,            2,              0.0,               0.0,             0.0,               0.0,                 0.0,              164.0
ASP2895,           0,          1,            5,              0.0,               0.0,             0.0,               0.0,                 0.0,                0.0
MDG2418,           0,         19,           24,              0.0,               0.0,             0.0,               0.0,                 0.0,               30.0
BJW3558,           0,          1,            2,              0.0,               0.0,             0.0,               0.0,                 0.0,                0.0
UMM3017,           0,          1,            4,              0.0,               0.0,             0.0,               0.0,                 0.0,               60.0
DOB2696,           0,          1,            2,              0.0,               0.0,             0.0,               0.0,                 0.0,               53.0
BCW3480,           0,          1,            2,              0.0,               0.0,             0.0,               0.0,                 0.0,                0.0
HAF1891,           0,          1,            8,              0.0,               0.0,             0.0,               0.0,                 0.0,                5.0
DLG2673,           0,          1,            3,              0.0,               0.0,             0.0,               0.0,                 0.0,               13.0
SSH1845,           0,          1,            4,              0.0,               0.0,             0.0,               0.0,                 0.0,              180.0
ZDH2905,           0,          1,            4,              0.0,               0.0,             0.0,               0.0,                 0.0,               24.0
BEH2967,           0,          1,            8,              0.0,               0.0,             0.0,               0.0,                 0.0,               45.0
RAF3369,           0,          1,            4,              0.0,               0.0,             0.0,               0.0,                 0.0,              136.0
JNC2650,           0,          1,            4,              0.0,               0.0,             0.0,               0.0,                 0.0,               35.0
FDS0810,           0,          1,            8,              0.0,               0.0,             0.0,               0.0,                 0.0,              122.0
KNR3837,           0,          1,            4,              0.0,               0.0,             0.0,               0.0,                 0.0,               21.0
AKB2312,           0,         19,            9,              0.0,               0.0,             0.0,            3821.0,              6457.0,             1028.0
LGS1812,           0,          1,            2,              0.0,               0.0,             0.0,               0.0,                 0.0,               44.0
WFH2830,           0,          1,           10,              0.0,               0.0,             0.0,               0.0,                 0.0,               25.0
PIP3915,           0,          1,            8,              0.0,               0.0,             0.0,               0.0,                 0.0,               19.0
JAA0897,           0,          1,            3,              0.0,               0.0,             0.0,               0.0,                 0.0,                0.0
AJM2385,           0,          1,            3,              0.0,               0.0,             0.0,               0.0,                 0.0,              112.0
YSH0145,           0,          1,            4,              0.0,               0.0,             0.0,               0.0,                 0.0,               36.0
DPM2971,           0,         10,           18,              0.0,               0.0,             0.0,               0.0,                 0.0,               25.0
KZM2602,           0,         91,           12,              0.0,               0.0,             0.0,               0.0,                 0.0,               22.0
SJW0184,           0,          1,            4,              0.0,               0.0,             0.0,               0.0,                 0.0,               16.0
FCM2190,           0,         17,            9,              0.0,               0.0,             0.0,             426.0,               764.0,              128.0
MKD1004,           0,          1,            4,              0.0,               0.0,             0.0,               0.0,                 0.0,                0.0
RJP1091,           0,          1,            3,              0.0,               0.0,             0.0,               0.0,                 0.0,               26.0
AGB3303,           0,          1,            4,              0.0,               0.0,             0.0,               0.0,                 0.0,                6.0
SFL0092,           0,          1,            3,              0.0,               0.0,             0.0,               0.0,                 0.0,               89.0
HJV1586,           0,          1,            3,              0.0,               0.0,             0.0,               0.0,                 0.0,               60.0
JTH0719,           0,          1,            4,              0.0,               0.0,             0.0,               0.0,                 0.0,                0.0
MDS0285,           0,          1,            4,              0.0,               0.0,             0.0,               0.0,                 0.0,               26.0
NKC3652,           0,          1,            2,              0.0,               0.0,             0.0,               0.0,                 0.0,                6.0
BOR2387,           0,         75,           10,              0.0,               0.0,             0.0,               0.0,                 0.0,               68.0
ATH0720,           0,          1,            4,              0.0,               0.0,             0.0,               0.0,                 0.0,               46.0
MHH2192,           0,          1,            2,              0.0,               0.0,             0.0,               0.0,                 0.0,                5.0
VTD1184,           0,          1,            2,              0.0,               0.0,             0.0,               0.0,                 0.0,                0.0
LJC3980,           0,          1,            2,              0.0,               0.0,             0.0,               0.0,                 0.0,                6.0
KCD0181,           0,          1,            4,              0.0,               0.0,             0.0,               0.0,                 0.0,                0.0
ADP3667,           0,         30,           13,              0.0,               0.0,             0.0,             374.0,               674.0,              117.0
YJR1149,           0,          1,            8,              0.0,               0.0,             0.0,               0.0,                 0.0,               13.0
AHC1994,           0,         61,           24,              0.0,               0.0,             0.0,             233.0,               435.0,              124.0
AHG3997,           0,          1,            3,              0.0,               0.0,             0.0,               0.0,                 0.0,               19.0
BJW2134,           0,          1,            4,              0.0,               0.0,             0.0,               0.0,                 0.0,               53.0
GCN1743,           0,         44,           11,              0.0,               0.0,             0.0,               0.0,                 0.0,               86.0
SMS2452,           0,         92,           10,              0.0,               0.0,             0.0,               0.0,                 0.0,               28.0
AHM0959,           0,        111,           10,              0.0,               0.0,             0.0,               0.0,                 0.0,              146.0
SOD0442,           0,         89,           13,              0.0,               0.0,             0.0,             306.0,               607.0,              120.0
EPC3889,           0,          1,            9,              0.0,               0.0,             0.0,               0.0,                 0.0,              632.0
SRM3245,           0,          1,            7,              0.0,               0.0,             0.0,               0.0,                 0.0,               55.0
ACH2102,           0,          1,            4,              0.0,               0.0,             0.0,               0.0,                 0.0,               19.0
JJF1325,           0,          1,            4,              0.0,               0.0,             0.0,               0.0,                 0.0,               26.0
PWG3063,           0,          1,            4,              0.0,               0.0,             0.0,               0.0,                 0.0,                0.0
MNM2369,           0,          1,            7,              0.0,               0.0,             0.0,               0.0,                 0.0,               53.0
MDF1222,           0,         36,           11,              0.0,               0.0,             0.0,              86.0,               145.0,               40.0
SKB3752,           0,          1,            4,              0.0,               0.0,             0.0,               0.0,                 0.0,                6.0
OCD3513,           0,          1,           10,              0.0,               0.0,             0.0,             852.0,              1486.0,              276.0
LBJ1723,           0,          1,            7,              0.0,               0.0,             0.0,               0.0,                 0.0,              119.0
JSM3931,           0,          1,            4,              0.0,               0.0,             0.0,            2595.0,              4313.0,              712.0
KPS3882,           0,          1,            8,              0.0,               0.0,             0.0,               0.0,                 0.0,              121.0
ECM3591,           0,          1,            2,              0.0,               0.0,             0.0,               0.0,                 0.0,                0.0
MXR3432,           0,          1,            8,              0.0,               0.0,             0.0,               0.0,                 0.0,              128.0
NEE1632,           0,         86,           10,              0.0,               0.0,             0.0,               0.0,                 0.0,               53.0
MWG1570,           0,          1,           18,              0.0,               0.0,             0.0,             215.0,               418.0,               79.0
CBJ3719,           0,          1,            4,              0.0,               0.0,             0.0,               0.0,                 0.0,               87.0
HRL2565,           0,          1,            2,              0.0,               0.0,             0.0,               0.0,                 0.0,               86.0
CTK0947,           0,          1,            4,              0.0,               0.0,             0.0,               0.0,                 0.0,               87.0
MNW1827,           0,          1,            4,              0.0,               0.0,             0.0,               0.0,                 0.0,               36.0
PDJ3711,           0,          1,            4,              0.0,               0.0,             0.0,               0.0,                 0.0,               91.0
INL3041,           0,        960,           24,              0.0,               0.0,             0.0,               0.0,                 0.0,                0.0
DEP0163,           0,        108,           13,              0.0,               0.0,             0.0,             661.0,              1140.0,              532.0
ZAW3833,           0,          1,            4,              0.0,               0.0,             0.0,               0.0,                 0.0,               29.0
MBP1728,           0,          1,            2,              0.0,               0.0,             0.0,               0.0,                 0.0,               51.0
ISB0256,           0,         27,           10,              0.0,               0.0,             0.0,               0.0,                 0.0,              195.0
BGM2545,           0,          1,           10,              0.0,               0.0,             0.0,               0.0,                 0.0,                4.0
LGM2170,           0,          1,            4,              0.0,               0.0,             0.0,               0.0,                 0.0,                4.0
SXW0537,           0,          1,            4,              0.0,               0.0,             0.0,               0.0,                 0.0,                0.0
PHH1524,           0,         20,           23,              0.0,               0.0,             0.0,              57.0,               140.0,              134.0
GZM3990,           0,          1,            8,              0.0,               0.0,             0.0,               0.0,                 0.0,               33.0
CMO2396,           0,          1,           22,              0.0,               0.0,             0.0,             229.0,               427.0,              129.0
CUQ3097,           0,          1,            4,              0.0,               0.0,             0.0,               0.0,                 0.0,               42.0
VWB0990,           0,          1,            8,              0.0,               0.0,             0.0,               0.0,                 0.0,              111.0
JWM0484,           0,         22,           10,              0.0,               0.0,             0.0,               0.0,                 0.0,              165.0
MEM1745,           0,          1,            4,              0.0,               0.0,             0.0,               0.0,                 0.0,                0.0
MXG0821,           0,          1,            4,              0.0,               0.0,             0.0,               0.0,                 0.0,               65.0
MMR1864,           0,         50,           10,              0.0,               0.0,             0.0,               0.0,                 0.0,               67.0
JKF1825,           0,          1,            4,              0.0,               0.0,             0.0,               0.0,                 0.0,               81.0
BDM3662,           0,          1,           10,              0.0,               0.0,             0.0,               0.0,                 0.0,                7.0
LFB1624,           0,          1,           10,              0.0,               0.0,             0.0,               0.0,                 0.0,               61.0
JSO3292,           0,        111,           12,              0.0,               0.0,             0.0,               0.0,                 0.0,               27.0
JCC2287,           0,          1,            9,              0.0,               0.0,             0.0,               0.0,                 0.0,              219.0
AAF3937,           0,          1,            4,              0.0,               0.0,             0.0,               0.0,                 0.0,               10.0
SST1661,           0,        111,           13,              0.0,               0.0,             0.0,             393.0,               203.0,              994.0
ALB2395,           0,          1,            4,              0.0,               0.0,             0.0,               0.0,                 0.0,               72.0
CNE2161,           0,          1,            4,              0.0,               0.0,             0.0,             886.0,              1523.0,              239.0
IEG3509,           0,          1,            4,              0.0,               0.0,             0.0,               0.0,                 0.0,               18.0
VNH1282,           0,          1,            4,              0.0,               0.0,             0.0,               0.0,                 0.0,               21.0
MJK0037,           0,         28,           11,              0.0,               0.0,             0.0,               0.0,                 0.0,              420.0
ARC2809,           0,         11,           12,              0.0,               0.0,             0.0,               0.0,                 0.0,                0.0
SGR0658,           0,          1,            4,              0.0,               0.0,             0.0,               0.0,                 0.0,               47.0
LCF1216,           0,         25,           12,              0.0,               0.0,             0.0,             923.0,              1636.0,              474.0
NSE3944,           0,          1,            4,              0.0,               0.0,             0.0,               0.0,                 0.0,                7.0
INS3200,           0,          1,            2,              0.0,               0.0,             0.0,               0.0,                 0.0,                0.0
CHC0252,           0,         68,           24,              0.0,               0.0,             0.0,               0.0,                 0.0,              107.0
LPE0270,           0,          1,            4,              0.0,               0.0,             0.0,               0.0,                 0.0,               54.0
ABE2352,           0,          1,            2,              0.0,               0.0,             0.0,               0.0,                 0.0,                9.0
SNM1257,           0,          1,            2,              0.0,               0.0,             0.0,               0.0,                 0.0,                0.0
RSJ0891,           0,          1,            4,              0.0,               0.0,             0.0,               0.0,                 0.0,                0.0
FZB3046,           0,       1005,           24,              0.0,               0.0,             0.0,               0.0,                 0.0,               70.0
LMS2868,           0,          1,           10,              0.0,               0.0,             0.0,               0.0,                 0.0,               40.0
WJM3209,           0,         18,            9,              0.0,               0.0,             0.0,             179.0,               326.0,              101.0
JPF1296,           0,          1,            4,              0.0,               0.0,             0.0,               0.0,                 0.0,               45.0
CNC1177,           0,          1,            4,              0.0,               0.0,             0.0,               0.0,                 0.0,                0.0
WKF3444,           0,          1,            2,              0.0,               0.0,             0.0,               0.0,                 0.0,               16.0
DGQ3744,           0,         26,           16,              0.0,               0.0,             0.0,             120.0,               184.0,               34.0
SSA0389,           0,          1,            2,              0.0,               0.0,             0.0,               0.0,                 0.0,               23.0
CWL0561,           0,          1,            4,              0.0,               0.0,             0.0,               0.0,                 0.0,               40.0
JCP1462,           0,          1,           17,              0.0,               0.0,             0.0,            2905.0,              5071.0,              784.0
KWD2589,           0,          1,            3,              0.0,               0.0,             0.0,               0.0,                 0.0,                0.0
SVA1742,           0,          1,            2,              0.0,               0.0,             0.0,               0.0,                 0.0,              103.0
ABP2917,           0,          1,           10,              0.0,               0.0,             0.0,             733.0,              1232.0,              195.0
GLS1193,           0,          1,            2,              0.0,               0.0,             0.0,               0.0,                 0.0,               43.0
FPV3755,           0,         78,           12,              0.0,               0.0,             0.0,               0.0,                 0.0,               32.0
GRP1402,           0,          1,            2,              0.0,               0.0,             0.0,               0.0,                 0.0,               28.0
FMT2152,           0,          1,            2,              0.0,               0.0,             0.0,               0.0,                 0.0,                0.0
CMB2034,           0,          1,            2,              0.0,               0.0,             0.0,               0.0,                 0.0,               68.0
CDY3409,           0,          1,            4,              0.0,               0.0,             0.0,               0.0,                 0.0,                0.0
VDM2701,           0,          1,            2,              0.0,               0.0,             0.0,               0.0,                 0.0,               33.0
AFK3800,           0,          1,            2,              0.0,               0.0,             0.0,               0.0,                 0.0,                0.0
NDB0517,           0,         24,            9,              0.0,               0.0,             0.0,               0.0,                 0.0,              244.0
JLG3764,           0,          1,            4,              0.0,               0.0,             0.0,               0.0,                 0.0,               54.0
AKH0454,           0,         14,           11,              0.0,               0.0,             0.0,             341.0,               604.0,             1047.0
KSF0134,           0,          1,            3,              0.0,               0.0,             0.0,               0.0,                 0.0,                0.0
GJD1141,           0,          1,           10,              0.0,               0.0,             0.0,               0.0,                 0.0,               76.0
THH2751,           0,         71,           24,              0.0,               0.0,             0.0,             265.0,               499.0,               84.0
AKC1929,           0,          1,            3,              0.0,               0.0,             0.0,               0.0,                 0.0,               22.0
MGG1756,           0,         21,           11,              0.0,               0.0,             0.0,               0.0,                 0.0,              204.0
RRM3789,           0,          1,            2,              0.0,               0.0,             0.0,               0.0,                 0.0,               63.0
MNG3693,           0,         20,           10,              0.0,               0.0,             0.0,               0.0,                 0.0,                4.0
ASG0072,           0,          1,            7,              0.0,               0.0,             0.0,               0.0,                 0.0,              107.0
TTL3088,           0,         12,           23,              0.0,               0.0,             0.0,             921.0,              1612.0,              286.0
KDW2929,           0,         69,           24,              0.0,               0.0,             0.0,             137.0,               247.0,               52.0
JJH2332,           0,         24,            9,              0.0,               0.0,             0.0,             127.0,               227.0,               60.0
IBM1700,           0,          1,            2,              0.0,               0.0,             0.0,               0.0,                 0.0,                0.0
OJV2346,           0,        109,           11,              0.0,               0.0,             0.0,               0.0,                 0.0,               12.0
ZHF1006,           0,          4,            8,              0.0,               0.0,             0.0,            2946.0,              4920.0,              801.0
HLD1270,           0,          1,            4,              0.0,               0.0,             0.0,               0.0,                 0.0,               44.0
DGH3295,           0,          1,            3,              0.0,               0.0,             0.0,               0.0,                 0.0,                0.0
KGF2552,           0,         24,           24,              0.0,               0.0,             0.0,               0.0,                 0.0,               90.0
VTB0576,           0,          1,            2,              0.0,               0.0,             0.0,               0.0,                 0.0,                0.0
CCS3575,           0,          1,            2,              0.0,               0.0,             0.0,               0.0,                 0.0,               45.0
SIP2907,           0,          1,           10,              0.0,               0.0,             0.0,               0.0,                 0.0,               31.0
VBP1871,           0,          7,            4,              0.0,               0.0,             0.0,               0.0,                 0.0,              115.0
CKG3838,           0,          1,            3,              0.0,               0.0,             0.0,               0.0,                 0.0,               43.0
MJS1251,           0,          1,            2,              0.0,               0.0,             0.0,               0.0,                 0.0,               14.0
BWM2339,           0,         57,           11,              0.0,               0.0,             0.0,              95.0,               156.0,              150.0
KRH0589,           0,          1,            3,              0.0,               0.0,             0.0,               0.0,                 0.0,               34.0
WSS0820,           0,          1,           22,              0.0,               0.0,             0.0,             627.0,              1132.0,              200.0
GFB1385,           0,        108,           10,              0.0,               0.0,             0.0,             358.0,               700.0,              542.0
KAC0579,           0,          1,            3,              0.0,               0.0,             0.0,               0.0,                 0.0,               21.0
MJC1471,           0,          1,            9,              0.0,               0.0,             0.0,               0.0,                 0.0,               78.0
MBG3183,           0,         27,           10,              0.0,               0.0,             0.0,             348.0,               948.0,              692.0
UVN0903,           0,          1,            2,              0.0,               0.0,             0.0,               0.0,                 0.0,                9.0
UMH3826,           0,          1,            3,              0.0,               0.0,             0.0,               0.0,                 0.0,                0.0
CJH3136,           0,          1,           10,              0.0,               0.0,             0.0,               0.0,                 0.0,              735.0
BZC3956,           0,          1,            9,              0.0,               0.0,             0.0,               0.0,                 0.0,                0.0
AAD3030,           0,          1,            4,              0.0,               0.0,             0.0,               0.0,                 0.0,              211.0
OCS1541,           0,          1,            9,              0.0,               0.0,             0.0,               0.0,                 0.0,               18.0
SMW2062,           0,          1,            2,              0.0,               0.0,             0.0,               0.0,                 0.0,               44.0
LMH2801,           0,          1,            3,              0.0,               0.0,             0.0,               0.0,                 0.0,               15.0
GGH1726,           0,          1,            4,              0.0,               0.0,             0.0,               0.0,                 0.0,                0.0
GCK2071,           0,          1,            2,              0.0,               0.0,             0.0,               0.0,                 0.0,                0.0
RAH2750,           0,          1,            3,              0.0,               0.0,             0.0,               0.0,                 0.0,               55.0
XAH2479,           0,          1,            2,              0.0,               0.0,             0.0,               0.0,                 0.0,                0.0
NHG3810,           0,          1,            2,              0.0,               0.0,             0.0,               0.0,                 0.0,               20.0
HBS0255,           0,          1,            4,              0.0,               0.0,             0.0,               0.0,                 0.0,               51.0
HOJ2172,           0,          1,            4,              0.0,               0.0,             0.0,               0.0,                 0.0,                0.0
KNH1985,           0,          1,            2,              0.0,               0.0,             0.0,               0.0,                 0.0,                0.0
KBG2061,           0,         17,           10,              0.0,               0.0,             0.0,               0.0,                 0.0,              412.0
HSS3959,           0,          1,            4,              0.0,               0.0,             0.0,               0.0,                 0.0,                0.0
SCH3567,           0,          1,            2,              0.0,               0.0,             0.0,               0.0,                 0.0,               28.0
DLR1423,           0,          1,            2,              0.0,               0.0,             0.0,               0.0,                 0.0,                0.0
JRR0459,           0,       1007,           24,              0.0,               0.0,             0.0,               0.0,                 0.0,              480.0
ZHH3206,           0,          1,            2,              0.0,               0.0,             0.0,               0.0,                 0.0,               44.0
LRP2591,           0,          1,            4,              0.0,               0.0,             0.0,               0.0,                 0.0,               13.0
LMF0670,           0,          1,            4,              0.0,               0.0,             0.0,               0.0,                 0.0,                9.0
JAD3672,           0,          1,            4,              0.0,               0.0,             0.0,               0.0,                 0.0,                0.0
NSR2539,           0,          3,           17,              0.0,               0.0,             0.0,             390.0,               832.0,              179.0
MVA3761,           0,          1,            4,              0.0,               0.0,             0.0,               0.0,                 0.0,               16.0
JLL1204,           0,          1,            4,              0.0,               0.0,             0.0,               0.0,                 0.0,               14.0
SCC0067,           0,          1,            8,              0.0,               0.0,             0.0,               0.0,                 0.0,               57.0
ABK3081,           0,         52,           24,              0.0,               0.0,             0.0,             199.0,               398.0,               74.0
SRS0129,           0,         28,           10,              0.0,               0.0,             0.0,               0.0,                 0.0,              290.0
IMC3296,           0,        102,           12,              0.0,               0.0,             0.0,            4309.0,              6823.0,             1135.0
KKB1088,           0,          1,            3,              0.0,               0.0,             0.0,            1121.0,              1837.0,              326.0
YYD3518,           0,          1,            4,              0.0,               0.0,             0.0,               0.0,                 0.0,               15.0
TCM2403,           0,         29,           11,              0.0,               0.0,             0.0,             367.0,               619.0,              116.0
PJP2632,           0,          1,           10,              0.0,               0.0,             0.0,               0.0,                 0.0,               65.0
BAA2451,           0,          1,            2,              0.0,               0.0,             0.0,               0.0,                 0.0,               25.0
ROR3483,           0,          1,            4,              0.0,               0.0,             0.0,             277.0,               516.0,               99.0
KGD2603,           0,          1,            4,              0.0,               0.0,             0.0,               0.0,                 0.0,               15.0
RWS3699,           0,         96,           24,              0.0,               0.0,             0.0,             148.0,               256.0,               54.0
JDR0436,           0,          1,            4,              0.0,               0.0,             0.0,               0.0,                 0.0,                0.0
RLS0761,           0,          1,            4,              0.0,               0.0,             0.0,               0.0,                 0.0,               40.0
GWM1366,           0,          1,            3,              0.0,               0.0,             0.0,               0.0,                 0.0,               61.0
IJS1090,           0,          1,            3,              0.0,               0.0,             0.0,               0.0,                 0.0,               24.0
JCG1982,           0,          1,            2,              0.0,               0.0,             0.0,               0.0,                 0.0,              110.0
DIA0731,           0,          1,            4,              0.0,               0.0,             0.0,               0.0,                 0.0,                0.0
NMS1493,           0,          1,            4,              0.0,               0.0,             0.0,               0.0,                 0.0,                0.0
GSA3815,           0,          1,            2,              0.0,               0.0,             0.0,            2973.0,              5071.0,              781.0
GSC0530,           0,         85,           24,              0.0,               0.0,             0.0,             944.0,              1576.0,              257.0
BDJ3001,           0,         26,           11,              0.0,               0.0,             0.0,            1953.0,               720.0,              685.0
COB0461,           0,        594,           24,              0.0,               0.0,             0.0,               0.0,                 0.0,               17.0
HCR3675,           0,          1,            4,              0.0,               0.0,             0.0,               0.0,                 0.0,               17.0
AIY3991,           0,          1,            7,              0.0,               0.0,             0.0,               0.0,                 0.0,                4.0
TAC3425,           0,          1,            3,              0.0,               0.0,             0.0,               0.0,                 0.0,               18.0
RAP0653,           0,          1,            4,              0.0,               0.0,             0.0,               0.0,                 0.0,               47.0
RPL2640,           0,          1,            4,              0.0,               0.0,             0.0,               0.0,                 0.0,               68.0
CJH2330,           0,          1,           15,              0.0,               0.0,             0.0,               0.0,                 0.0,              242.0
JNR1694,           0,          1,            4,              0.0,               0.0,             0.0,               0.0,                 0.0,               53.0
AMO0582,           0,          1,            3,              0.0,               0.0,             0.0,               0.0,                 0.0,               20.0
LLT0291,           0,          1,           17,              0.0,               0.0,             0.0,            3317.0,              6045.0,              992.0
CKH0705,           0,         28,            8,              0.0,               0.0,             0.0,               0.0,                 0.0,               15.0
OMM0835,           0,          1,            4,              0.0,               0.0,             0.0,               0.0,                 0.0,               43.0
BRD3314,           0,          1,            4,              0.0,               0.0,             0.0,              45.0,                82.0,               38.0
CKC3767,           0,          1,            4,              0.0,               0.0,             0.0,               0.0,                 0.0,                0.0
ILY3152,           0,         41,           22,              0.0,               0.0,             0.0,            2830.0,              4812.0,              724.0
MLP3859,           0,          1,            4,              0.0,               0.0,             0.0,               0.0,                 0.0,               30.0
DTL2891,           0,         66,           24,              0.0,               0.0,             0.0,             203.0,               374.0,               93.0
PGF3491,           0,          1,           15,              0.0,               0.0,             0.0,            2759.0,              4638.0,              731.0
MMR1435,           0,         29,           21,              0.0,               0.0,             0.0,               0.0,                 0.0,               42.0
ACM3964,           0,          1,            8,              0.0,               0.0,             0.0,               0.0,                 0.0,               28.0
LLS0222,           0,          1,            3,              0.0,               0.0,             0.0,               0.0,                 0.0,               49.0
LAH0524,           0,          1,            3,              0.0,               0.0,             0.0,               0.0,                 0.0,              100.0
EKS3724,           0,          1,           21,              0.0,               0.0,             0.0,               0.0,                 0.0,               21.0
OED3393,           0,          1,           10,              0.0,               0.0,             0.0,             202.0,               373.0,               71.0
JBB0847,           0,         68,           13,              0.0,               0.0,             0.0,              65.0,               145.0,               31.0
MRS0409,           0,         28,           10,              0.0,               0.0,             0.0,             466.0,               883.0,              196.0
KBW1629,           0,          1,            4,              0.0,               0.0,             0.0,               0.0,                 0.0,               17.0
SLV2969,           0,         38,            9,              0.0,               0.0,             0.0,               0.0,                 0.0,              433.0
NWV0966,           0,          1,            4,              0.0,               0.0,             0.0,               0.0,                 0.0,                0.0
CSM1554,           0,         74,           14,              0.0,               0.0,             0.0,             161.0,               247.0,               53.0
KKM0624,           0,         11,           11,              0.0,               0.0,             0.0,               0.0,                 0.0,               27.0
SJH0945,           0,          1,            2,              0.0,               0.0,             0.0,               0.0,                 0.0,               12.0
FDF3743,           0,        111,           12,              0.0,               0.0,             0.0,               0.0,                 0.0,               19.0
SYF1650,           0,          1,            3,              0.0,               0.0,             0.0,               0.0,                 0.0,              100.0
FLS0231,           0,          1,            3,              0.0,               0.0,             0.0,               0.0,                 0.0,                0.0
MFD2890,           0,          1,           11,              0.0,               0.0,             0.0,               0.0,                 0.0,               24.0
JDM0165,           0,          1,            2,              0.0,               0.0,             0.0,               0.0,                 0.0,               39.0
LOR1044,           0,        130,           21,              0.0,               0.0,             0.0,               0.0,                 0.0,                3.0
MIA0939,           0,          1,            2,              0.0,               0.0,             0.0,               0.0,                 0.0,                0.0
BBB3612,           0,          1,            4,              0.0,               0.0,             0.0,               0.0,                 0.0,               10.0
SHP1418,           0,        108,           24,              0.0,               0.0,             0.0,             642.0,              1046.0,              180.0
CCL3272,           0,          1,            3,              0.0,               0.0,             0.0,               0.0,                 0.0,                3.0
SWO3258,           0,          1,           19,              0.0,               0.0,             0.0,              31.0,                73.0,               18.0
UNB3986,           0,          1,            2,              0.0,               0.0,             0.0,               0.0,                 0.0,                0.0
ARB2515,           0,          1,            4,              0.0,               0.0,             0.0,               0.0,                 0.0,               38.0
GKW2306,           0,          1,            4,              0.0,               0.0,             0.0,               0.0,                 0.0,               10.0
KWC3812,           0,          1,           22,              0.0,               0.0,             0.0,             433.0,               739.0,              139.0
AAP1919,           0,         89,           11,              0.0,               0.0,             0.0,             144.0,               245.0,               50.0
TPF1663,           0,          1,            4,              0.0,               0.0,             0.0,               0.0,                 0.0,              139.0
BEH0103,           0,         37,           24,              0.0,               0.0,             0.0,             193.0,               364.0,               90.0
GTC0747,           0,         49,           11,              0.0,               0.0,             0.0,             416.0,               673.0,              117.0
AYS1628,           0,         53,           10,              0.0,               0.0,             0.0,             950.0,              1611.0,              240.0
FBY1064,           0,          1,            4,              0.0,               0.0,             0.0,               0.0,                 0.0,               12.0
PMA2693,           0,          1,            4,              0.0,               0.0,             0.0,               0.0,                 0.0,               73.0
GER1997,           0,         19,           23,              0.0,               0.0,             0.0,               0.0,                 0.0,               46.0
RPC0205,           0,          1,           19,              0.0,               0.0,             0.0,               0.0,                 0.0,              176.0
LNM1879,           0,          1,            2,              0.0,               0.0,             0.0,             908.0,              1664.0,              801.0
JAB3656,           0,         14,           23,              0.0,               0.0,             0.0,             859.0,              1451.0,              218.0
WLL1133,           0,          1,            3,              0.0,               0.0,             0.0,               0.0,                 0.0,               65.0
AOD2178,           0,          1,            2,              0.0,               0.0,             0.0,               0.0,                 0.0,               28.0
CBM2858,           0,         68,           11,              0.0,               0.0,             0.0,               0.0,                 0.0,               77.0
JJH1818,           0,          1,            2,              0.0,               0.0,             0.0,               0.0,                 0.0,               63.0
HKK2716,           0,         22,            9,              0.0,               0.0,             0.0,              52.0,               103.0,              604.0
RIB1582,           0,          1,           10,              0.0,               0.0,             0.0,               0.0,                 0.0,              103.0
JAS1907,           0,          1,            7,              0.0,               0.0,             0.0,               0.0,                 0.0,              166.0
WSA1765,           0,        931,           24,              0.0,               0.0,             0.0,             853.0,              1427.0,              493.0
NNP0229,           0,         21,           12,              0.0,               0.0,             0.0,               0.0,                 0.0,               55.0
XAR1011,           0,          1,            2,              0.0,               0.0,             0.0,               0.0,                 0.0,               39.0
RLB1334,           0,        118,           10,              0.0,               0.0,             0.0,             591.0,               416.0,              577.0
HJD3439,           0,         41,           10,              0.0,               0.0,             0.0,             160.0,               249.0,               62.0
WAH3836,           0,          1,            2,              0.0,               0.0,             0.0,               0.0,                 0.0,               35.0
VAD2639,           0,          1,           17,              0.0,               0.0,             0.0,               0.0,                 0.0,                0.0
GIB0207,           0,          1,            4,              0.0,               0.0,             0.0,               0.0,                 0.0,                0.0
DJR2389,           0,          1,            4,              0.0,               0.0,             0.0,               0.0,                 0.0,               13.0
PEB3161,           0,          1,            4,              0.0,               0.0,             0.0,               0.0,                 0.0,               31.0
BHS1917,           0,          1,            2,              0.0,               0.0,             0.0,               0.0,                 0.0,               59.0
DKS1509,           0,          1,            4,              0.0,               0.0,             0.0,               0.0,                 0.0,                0.0
KMS1530,           0,          1,            8,              0.0,               0.0,             0.0,               0.0,                 0.0,               24.0
SHS3176,           0,          1,            4,              0.0,               0.0,             0.0,               0.0,                 0.0,              123.0
SGM2153,           0,          1,            4,              0.0,               0.0,             0.0,               0.0,                 0.0,               11.0
GNG2812,           0,          1,            4,              0.0,               0.0,             0.0,               0.0,                 0.0,                0.0
BRS0333,           0,          1,            3,              0.0,               0.0,             0.0,               0.0,                 0.0,               41.0
DAS3775,           0,          1,            2,              0.0,               0.0,             0.0,             353.0,               622.0,              111.0
TMC3659,           0,        151,           12,              0.0,               0.0,             0.0,             351.0,               557.0,              233.0
YKM3542,           0,        109,           19,              0.0,               0.0,             0.0,               0.0,                 0.0,               54.0
PMG2513,           0,          1,            3,              0.0,               0.0,             0.0,               0.0,                 0.0,                0.0
ATR1677,           0,         76,           12,              0.0,               0.0,             0.0,               0.0,                 0.0,               43.0
MJB3866,           0,          1,            4,              0.0,               0.0,             0.0,               0.0,                 0.0,               34.0
VJM1336,           0,          1,            4,              0.0,               0.0,             0.0,               0.0,                 0.0,               43.0
AHC3277,           0,          1,            3,              0.0,               0.0,             0.0,               0.0,                 0.0,                2.0
RCV1311,           0,          1,            4,              0.0,               0.0,             0.0,               0.0,                 0.0,               72.0
VKM2376,           0,         26,           10,              0.0,               0.0,             0.0,               0.0,                 0.0,              165.0
JMG3704,           0,          1,            3,              0.0,               0.0,             0.0,               0.0,                 0.0,               12.0
SCF0330,           0,          1,            2,              0.0,               0.0,             0.0,               0.0,                 0.0,               13.0
NNB3989,           0,          1,            3,              0.0,               0.0,             0.0,               0.0,                 0.0,                0.0
BCS2912,           0,          1,            9,              0.0,               0.0,             0.0,               0.0,                 0.0,               21.0
RDF1248,           0,          1,           10,              0.0,               0.0,             0.0,               0.0,                 0.0,               54.0
ARH2262,           0,          1,            2,              0.0,               0.0,             0.0,               0.0,                 0.0,               26.0
KNM1318,           0,          1,            4,              0.0,               0.0,             0.0,               0.0,                 0.0,               17.0
HDP1890,           0,         49,           24,              0.0,               0.0,             0.0,               0.0,                 0.0,              223.0
KSS2068,           0,          1,            2,              0.0,               0.0,             0.0,               0.0,                 0.0,               66.0
RGM3111,           0,          1,            3,              0.0,               0.0,             0.0,               0.0,                 0.0,              101.0
FAW1969,           0,         34,           13,              0.0,               0.0,             0.0,               0.0,                 0.0,              373.0
DAR0388,           0,         37,           16,              0.0,               0.0,             0.0,               0.0,                 0.0,              476.0
MCT1067,           0,          1,            3,              0.0,               0.0,             0.0,               0.0,                 0.0,               18.0
ASS0280,           0,          1,           10,              0.0,               0.0,             0.0,               0.0,                 0.0,               41.0
NOD1261,           0,          1,            2,              0.0,               0.0,             0.0,               0.0,                 0.0,               18.0
ENS1748,           0,          1,           10,              0.0,               0.0,             0.0,            1292.0,              2225.0,              445.0
EPI3052,           0,        935,           24,              0.0,               0.0,             0.0,             863.0,              1448.0,              293.0
AGS0063,           0,          1,            3,              0.0,               0.0,             0.0,               0.0,                 0.0,               45.0
RCS2064,           0,        109,           11,              0.0,               0.0,             0.0,             139.0,               264.0,              507.0
SED0972,           0,          1,            4,              0.0,               0.0,             0.0,               0.0,                 0.0,                0.0
AID2774,           0,         83,           12,              0.0,               0.0,             0.0,               0.0,                 0.0,               12.0
APS1968,           0,          1,            4,              0.0,               0.0,             0.0,              36.0,                74.0,               69.0
DBR1798,           0,          1,            2,              0.0,               0.0,             0.0,               0.0,                 0.0,               55.0
BWK0172,           0,          1,            2,              0.0,               0.0,             0.0,               0.0,                 0.0,              130.0
CSB0827,           0,          1,            4,              0.0,               0.0,             0.0,               0.0,                 0.0,                0.0
ASH1710,           0,          1,            4,              0.0,               0.0,             0.0,               0.0,                 0.0,               45.0
KOB2624,           0,          1,            4,              0.0,               0.0,             0.0,               0.0,                 0.0,                0.0
DEL0913,           0,          1,            4,              0.0,               0.0,             0.0,               0.0,                 0.0,               91.0
OKG1889,           0,         86,           23,              0.0,               0.0,             0.0,             619.0,              1046.0,              179.0
WZR3948,           0,         16,           11,              0.0,               0.0,             0.0,            1991.0,              3380.0,              563.0
IHD1978,           0,          1,            2,              0.0,               0.0,             0.0,               0.0,                 0.0,                0.0
MMC1084,           0,         29,           11,              0.0,               0.0,             0.0,             246.0,               435.0,               95.0
BLY1039,           0,          1,            3,              0.0,               0.0,             0.0,               0.0,                 0.0,               94.0
YCL2166,           0,          1,            4,              0.0,               0.0,             0.0,               0.0,                 0.0,                0.0
NHV2004,           0,         23,           12,              0.0,               0.0,             0.0,               0.0,                 0.0,               10.0
BNL1652,           0,          1,            5,              0.0,               0.0,             0.0,               0.0,                 0.0,                0.0
VHH0485,           0,          1,            3,              0.0,               0.0,             0.0,               0.0,                 0.0,                7.0
LXS0332,           0,        126,           11,              0.0,               0.0,             0.0,               0.0,                 0.0,              127.0
GLG1573,           0,         32,           14,              0.0,               0.0,             0.0,               0.0,                 0.0,               28.0
RCG1241,           0,          1,            4,              0.0,               0.0,             0.0,               0.0,                 0.0,                0.0
MJP2421,           0,          1,            4,              0.0,               0.0,             0.0,               0.0,                 0.0,                0.0
DNN0488,           0,          1,            3,              0.0,               0.0,             0.0,               0.0,                 0.0,                0.0
WVD0570,           0,          1,            4,              0.0,               0.0,             0.0,               0.0,                 0.0,               45.0
EJP2315,           0,          1,            3,              0.0,               0.0,             0.0,               0.0,                 0.0,                0.0
HKW2615,           0,          1,            7,              0.0,               0.0,             0.0,               0.0,                 0.0,              636.0
SGB1636,           0,          1,            4,              0.0,               0.0,             0.0,               0.0,                 0.0,               33.0
SZB0321,           0,          1,            4,              0.0,               0.0,             0.0,               0.0,                 0.0,               41.0
YLL0795,           0,          1,            8,              0.0,               0.0,             0.0,             370.0,               198.0,              642.0
JKC2754,           0,        106,           24,              0.0,               0.0,             0.0,             699.0,              1178.0,              188.0
MNS1394,           0,          1,            7,              0.0,               0.0,             0.0,               0.0,                 0.0,              161.0
TWM0837,           0,          1,            4,              0.0,               0.0,             0.0,               0.0,                 0.0,               10.0
RSS0875,           0,          1,            7,              0.0,               0.0,             0.0,             150.0,               216.0,               48.0
XAB0627,           0,          1,           10,              0.0,               0.0,             0.0,             182.0,               213.0,              520.0
DNV1964,           0,         65,           23,              0.0,               0.0,             0.0,               0.0,                 0.0,               47.0
MAC2962,           0,          1,            4,              0.0,               0.0,             0.0,               0.0,                 0.0,              157.0
WIB3670,           0,          1,            4,              0.0,               0.0,             0.0,               0.0,                 0.0,                7.0
JBB3280,           0,          1,            3,              0.0,               0.0,             0.0,               0.0,                 0.0,                0.0
PHB2209,           0,          1,            4,              0.0,               0.0,             0.0,               0.0,                 0.0,                8.0
WOL3226,           0,        104,           12,              0.0,               0.0,             0.0,             743.0,               668.0,              926.0
RUB1156,           0,         59,           13,              0.0,               0.0,             0.0,               0.0,                 0.0,               91.0
SRB2276,           0,        116,           11,              0.0,               0.0,             0.0,             330.0,               539.0,              121.0
AIB3416,           0,        105,           10,              0.0,               0.0,             0.0,             212.0,               395.0,              149.0
DAE1437,           0,        126,           11,              0.0,               0.0,             0.0,               0.0,                 0.0,               51.0
SCH3858,           0,          1,            4,              0.0,               0.0,             0.0,               0.0,                 0.0,               70.0
FKS0094,           0,          1,            7,              0.0,               0.0,             0.0,               0.0,                 0.0,              132.0
CIH0995,           0,        104,           10,              0.0,               0.0,             0.0,              54.0,               127.0,              106.0
LAN1329,           0,          1,            9,              0.0,               0.0,             0.0,              57.0,                96.0,              207.0
NCB2660,           0,          1,            4,              0.0,               0.0,             0.0,               0.0,                 0.0,               14.0
YDM3898,           0,         40,           11,              0.0,               0.0,             0.0,               0.0,                 0.0,               30.0
LMW2320,           0,          1,            3,              0.0,               0.0,             0.0,               0.0,                 0.0,                0.0
NPK0369,           0,          1,            2,              0.0,               0.0,             0.0,               0.0,                 0.0,                0.0
DMB1429,           0,        108,           11,              0.0,               0.0,             0.0,             696.0,              1177.0,              229.0
KMB1761,           0,        945,           24,              0.0,               0.0,             0.0,               0.0,                 0.0,                0.0
TWK1773,           0,        919,           24,              0.0,               0.0,             0.0,               0.0,                 0.0,               40.0
ATR2560,           0,          1,            2,              0.0,               0.0,             0.0,               0.0,                 0.0,                0.0
HNB3661,           0,        109,           13,              0.0,               0.0,             0.0,               0.0,                 0.0,               16.0
GJG0170,           0,          1,            4,              0.0,               0.0,             0.0,               0.0,                 0.0,                0.0
ABG2353,           0,          1,            2,              0.0,               0.0,             0.0,               0.0,                 0.0,               16.0
BAT3066,           0,        107,            9,              0.0,               0.0,             0.0,               0.0,                 0.0,              148.0
NKM2195,           0,         31,            9,              0.0,               0.0,             0.0,               0.0,                 0.0,               11.0
KTL3785,           0,          1,            4,              0.0,               0.0,             0.0,               0.0,                 0.0,                0.0
WJR3544,           0,          1,            3,              0.0,               0.0,             0.0,               0.0,                 0.0,                0.0
AJM0243,           0,          1,            4,              0.0,               0.0,             0.0,               0.0,                 0.0,                0.0
TND0324,           0,          1,            4,              0.0,               0.0,             0.0,               0.0,                 0.0,               58.0
LDB3087,           0,          1,           10,              0.0,               0.0,             0.0,               0.0,                 0.0,               98.0
WMR2625,           0,          1,            4,              0.0,               0.0,             0.0,               0.0,                 0.0,               29.0
BRH2866,           0,          1,            4,              0.0,               0.0,             0.0,               0.0,                 0.0,                0.0
AVS2317,           0,         14,           11,              0.0,               0.0,             0.0,             144.0,               250.0,              123.0
NWH2076,           0,          1,            4,              0.0,               0.0,             0.0,               0.0,                 0.0,                0.0
ISG2025,           0,          1,            2,              0.0,               0.0,             0.0,               0.0,                 0.0,                0.0
SRB2600,           0,         20,           12,              0.0,               0.0,             0.0,            2095.0,              3514.0,              592.0
CRH3848,           0,          1,            4,              0.0,               0.0,             0.0,               0.0,                 0.0,               51.0
VRB3401,           0,          1,            4,              0.0,               0.0,             0.0,               0.0,                 0.0,               49.0
CWH3033,           0,          1,            4,              0.0,               0.0,             0.0,               0.0,                 0.0,               91.0
JDM1042,           0,         22,           24,              0.0,               0.0,             0.0,            3661.0,              6793.0,             1842.0
GLM3106,           0,          1,            4,              0.0,               0.0,             0.0,               0.0,                 0.0,               40.0
MGS2159,           0,          1,            4,              0.0,               0.0,             0.0,               0.0,                 0.0,                0.0
KAW3589,           0,          1,            3,              0.0,               0.0,             0.0,               0.0,                 0.0,                0.0
TLP1231,           0,          1,            7,              0.0,               0.0,             0.0,               0.0,                 0.0,               31.0
GCP2425,           0,        946,           24,              0.0,               0.0,             0.0,               0.0,                 0.0,              141.0
TDM2859,           0,          1,            4,              0.0,               0.0,             0.0,               0.0,                 0.0,               39.0
ARS3506,           0,          1,            4,              0.0,               0.0,             0.0,               0.0,                 0.0,               52.0
TTP2417,           0,          1,            2,              0.0,               0.0,             0.0,               0.0,                 0.0,               33.0
CLH0733,           0,          1,            4,              0.0,               0.0,             0.0,               0.0,                 0.0,                0.0
JMS0149,           0,          1,            5,              0.0,               0.0,             0.0,               0.0,                 0.0,                0.0
NSC3036,           0,        917,           24,              0.0,               0.0,             0.0,               0.0,                 0.0,              256.0
ATH0225,           0,         58,           10,              0.0,               0.0,             0.0,            1939.0,               505.0,              602.0
RPW0026,           0,          1,            4,              0.0,               0.0,             0.0,               0.0,                 0.0,                0.0
SWG1391,           0,          1,            2,              0.0,               0.0,             0.0,               0.0,                 0.0,               27.0
KMR2232,           0,          1,           10,              0.0,               0.0,             0.0,               0.0,                 0.0,                8.0
XSR3526,           0,          1,            3,              0.0,               0.0,             0.0,               0.0,                 0.0,               43.0
BDJ3326,           0,          1,            8,              0.0,               0.0,             0.0,             786.0,              1275.0,              191.0
TWF1072,           0,          1,            3,              0.0,               0.0,             0.0,               0.0,                 0.0,                0.0
QKO2718,           0,          1,            3,              0.0,               0.0,             0.0,             896.0,               570.0,              454.0
LDW1472,           0,          1,            3,              0.0,               0.0,             0.0,               0.0,                 0.0,               14.0
TCN1687,           0,         35,            6,              0.0,               0.0,             0.0,               0.0,                 0.0,                0.0
DTU3804,           0,          1,            8,              0.0,               0.0,             0.0,               0.0,                 0.0,              101.0
AFP2247,           0,          1,            4,              0.0,               0.0,             0.0,               0.0,                 0.0,               17.0
ALS2669,           0,          1,            4,              0.0,               0.0,             0.0,               0.0,                 0.0,               35.0
KJC1419,           0,        101,           11,              0.0,               0.0,             0.0,               0.0,                 0.0,               96.0
SDR1227,           0,          1,            2,              0.0,               0.0,             0.0,               0.0,                 0.0,                0.0
ZMH1543,           0,          1,            3,              0.0,               0.0,             0.0,               0.0,                 0.0,               12.0
JSH1070,           0,          1,            3,              0.0,               0.0,             0.0,               0.0,                 0.0,               22.0
AFH1757,           0,          1,            4,              0.0,               0.0,             0.0,               0.0,                 0.0,              133.0
DMD0486,           0,          1,            4,              0.0,               0.0,             0.0,               0.0,                 0.0,               16.0
OHG3736,           0,          1,            4,              0.0,               0.0,             0.0,               0.0,                 0.0,              154.0
GCT3750,           0,          1,            4,              0.0,               0.0,             0.0,               0.0,                 0.0,               30.0
DFW1467,           0,          1,            3,              0.0,               0.0,             0.0,               0.0,                 0.0,              105.0
NOE2965,           0,          1,            9,              0.0,               0.0,             0.0,             458.0,               820.0,              138.0
SCE1877,           0,         25,           10,              0.0,               0.0,             0.0,              43.0,                59.0,              452.0
IGP2254,           0,        106,           11,              0.0,               0.0,             0.0,            1176.0,              2006.0,              315.0
IAR3996,           0,          1,            2,              0.0,               0.0,             0.0,               0.0,                 0.0,               18.0
MTN1330,           0,          1,            4,              0.0,               0.0,             0.0,               0.0,                 0.0,                0.0
GEK3441,           0,          1,            2,              0.0,               0.0,             0.0,               0.0,                 0.0,                0.0
SBK3515,           0,          1,            4,              0.0,               0.0,             0.0,               0.0,                 0.0,                0.0
XKW1135,           0,         71,            9,              0.0,               0.0,             0.0,               0.0,                 0.0,               28.0
SKA0757,           0,          1,            4,              0.0,               0.0,             0.0,               0.0,                 0.0,                0.0
JEV3132,           0,         38,           24,              0.0,               0.0,             0.0,               0.0,                 0.0,               93.0
SER0621,           0,          1,           18,              0.0,               0.0,             0.0,               0.0,                 0.0,              370.0
LSL0337,           0,          1,            2,              0.0,               0.0,             0.0,               0.0,                 0.0,                7.0
JYM3047,           0,        931,           24,              0.0,               0.0,             0.0,               0.0,                 0.0,               55.0
ASD0993,           0,          1,            4,              0.0,               0.0,             0.0,               0.0,                 0.0,                0.0
SAP1888,           0,          1,            4,              0.0,               0.0,             0.0,               0.0,                 0.0,                0.0
XCJ0023,           0,          1,            3,              0.0,               0.0,             0.0,               0.0,                 0.0,                0.0
OJR2085,           0,          1,           10,              0.0,               0.0,             0.0,             749.0,              1394.0,              246.0
LEM1913,           0,          1,            2,              0.0,               0.0,             0.0,               0.0,                 0.0,               75.0
LJC0191,           0,         81,           13,              0.0,               0.0,             0.0,            2364.0,              3933.0,              613.0
JBS1291,           0,          1,            4,              0.0,               0.0,             0.0,               0.0,                 0.0,                0.0
JHK1849,           0,         99,           24,              0.0,               0.0,             0.0,               0.0,                 0.0,               83.0
DPF3215,           0,          1,            8,              0.0,               0.0,             0.0,               0.0,                 0.0,               47.0
CWA2554,           0,         30,           11,              0.0,               0.0,             0.0,             296.0,               488.0,              105.0
NIR3139,           0,          1,           10,              0.0,               0.0,             0.0,               0.0,                 0.0,               21.0
JAM2248,           0,          1,            4,              0.0,               0.0,             0.0,               0.0,                 0.0,                0.0
MSR2202,           0,          1,            2,              0.0,               0.0,             0.0,               0.0,                 0.0,                6.0
GOR0861,           0,          1,            3,              0.0,               0.0,             0.0,               0.0,                 0.0,                8.0
PWM0708,           0,          1,            8,              0.0,               0.0,             0.0,             411.0,               732.0,              155.0
AAD2188,           0,          1,            2,              0.0,               0.0,             0.0,               0.0,                 0.0,                7.0
SSR1962,           0,         91,           12,              0.0,               0.0,             0.0,               0.0,                 0.0,               96.0
PMT2264,           0,          1,            2,              0.0,               0.0,             0.0,               0.0,                 0.0,               53.0
DHK0367,           0,         12,           13,              0.0,               0.0,             0.0,               0.0,                 0.0,              463.0
MAL0434,           0,          1,            4,              0.0,               0.0,             0.0,               0.0,                 0.0,               44.0
LMB3241,           0,          1,            4,              0.0,               0.0,             0.0,               0.0,                 0.0,                0.0
DGE3194,           0,          1,            3,              0.0,               0.0,             0.0,               0.0,                 0.0,                0.0
BNS2384,           0,          1,            2,              0.0,               0.0,             0.0,               0.0,                 0.0,               61.0
CIS3505,           0,          1,            4,              0.0,               0.0,             0.0,               0.0,                 0.0,               35.0
UAS2829,           0,          1,            4,              0.0,               0.0,             0.0,               0.0,                 0.0,                8.0
CSC3074,           0,          1,            3,              0.0,               0.0,             0.0,               0.0,                 0.0,                0.0
KCM0806,           0,          1,            4,              0.0,               0.0,             0.0,               0.0,                 0.0,               34.0
TDH0989,           0,          1,            7,              0.0,               0.0,             0.0,             172.0,               363.0,              141.0
CSL0428,           0,          1,           22,              0.0,               0.0,             0.0,             726.0,              1202.0,              210.0
LBG1670,           0,          1,           10,              0.0,               0.0,             0.0,               0.0,                 0.0,              247.0
DCW2405,           0,         55,           11,              0.0,               0.0,             0.0,               0.0,                 0.0,              121.0
LDN2514,           0,        108,           24,              0.0,               0.0,             0.0,              99.0,               166.0,               67.0
ZIR1732,           0,          1,            2,              0.0,               0.0,             0.0,               0.0,                 0.0,                0.0
MEB3004,           0,          1,            3,              0.0,               0.0,             0.0,               0.0,                 0.0,                0.0
NEH1185,           0,          1,            2,              0.0,               0.0,             0.0,               0.0,                 0.0,                0.0
PHO1937,           0,         87,           10,              0.0,               0.0,             0.0,               0.0,                 0.0,              168.0
OAP2825,           0,         76,           12,              0.0,               0.0,             0.0,             309.0,               787.0,              236.0
DKF2721,           0,          1,            3,              0.0,               0.0,             0.0,               0.0,                 0.0,               36.0
ZGP2957,           0,         29,           11,              0.0,               0.0,             0.0,               0.0,                 0.0,              274.0
CAP2283,           0,          1,            9,              0.0,               0.0,             0.0,               0.0,                 0.0,               61.0
DJC0073,           0,          1,            4,              0.0,               0.0,             0.0,               0.0,                 0.0,                0.0
ANB0938,           0,          1,            9,              0.0,               0.0,             0.0,               0.0,                 0.0,               32.0
SOB0089,           0,          1,            4,              0.0,               0.0,             0.0,             122.0,               203.0,               47.0
JBW0109,           0,         84,           23,              0.0,               0.0,             0.0,               0.0,                 0.0,               85.0
DAM2837,           0,          1,            4,              0.0,               0.0,             0.0,               0.0,                 0.0,                2.0
SSL2271,           0,        104,           11,              0.0,               0.0,             0.0,            1071.0,              1841.0,              376.0
DJF2329,           0,         84,           11,              0.0,               0.0,             0.0,             203.0,               340.0,              130.0
BJF0511,           0,          1,           16,              0.0,               0.0,             0.0,               0.0,                 0.0,               23.0
LTH1795,           0,         21,            9,              0.0,               0.0,             0.0,             113.0,               182.0,               89.0
ADH0975,           0,        109,           11,              0.0,               0.0,             0.0,               0.0,                 0.0,              200.0
CJJ1491,           0,          1,            3,              0.0,               0.0,             0.0,               0.0,                 0.0,               31.0
AEB1458,           0,          1,            4,              0.0,               0.0,             0.0,               0.0,                 0.0,              172.0
KPO3619,           0,          1,            4,              0.0,               0.0,             0.0,               0.0,                 0.0,                0.0
KJB0354,           0,         65,           24,              0.0,               0.0,             0.0,               0.0,                 0.0,              648.0
CMA2616,           0,          1,            2,              0.0,               0.0,             0.0,               0.0,                 0.0,                0.0
DNM2823,           0,          1,            8,              0.0,               0.0,             0.0,               0.0,                 0.0,                3.0
HWC3907,           0,          1,            2,              0.0,               0.0,             0.0,               0.0,                 0.0,                0.0
KTW3547,           0,          1,            2,              0.0,               0.0,             0.0,               0.0,                 0.0,               32.0
ARM0076,           0,          1,            3,              0.0,               0.0,             0.0,               0.0,                 0.0,                0.0
KTS3908,           0,          1,            2,              0.0,               0.0,             0.0,               0.0,                 0.0,               13.0
GAC2529,           0,          1,            4,              0.0,               0.0,             0.0,               0.0,                 0.0,                0.0
AWM2286,           0,         17,            9,              0.0,               0.0,             0.0,             600.0,              1050.0,              199.0
KCR0577,           0,          1,            9,              0.0,               0.0,             0.0,               0.0,                 0.0,              105.0
PFC3807,           0,          1,            3,              0.0,               0.0,             0.0,               0.0,                 0.0,               11.0
RAA3570,           0,         86,           10,              0.0,               0.0,             0.0,               0.0,                 0.0,               87.0
MRH2516,           0,          1,            9,              0.0,               0.0,             0.0,               0.0,                 0.0,               22.0
SRA3210,           0,        111,            9,              0.0,               0.0,             0.0,             455.0,               821.0,              112.0
PEV3531,           0,          1,            2,              0.0,               0.0,             0.0,               0.0,                 0.0,               76.0
TDJ3138,           0,          1,           10,              0.0,               0.0,             0.0,              43.0,                71.0,              519.0
FGS3275,           0,          1,            2,              0.0,               0.0,             0.0,               0.0,                 0.0,               15.0
AJH0279,           0,          1,            4,              0.0,               0.0,             0.0,               0.0,                 0.0,               38.0
EAP1555,           0,          1,            4,              0.0,               0.0,             0.0,               0.0,                 0.0,                0.0
EDV1427,           0,          1,            2,              0.0,               0.0,             0.0,               0.0,                 0.0,              639.0
SAM3782,           0,          1,            2,              0.0,               0.0,             0.0,               0.0,                 0.0,                0.0
MRS0368,           0,          1,            4,              0.0,               0.0,             0.0,            2649.0,              4635.0,              770.0
DBG3727,           0,          1,            4,              0.0,               0.0,             0.0,               0.0,                 0.0,                0.0
EDP1880,           0,          1,            2,              0.0,               0.0,             0.0,               0.0,                 0.0,               19.0
LCT2783,           0,          1,            4,              0.0,               0.0,             0.0,               0.0,                 0.0,                0.0
CAR2748,           0,          1,            4,              0.0,               0.0,             0.0,               0.0,                 0.0,               54.0
DLC2903,           0,          1,            3,              0.0,               0.0,             0.0,               0.0,                 0.0,                0.0
KKC2119,           0,          1,            3,              0.0,               0.0,             0.0,               0.0,                 0.0,                0.0
IDW1211,           0,          1,            4,              0.0,               0.0,             0.0,               0.0,                 0.0,               45.0
SCM3407,           0,         67,           24,              0.0,               0.0,             0.0,             541.0,              1194.0,              512.0
DJS1271,           0,          1,           10,              0.0,               0.0,             0.0,               0.0,                 0.0,               53.0
DRF3992,           0,          1,            2,              0.0,               0.0,             0.0,               0.0,                 0.0,               11.0
ICB3167,           0,          1,            2,              0.0,               0.0,             0.0,               0.0,                 0.0,                0.0
QBL1386,           0,          1,           10,              0.0,               0.0,             0.0,             866.0,              1906.0,              804.0
CLM1874,           0,          1,            2,              0.0,               0.0,             0.0,               0.0,                 0.0,                0.0
ZBH3422,           0,          1,            9,              0.0,               0.0,             0.0,               0.0,                 0.0,              124.0
SMC2898,           0,          1,           10,              0.0,               0.0,             0.0,               0.0,                 0.0,              207.0
CSB3932,           0,         22,           11,              0.0,               0.0,             0.0,              56.0,                98.0,               41.0
TAF0640,           0,          1,            4,              0.0,               0.0,             0.0,               0.0,                 0.0,               44.0
PRH1717,           0,          1,            4,              0.0,               0.0,             0.0,               0.0,                 0.0,               29.0
ABB0167,           0,          1,            2,              0.0,               0.0,             0.0,               0.0,                 0.0,               27.0
FCE0695,           0,          1,            2,              0.0,               0.0,             0.0,               0.0,                 0.0,                0.0
TPG2392,           0,          1,            2,              0.0,               0.0,             0.0,               0.0,                 0.0,              102.0
VDP0790,           0,          1,            2,              0.0,               0.0,             0.0,             370.0,               659.0,              125.0
JPH1129,           0,         43,            9,              0.0,               0.0,             0.0,               0.0,                 0.0,               19.0
DAM3359,           0,          1,            4,              0.0,               0.0,             0.0,               0.0,                 0.0,                0.0
BJA1137,           0,          1,            2,              0.0,               0.0,             0.0,               0.0,                 0.0,              103.0
RKH2877,           0,         18,           17,              0.0,               0.0,             0.0,              51.0,                96.0,               35.0
CAS3022,           0,          1,            4,              0.0,               0.0,             0.0,               0.0,                 0.0,                0.0
RDP2116,           0,          1,            5,              0.0,               0.0,             0.0,               0.0,                 0.0,               28.0
NCT0983,           0,          1,            3,              0.0,               0.0,             0.0,               0.0,                 0.0,               38.0
AKC3739,           0,          1,            4,              0.0,               0.0,             0.0,               0.0,                 0.0,              174.0
PDK3856,           0,          1,            4,              0.0,               0.0,             0.0,               0.0,                 0.0,                0.0
AME1361,           0,          1,            3,              0.0,               0.0,             0.0,               0.0,                 0.0,                0.0
BZS1344,           0,          1,            4,              0.0,               0.0,             0.0,               0.0,                 0.0,                0.0
MBS3902,           0,          1,            2,              0.0,               0.0,             0.0,               0.0,                 0.0,               32.0
ADV1640,           0,          1,            4,              0.0,               0.0,             0.0,               0.0,                 0.0,                0.0
GKL0006,           0,         60,           23,              0.0,               0.0,             0.0,             400.0,               736.0,              232.0
BRG3113,           0,          1,            3,              0.0,               0.0,             0.0,               0.0,                 0.0,               46.0
CAG0502,           0,          1,            2,              0.0,               0.0,             0.0,               0.0,                 0.0,               18.0
DBC1073,           0,          1,            4,              0.0,               0.0,             0.0,               0.0,                 0.0,               50.0
XPW2833,           0,          1,           21,              0.0,               0.0,             0.0,            2058.0,              3443.0,              558.0
JMB2246,           0,        114,           10,              0.0,               0.0,             0.0,             391.0,               688.0,              112.0
RSG0687,           0,         97,            9,              0.0,               0.0,             0.0,             902.0,              1522.0,              277.0
IJC2459,           0,          1,            3,              0.0,               0.0,             0.0,               0.0,                 0.0,               51.0
BEW1426,           0,          1,            4,              0.0,               0.0,             0.0,               0.0,                 0.0,                0.0
FNB1512,           0,          1,            3,              0.0,               0.0,             0.0,               0.0,                 0.0,                0.0
IAC3581,           0,          1,            8,              0.0,               0.0,             0.0,               0.0,                 0.0,               50.0
ABL0870,           0,          1,            2,              0.0,               0.0,             0.0,               0.0,                 0.0,                5.0
MLB1214,           0,          1,            4,              0.0,               0.0,             0.0,               0.0,                 0.0,                0.0
LAE1350,           0,          1,            4,              0.0,               0.0,             0.0,               0.0,                 0.0,               33.0
FQL3629,           0,          1,            4,              0.0,               0.0,             0.0,               0.0,                 0.0,                3.0
CDW0886,           0,          1,            2,              0.0,               0.0,             0.0,             131.0,               253.0,               81.0
GIS1668,           0,          1,            4,              0.0,               0.0,             0.0,               0.0,                 0.0,               75.0
MHA0667,           0,          1,            4,              0.0,               0.0,             0.0,               0.0,                 0.0,               27.0
RML2759,           0,         92,            8,              0.0,               0.0,             0.0,               0.0,                 0.0,               57.0
RBO0327,           0,          1,            2,              0.0,               0.0,             0.0,               0.0,                 0.0,               45.0
JCB2350,           0,          1,            2,              0.0,               0.0,             0.0,               0.0,                 0.0,               91.0
AUG2242,           0,          1,            4,              0.0,               0.0,             0.0,               0.0,                 0.0,                6.0
BMN3207,           0,          1,           17,              0.0,               0.0,             0.0,               0.0,                 0.0,               22.0
XGB1528,           0,          1,           10,              0.0,               0.0,             0.0,             445.0,               804.0,              147.0
KRL0467,           0,        919,           24,              0.0,               0.0,             0.0,               0.0,                 0.0,              100.0
BJR0940,           0,          1,            2,              0.0,               0.0,             0.0,               0.0,                 0.0,               17.0
BAC3730,           0,          1,            4,              0.0,               0.0,             0.0,               0.0,                 0.0,                0.0
BHC2344,           0,          1,            2,              0.0,               0.0,             0.0,               0.0,                 0.0,               17.0
ODW2194,           0,          1,            2,              0.0,               0.0,             0.0,               0.0,                 0.0,               11.0
EID1076,           0,          1,            8,              0.0,               0.0,             0.0,               0.0,                 0.0,               41.0
CGM3124,           0,          1,            6,              0.0,               0.0,             0.0,               0.0,                 0.0,                3.0
EKM0863,           0,          1,            3,              0.0,               0.0,             0.0,               0.0,                 0.0,                0.0
LQC3780,           0,          1,            4,              0.0,               0.0,             0.0,               0.0,                 0.0,                0.0
KKM0309,           0,          1,            2,              0.0,               0.0,             0.0,               0.0,                 0.0,                9.0
BKB0853,           0,          1,            8,              0.0,               0.0,             0.0,            1985.0,              3298.0,              563.0
BHC0492,           0,          1,            2,              0.0,               0.0,             0.0,               0.0,                 0.0,               45.0
LVK3180,           0,         10,           10,              0.0,               0.0,             0.0,               0.0,                 0.0,              167.0
BZH1158,           0,          1,            8,              0.0,               0.0,             0.0,               0.0,                 0.0,               98.0
HBC3497,           0,          1,            3,              0.0,               0.0,             0.0,               0.0,                 0.0,                0.0
CMM3753,           0,        112,           12,              0.0,               0.0,             0.0,               0.0,                 0.0,              255.0
GMC1209,           0,         51,           12,              0.0,               0.0,             0.0,               0.0,                 0.0,              210.0
MCN0985,           0,          1,            4,              0.0,               0.0,             0.0,               0.0,                 0.0,               30.0
JBH2559,           0,          1,            3,              0.0,               0.0,             0.0,               0.0,                 0.0,               60.0
PAB0879,           0,          1,            4,              0.0,               0.0,             0.0,               0.0,                 0.0,                0.0
ORH2010,           0,         30,           22,              0.0,               0.0,             0.0,               0.0,                 0.0,              143.0
IKG3154,           0,          1,            4,              0.0,               0.0,             0.0,               0.0,                 0.0,               61.0
MBH0476,           0,          1,            2,              0.0,               0.0,             0.0,               0.0,                 0.0,               50.0
JAC2001,           0,          1,            5,              0.0,               0.0,             0.0,               0.0,                 0.0,               60.0
BKF1545,           0,         72,           10,              0.0,               0.0,             0.0,               0.0,                 0.0,              136.0
JHC1809,           0,          1,            2,              0.0,               0.0,             0.0,               0.0,                 0.0,                0.0
JFB0961,           0,         16,           10,              0.0,               0.0,             0.0,               0.0,                 0.0,              847.0
MMJ3368,           0,          1,            4,              0.0,               0.0,             0.0,               0.0,                 0.0,               49.0
SWM0188,           0,         22,           11,              0.0,               0.0,             0.0,               0.0,                 0.0,               43.0
NRE1755,           0,          1,           10,              0.0,               0.0,             0.0,               0.0,                 0.0,              250.0
RCB2645,           0,          1,            4,              0.0,               0.0,             0.0,               0.0,                 0.0,               85.0
ANL3024,           0,         72,           24,              0.0,               0.0,             0.0,             483.0,               971.0,              166.0
RCJ0557,           0,          1,            2,              0.0,               0.0,             0.0,               0.0,                 0.0,               95.0
JFB2168,           0,         81,           10,              0.0,               0.0,             0.0,               0.0,                 0.0,               14.0
RMC2177,           0,          1,            2,              0.0,               0.0,             0.0,               0.0,                 0.0,                0.0
CTW2038,           0,          1,            7,              0.0,               0.0,             0.0,               0.0,                 0.0,                7.0
SDH1556,           0,          1,            4,              0.0,               0.0,             0.0,              84.0,               167.0,               37.0
RDE3239,           0,          1,            4,              0.0,               0.0,             0.0,               0.0,                 0.0,               52.0
GBJ3604,           0,          1,            3,              0.0,               0.0,             0.0,               0.0,                 0.0,               63.0
HHS3357,           0,          1,            4,              0.0,               0.0,             0.0,               0.0,                 0.0,                0.0
SDH2394,           0,         96,           13,              0.0,               0.0,             0.0,            5296.0,              6718.0,             1868.0
KMS0568,           0,          1,            4,              0.0,               0.0,             0.0,               0.0,                 0.0,               14.0
BOH1751,           0,          1,            4,              0.0,               0.0,             0.0,               0.0,                 0.0,               56.0
AAV3669,           0,          1,            4,              0.0,               0.0,             0.0,               0.0,                 0.0,               21.0
HSA2065,           0,         83,           24,              0.0,               0.0,             0.0,             240.0,               692.0,              628.0
CSB2910,           0,         43,           11,              0.0,               0.0,             0.0,               0.0,                 0.0,                2.0
CDL0867,           0,          1,            2,              0.0,               0.0,             0.0,               0.0,                 0.0,               11.0
JTV2654,           0,          1,           10,              0.0,               0.0,             0.0,               0.0,                 0.0,               33.0
KJH0588,           0,          1,            8,              0.0,               0.0,             0.0,               0.0,                 0.0,               34.0
KOW3756,           0,          7,            6,              0.0,               0.0,             0.0,               0.0,                 0.0,                4.0
RCM3458,           0,          1,            2,              0.0,               0.0,             0.0,               0.0,                 0.0,               16.0
BJH3402,           0,          1,            4,              0.0,               0.0,             0.0,               0.0,                 0.0,                0.0
LCW3879,           0,          1,            3,              0.0,               0.0,             0.0,               0.0,                 0.0,               65.0
SJT0698,           0,         85,            9,              0.0,               0.0,             0.0,               0.0,                 0.0,               34.0
UAD2700,           0,          1,            2,              0.0,               0.0,             0.0,               0.0,                 0.0,                0.0
FGK1026,           0,          1,            4,              0.0,               0.0,             0.0,               0.0,                 0.0,               56.0
CTC0421,           0,          1,            8,              0.0,               0.0,             0.0,              85.0,               175.0,               55.0
TSO3216,           0,         82,           12,              0.0,               0.0,             0.0,             121.0,               191.0,               83.0
MVW3821,           0,          1,            3,              0.0,               0.0,             0.0,               0.0,                 0.0,                0.0
RND1473,           0,          1,            3,              0.0,               0.0,             0.0,               0.0,                 0.0,                0.0
JKH3673,           0,          1,            8,              0.0,               0.0,             0.0,               0.0,                 0.0,               37.0
CAF3929,           0,          1,            8,              0.0,               0.0,             0.0,               0.0,                 0.0,               27.0
SAB2761,           0,          1,            3,              0.0,               0.0,             0.0,               0.0,                 0.0,                9.0
DAS1955,           0,          1,            2,              0.0,               0.0,             0.0,               0.0,                 0.0,                0.0
JJY3112,           0,          1,            3,              0.0,               0.0,             0.0,               0.0,                 0.0,               32.0
RSS3182,           0,         14,           10,              0.0,               0.0,             0.0,            1620.0,              2574.0,              404.0
SAP2173,           0,          1,            2,              0.0,               0.0,             0.0,               0.0,                 0.0,                0.0
MGM0569,           0,         40,           13,              0.0,               0.0,             0.0,               0.0,                 0.0,               83.0
BBM1701,           0,          1,            2,              0.0,               0.0,             0.0,               0.0,                 0.0,               19.0
HIA2415,           0,         45,           10,              0.0,               0.0,             0.0,               0.0,                 0.0,              161.0
AAF0819,           0,         32,           12,              0.0,               0.0,             0.0,            1036.0,              2003.0,              370.0
KEW1179,           0,          1,            4,              0.0,               0.0,             0.0,               0.0,                 0.0,               34.0
CJM2961,           0,          1,            4,              0.0,               0.0,             0.0,               0.0,                 0.0,                0.0
JMH1847,           0,         57,           12,              0.0,               0.0,             0.0,               0.0,                 0.0,              615.0
STC2042,           0,          1,            2,              0.0,               0.0,             0.0,               0.0,                 0.0,               35.0
SPM1684,           0,          1,            2,              0.0,               0.0,             0.0,               0.0,                 0.0,               14.0
TBD2008,           0,          6,            4,              0.0,               0.0,             0.0,             210.0,               393.0,              110.0
NHS3981,           0,          1,            3,              0.0,               0.0,             0.0,               0.0,                 0.0,                0.0
FAJ0523,           0,          1,           24,              0.0,               0.0,             0.0,             619.0,              1510.0,              430.0
JPS2432,           0,        963,           24,              0.0,               0.0,             0.0,               0.0,                 0.0,                0.0
NUK1513,           0,         46,           11,              0.0,               0.0,             0.0,               0.0,                 0.0,               35.0
KNH0316,           0,          1,            3,              0.0,               0.0,             0.0,               0.0,                 0.0,               52.0
AAS2987,           0,          1,            2,              0.0,               0.0,             0.0,               0.0,                 0.0,              149.0
LCP0572,           0,          1,            4,              0.0,               0.0,             0.0,               0.0,                 0.0,                0.0
CBW2427,           0,        928,           24,              0.0,               0.0,             0.0,               0.0,                 0.0,               71.0
ZSW2155,           0,          1,            4,              0.0,               0.0,             0.0,               0.0,                 0.0,                0.0
DTC2566,           0,         84,           11,              0.0,               0.0,             0.0,               0.0,                 0.0,               55.0
MAB1775,           0,        963,           24,              0.0,               0.0,             0.0,             870.0,              1401.0,              322.0
WPR1884,           0,          1,            3,              0.0,               0.0,             0.0,               0.0,                 0.0,               90.0
AKK2125,           0,         23,            5,              0.0,               0.0,             0.0,               0.0,                 0.0,               23.0
BHK2196,           0,          1,            2,              0.0,               0.0,             0.0,               0.0,                 0.0,               12.0
SLC1588,           0,          1,            3,              0.0,               0.0,             0.0,             108.0,               194.0,               64.0
BBA1230,           0,         80,           11,              0.0,               0.0,             0.0,             380.0,               941.0,              609.0
KBP2753,           0,          1,            3,              0.0,               0.0,             0.0,               0.0,                 0.0,               38.0
GLM3450,           0,          1,            2,              0.0,               0.0,             0.0,               0.0,                 0.0,                0.0
BNH2692,           0,         99,           13,              0.0,               0.0,             0.0,               0.0,                 0.0,              115.0
MHS1125,           0,          1,            2,              0.0,               0.0,             0.0,               0.0,                 0.0,               26.0
QSB1577,           0,         96,           14,              0.0,               0.0,             0.0,               0.0,                 0.0,               28.0
ARZ3464,           0,         24,           10,              0.0,               0.0,             0.0,             388.0,               756.0,              447.0
OXS0363,           0,          1,            3,              0.0,               0.0,             0.0,               0.0,                 0.0,                0.0
IAA3012,           0,          1,            4,              0.0,               0.0,             0.0,               0.0,                 0.0,               25.0
CWC0490,           0,         39,           11,              0.0,               0.0,             0.0,               0.0,                 0.0,              101.0
DWK2099,           0,          1,           10,              0.0,               0.0,             0.0,               0.0,                 0.0,               20.0
NCS0425,           0,          1,            3,              0.0,               0.0,             0.0,               0.0,                 0.0,               21.0
KAP0844,           0,          1,            4,              0.0,               0.0,             0.0,               0.0,                 0.0,                0.0
WHH2938,           0,          1,            4,              0.0,               0.0,             0.0,               0.0,                 0.0,               21.0
BAB1619,           0,        110,           24,              0.0,               0.0,             0.0,             496.0,               964.0,              366.0
LAV1050,           0,        723,           24,              0.0,               0.0,             0.0,               0.0,                 0.0,              112.0
RAS3446,           0,          1,            4,              0.0,               0.0,             0.0,               0.0,                 0.0,                0.0
VYP0637,           0,         11,            5,              0.0,               0.0,             0.0,             593.0,               995.0,              164.0
AIJ0383,           0,          1,           10,              0.0,               0.0,             0.0,               0.0,                 0.0,              170.0
MDO0606,           0,         26,           24,              0.0,               0.0,             0.0,             125.0,               208.0,               54.0
MSS3335,           0,          1,            5,              0.0,               0.0,             0.0,               0.0,                 0.0,               38.0
RVV0317,           0,         28,           13,              0.0,               0.0,             0.0,             228.0,               425.0,               90.0
ICL0565,           0,          1,            4,              0.0,               0.0,             0.0,               0.0,                 0.0,               69.0
SGW0112,           0,         16,           11,              0.0,               0.0,             0.0,               0.0,                 0.0,              354.0
HCR1322,           0,          1,           10,              0.0,               0.0,             0.0,               0.0,                 0.0,               86.0
HGH0727,           0,          1,            3,              0.0,               0.0,             0.0,             314.0,               596.0,               99.0
NRT1320,           0,          1,           10,              0.0,               0.0,             0.0,             197.0,               358.0,              515.0
TKM2494,           0,          1,            4,              0.0,               0.0,             0.0,               0.0,                 0.0,                0.0
MLC3482,           0,         79,           10,              0.0,               0.0,             0.0,               0.0,                 0.0,                8.0
SNM1696,           0,          1,            2,              0.0,               0.0,             0.0,               0.0,                 0.0,               34.0
MTW3317,           0,          1,            4,              0.0,               0.0,             0.0,               0.0,                 0.0,                0.0
CAG3622,           0,          1,            3,              0.0,               0.0,             0.0,               0.0,                 0.0,               11.0
AIV3936,           0,          1,           10,              0.0,               0.0,             0.0,               0.0,                 0.0,               14.0
SCB2814,           0,          1,           10,              0.0,               0.0,             0.0,               0.0,                 0.0,                6.0
JIR2594,           0,         37,           12,              0.0,               0.0,             0.0,             113.0,               195.0,              578.0
CSS1313,           0,          1,           15,              0.0,               0.0,             0.0,               0.0,                 0.0,               39.0
DBH1596,           0,         88,           10,              0.0,               0.0,             0.0,             417.0,               729.0,              135.0
KBM3734,           0,         91,           24,              0.0,               0.0,             0.0,            1569.0,              3379.0,             1360.0
MET1881,           0,         21,           10,              0.0,               0.0,             0.0,             174.0,               170.0,              600.0
QIS2940,           0,          1,            4,              0.0,               0.0,             0.0,             213.0,               391.0,              123.0
CAB3121,           0,          1,            3,              0.0,               0.0,             0.0,               0.0,                 0.0,               97.0
HRK2972,           0,          1,            2,              0.0,               0.0,             0.0,               0.0,                 0.0,                6.0
MCW2546,           0,          1,            4,              0.0,               0.0,             0.0,               0.0,                 0.0,                0.0
MHB0845,           0,          1,            4,              0.0,               0.0,             0.0,               0.0,                 0.0,               20.0
EGD3972,           0,         25,           11,              0.0,               0.0,             0.0,            1864.0,              3130.0,              511.0
CMW0437,           0,        101,           11,              0.0,               0.0,             0.0,               0.0,                 0.0,               76.0
PCC0604,           0,          1,            4,              0.0,               0.0,             0.0,               0.0,                 0.0,                0.0
FCM3792,           0,          1,            2,              0.0,               0.0,             0.0,               0.0,                 0.0,              141.0
TMV0868,           0,         90,           17,              0.0,               0.0,             0.0,               0.0,                 0.0,               19.0
BGH2861,           0,          1,            4,              0.0,               0.0,             0.0,               0.0,                 0.0,                0.0
AHH0495,           0,          1,            7,              0.0,               0.0,             0.0,               0.0,                 0.0,               30.0
CCN2726,           0,         12,           13,              0.0,               0.0,             0.0,             138.0,               228.0,               73.0
ZAW2012,           0,          1,            2,              0.0,               0.0,             0.0,               0.0,                 0.0,               61.0
MZG2261,           0,          1,            2,              0.0,               0.0,             0.0,               0.0,                 0.0,               68.0
AVT0526,           0,          1,            2,              0.0,               0.0,             0.0,               0.0,                 0.0,               73.0
LNP3092,           0,          1,           10,              0.0,               0.0,             0.0,               0.0,                 0.0,              607.0
LMM3366,           0,         18,           12,              0.0,               0.0,             0.0,             911.0,              1279.0,             1007.0
DJP3230,           0,          1,            2,              0.0,               0.0,             0.0,               0.0,                 0.0,                0.0
OAG1468,           0,          1,            3,              0.0,               0.0,             0.0,               0.0,                 0.0,                0.0
KNW1321,           0,          1,           10,              0.0,               0.0,             0.0,               0.0,                 0.0,              228.0
NBL2243,           0,          1,            4,              0.0,               0.0,             0.0,               0.0,                 0.0,               16.0
STN2458,           0,          1,            7,              0.0,               0.0,             0.0,               0.0,                 0.0,                5.0
SBS1606,           0,          1,            4,              0.0,               0.0,             0.0,               0.0,                 0.0,                0.0
AAM0729,           0,          1,            3,              0.0,               0.0,             0.0,               0.0,                 0.0,               16.0
HSF1454,           0,          1,            4,              0.0,               0.0,             0.0,               0.0,                 0.0,                0.0
GAH0525,           0,         79,            9,              0.0,               0.0,             0.0,             599.0,              1090.0,              173.0
CRL3842,           0,          1,            2,              0.0,               0.0,             0.0,               0.0,                 0.0,                0.0
DKP0671,           0,          1,           10,              0.0,               0.0,             0.0,               0.0,                 0.0,              214.0
NSC1741,           0,          1,            2,              0.0,               0.0,             0.0,               0.0,                 0.0,               51.0
BAG2641,           0,         99,           24,              0.0,               0.0,             0.0,             188.0,               318.0,              135.0
CSW3811,           0,          1,            2,              0.0,               0.0,             0.0,               0.0,                 0.0,                0.0
JJH0681,           0,         68,           22,              0.0,               0.0,             0.0,               0.0,                 0.0,               75.0
APS3701,           0,          1,            4,              0.0,               0.0,             0.0,               0.0,                 0.0,                0.0
BRC3949,           0,          1,            4,              0.0,               0.0,             0.0,               0.0,                 0.0,               18.0
CLR2407,           0,         78,           11,              0.0,               0.0,             0.0,             238.0,               432.0,               60.0
LRS2996,           0,         47,           20,              0.0,               0.0,             0.0,            2868.0,              4967.0,              786.0
NVL2180,           0,          1,            2,              0.0,               0.0,             0.0,             245.0,               451.0,              165.0
SEM2492,           0,          1,            2,              0.0,               0.0,             0.0,               0.0,                 0.0,               49.0
JFG1049,           0,        983,           24,              0.0,               0.0,             0.0,               0.0,                 0.0,               25.0
RJD2647,           0,          1,            4,              0.0,               0.0,             0.0,               0.0,                 0.0,               37.0
ETA0791,           0,          1,            2,              0.0,               0.0,             0.0,               0.0,                 0.0,                0.0
BSM2844,           0,          1,            4,              0.0,               0.0,             0.0,            2748.0,              4627.0,              770.0
ANB2766,           0,         18,            8,              0.0,               0.0,             0.0,              75.0,               161.0,              250.0
JMR3367,           0,          1,            4,              0.0,               0.0,             0.0,               0.0,                 0.0,                0.0
LRL1316,           0,          1,           10,              0.0,               0.0,             0.0,               0.0,                 0.0,              127.0
SLS2992,           0,          1,            3,              0.0,               0.0,             0.0,               0.0,                 0.0,                0.0
DKM2980,           0,          1,            3,              0.0,               0.0,             0.0,               0.0,                 0.0,                9.0
PLM3935,           0,          1,            4,              0.0,               0.0,             0.0,               0.0,                 0.0,                0.0
PPT3162,           0,          1,            4,              0.0,               0.0,             0.0,               0.0,                 0.0,               15.0
IBV1578,           0,          1,            9,              0.0,               0.0,             0.0,             125.0,               192.0,               27.0
BMV1886,           0,          1,            4,              0.0,               0.0,             0.0,               0.0,                 0.0,                9.0
CLM2776,           0,         27,           12,              0.0,               0.0,             0.0,               0.0,                 0.0,               12.0
LZM0306,           0,         44,            9,              0.0,               0.0,             0.0,             188.0,               415.0,               99.0
RHR2835,           0,         62,           12,              0.0,               0.0,             0.0,               0.0,                 0.0,               97.0
WRW2331,           0,         94,           24,              0.0,               0.0,             0.0,              43.0,                89.0,              108.0
TFH0544,           0,        101,           10,              0.0,               0.0,             0.0,             470.0,               797.0,              145.0
ACS0128,           0,         16,           20,              0.0,               0.0,             0.0,               0.0,                 0.0,               46.0
VGM2096,           0,          1,            2,              0.0,               0.0,             0.0,               0.0,                 0.0,                0.0
IMM2118,           0,          1,            3,              0.0,               0.0,             0.0,               0.0,                 0.0,              178.0
WTF0449,           0,          1,            3,              0.0,               0.0,             0.0,               0.0,                 0.0,               34.0
OLR2564,           0,          1,            2,              0.0,               0.0,             0.0,               0.0,                 0.0,                0.0
VJK1327,           0,          1,            4,              0.0,               0.0,             0.0,               0.0,                 0.0,              165.0
MLJ1461,           0,         26,           11,              0.0,               0.0,             0.0,               0.0,                 0.0,              337.0
CKH2797,           0,          1,            3,              0.0,               0.0,             0.0,               0.0,                 0.0,               12.0
GRG3005,           0,          1,            2,              0.0,               0.0,             0.0,               0.0,                 0.0,               65.0
APD0381,           0,          1,            4,              0.0,               0.0,             0.0,               0.0,                 0.0,               33.0
GAW0808,           0,          1,            3,              0.0,               0.0,             0.0,               0.0,                 0.0,               26.0
JME0387,           0,          1,            9,              0.0,               0.0,             0.0,             252.0,               254.0,              171.0
BUS2399,           0,         91,           12,              0.0,               0.0,             0.0,               0.0,                 0.0,               28.0
YRA3503,           0,          1,            3,              0.0,               0.0,             0.0,               0.0,                 0.0,               35.0
WMR2685,           0,          1,           10,              0.0,               0.0,             0.0,               0.0,                 0.0,               58.0
ADP1625,           0,         73,           24,              0.0,               0.0,             0.0,               0.0,                 0.0,               13.0
AMM0734,           0,          1,            2,              0.0,               0.0,             0.0,               0.0,                 0.0,               51.0
VKM2949,           0,         17,           24,              0.0,               0.0,             0.0,             378.0,               691.0,              990.0
SKS0339,           0,         37,           10,              0.0,               0.0,             0.0,             763.0,              1988.0,              350.0
CDM0538,           0,         65,           10,              0.0,               0.0,             0.0,             253.0,               487.0,              131.0
NGR2884,           0,         57,           11,              0.0,               0.0,             0.0,               0.0,                 0.0,               76.0
BCB2676,           0,          1,            4,              0.0,               0.0,             0.0,               0.0,                 0.0,                0.0
ARG3554,           0,          1,            2,              0.0,               0.0,             0.0,               0.0,                 0.0,               67.0
AFP2709,           0,          1,            9,              0.0,               0.0,             0.0,             505.0,               883.0,              143.0
HCO3108,           0,          1,            4,              0.0,               0.0,             0.0,               0.0,                 0.0,               41.0
HMM2768,           0,         19,            8,              0.0,               0.0,             0.0,             232.0,               396.0,               99.0
SCH3716,           0,          1,            4,              0.0,               0.0,             0.0,               0.0,                 0.0,               85.0
CVB2703,           0,         89,            9,              0.0,               0.0,             0.0,               0.0,                 0.0,              853.0
AWW0254,           0,          1,            4,              0.0,               0.0,             0.0,               0.0,                 0.0,                0.0
RAB1712,           0,          1,            2,              0.0,               0.0,             0.0,               0.0,                 0.0,              151.0
SWG2200,           0,          1,            2,              0.0,               0.0,             0.0,               0.0,                 0.0,                9.0
KJR1377,           0,         84,           10,              0.0,               0.0,             0.0,               0.0,                 0.0,              680.0
JGR3914,           0,         47,           10,              0.0,               0.0,             0.0,              42.0,                64.0,               78.0
CKG1972,           0,          1,            4,              0.0,               0.0,             0.0,               0.0,                 0.0,               16.0
MLM2021,           0,          1,            6,              0.0,               0.0,             0.0,               0.0,                 0.0,               28.0
KAH3247,           0,          1,            7,              0.0,               0.0,             0.0,               0.0,                 0.0,              215.0
EIR1046,           0,        965,           24,              0.0,               0.0,             0.0,               0.0,                 0.0,              653.0
BDU0497,           0,          1,            2,              0.0,               0.0,             0.0,               0.0,                 0.0,               33.0
CAR2244,           0,         50,           10,              0.0,               0.0,             0.0,             417.0,               736.0,              123.0
GGM3737,           0,        110,           24,              0.0,               0.0,             0.0,             128.0,               231.0,               89.0
QBR2250,           0,          1,           10,              0.0,               0.0,             0.0,             237.0,               217.0,               58.0
TBM0932,           0,          1,            2,              0.0,               0.0,             0.0,               0.0,                 0.0,                6.0
NGH1256,           0,          1,            2,              0.0,               0.0,             0.0,               0.0,                 0.0,                0.0
HAM2252,           0,          1,            4,              0.0,               0.0,             0.0,               0.0,                 0.0,               18.0
BBP1093,           0,          1,            3,              0.0,               0.0,             0.0,               0.0,                 0.0,              100.0
JDS0516,           0,          1,            4,              0.0,               0.0,             0.0,               0.0,                 0.0,               54.0
COK3383,           0,          1,            4,              0.0,               0.0,             0.0,               0.0,                 0.0,                0.0
AME0732,           0,          1,            3,              0.0,               0.0,             0.0,               0.0,                 0.0,               12.0
FNR0635,           0,          1,            2,              0.0,               0.0,             0.0,               0.0,                 0.0,               14.0
TKK0628,           0,         22,           24,              0.0,               0.0,             0.0,               0.0,                 0.0,              404.0
RCW3692,           0,          1,            4,              0.0,               0.0,             0.0,               0.0,                 0.0,                8.0
RDB0702,           0,          1,            2,              0.0,               0.0,             0.0,               0.0,                 0.0,              138.0
SAC3963,           0,          1,            3,              0.0,               0.0,             0.0,               0.0,                 0.0,                0.0
MJW2032,           0,          4,            7,              0.0,               0.0,             0.0,               0.0,                 0.0,               44.0
MPY0478,           0,          1,            3,              0.0,               0.0,             0.0,               0.0,                 0.0,                0.0
CDM1097,           0,          1,            2,              0.0,               0.0,             0.0,               0.0,                 0.0,                9.0
ARW0818,           0,         26,           24,              0.0,               0.0,             0.0,               0.0,                 0.0,               35.0
RJB2622,           0,          1,            2,              0.0,               0.0,             0.0,               0.0,                 0.0,               29.0
PLJ3274,           0,          1,            2,              0.0,               0.0,             0.0,               0.0,                 0.0,                8.0
BKR3146,           0,          1,            4,              0.0,               0.0,             0.0,               0.0,                 0.0,               17.0
KBK3593,           0,         24,            9,              0.0,               0.0,             0.0,               0.0,                 0.0,               23.0
CNB1131,           0,         56,           23,              0.0,               0.0,             0.0,               0.0,                 0.0,              597.0
EHW2450,           0,          1,            4,              0.0,               0.0,             0.0,               0.0,                 0.0,               45.0
SAR1883,           0,          1,            4,              0.0,               0.0,             0.0,               0.0,                 0.0,                0.0
NHD2497,           0,          1,            7,              0.0,               0.0,             0.0,               0.0,                 0.0,              124.0
WBE0967,           0,          1,            3,              0.0,               0.0,             0.0,               0.0,                 0.0,                0.0
MFB0040,           0,          1,            2,              0.0,               0.0,             0.0,               0.0,                 0.0,              160.0
SDM2550,           0,          1,           10,              0.0,               0.0,             0.0,               0.0,                 0.0,               94.0
JUM0102,           0,          1,            2,              0.0,               0.0,             0.0,               0.0,                 0.0,                0.0
CMT0267,           0,          1,            4,              0.0,               0.0,             0.0,             498.0,              1490.0,              950.0
RKH1801,           0,          1,            3,              0.0,               0.0,             0.0,               0.0,                 0.0,               23.0
CCB0547,           0,          1,            7,              0.0,               0.0,             0.0,               0.0,                 0.0,              137.0
BJP0186,           0,          1,            4,              0.0,               0.0,             0.0,               0.0,                 0.0,                0.0
VKT2228,           0,          1,            4,              0.0,               0.0,             0.0,               0.0,                 0.0,                0.0
HQB3494,           0,         97,           12,              0.0,               0.0,             0.0,               0.0,                 0.0,               76.0
KCR2291,           0,         36,            9,              0.0,               0.0,             0.0,               0.0,                 0.0,               40.0
AKD0272,           0,         81,           23,              0.0,               0.0,             0.0,            2242.0,              3624.0,              609.0
TKE3293,           0,         33,           24,              0.0,               0.0,             0.0,              90.0,               154.0,              102.0
EDF2361,           0,         53,           11,              0.0,               0.0,             0.0,             170.0,               314.0,               67.0
RAC0362,           0,          1,            3,              0.0,               0.0,             0.0,               0.0,                 0.0,                0.0
KCH3095,           0,         71,           12,              0.0,               0.0,             0.0,              55.0,               105.0,              491.0
RFS2923,           0,          1,            4,              0.0,               0.0,             0.0,               0.0,                 0.0,               28.0
EIF1865,           0,          1,            2,              0.0,               0.0,             0.0,               0.0,                 0.0,               53.0
ESS3341,           0,        100,           12,              0.0,               0.0,             0.0,             471.0,               904.0,              253.0
QAH1315,           0,         16,           24,              0.0,               0.0,             0.0,            1559.0,              1160.0,              309.0
SOK1299,           0,          1,            4,              0.0,               0.0,             0.0,               0.0,                 0.0,               11.0
ENH3969,           0,         16,           14,              0.0,               0.0,             0.0,               0.0,                 0.0,                7.0
MLV3376,           0,         23,           12,              0.0,               0.0,             0.0,               0.0,                 0.0,              252.0
DTW3549,           0,          1,            2,              0.0,               0.0,             0.0,               0.0,                 0.0,               24.0
KQW0164,           0,          1,            2,              0.0,               0.0,             0.0,               0.0,                 0.0,               59.0
LLJ1243,           0,          1,            4,              0.0,               0.0,             0.0,               0.0,                 0.0,               30.0
ACN2347,           0,         97,           11,              0.0,               0.0,             0.0,               0.0,                 0.0,               48.0
JIN3522,           0,         17,           10,              0.0,               0.0,             0.0,               0.0,                 0.0,               13.0
JHF1278,           0,         25,           11,              0.0,               0.0,             0.0,               0.0,                 0.0,              462.0
CPR1800,           0,          1,            3,              0.0,               0.0,             0.0,               0.0,                 0.0,               42.0
KLZ0507,           0,          1,            2,              0.0,               0.0,             0.0,               0.0,                 0.0,               59.0
JWW2765,           0,          1,            3,              0.0,               0.0,             0.0,               0.0,                 0.0,                0.0
WOV3040,           0,        808,           24,              0.0,               0.0,             0.0,               0.0,                 0.0,              131.0
ADM1894,           0,         83,           11,              0.0,               0.0,             0.0,               0.0,                 0.0,              109.0
EAM3642,           0,          1,            2,              0.0,               0.0,             0.0,               0.0,                 0.0,                0.0
KGB0500,           0,          1,            2,              0.0,               0.0,             0.0,               0.0,                 0.0,                0.0
NAH3759,           0,         21,           12,              0.0,               0.0,             0.0,               0.0,                 0.0,              217.0
YOH1176,           0,          1,            8,              0.0,               0.0,             0.0,               0.0,                 0.0,               11.0
NSM2805,           0,          1,            4,              0.0,               0.0,             0.0,               0.0,                 0.0,               45.0
ACF1806,           0,          1,            7,              0.0,               0.0,             0.0,             951.0,              1586.0,              263.0
DBV2736,           0,          1,            4,              0.0,               0.0,             0.0,               0.0,                 0.0,               39.0
IEG2687,           0,        111,           24,              0.0,               0.0,             0.0,               0.0,                 0.0,              107.0
SKE3262,           0,         15,            9,              0.0,               0.0,             0.0,               0.0,                 0.0,               65.0
TAB1870,           0,         82,           10,              0.0,               0.0,             0.0,             625.0,              1559.0,              794.0
DNB2574,           0,          1,           15,              0.0,               0.0,             0.0,               0.0,                 0.0,               36.0
RRH3057,           0,         29,           24,              0.0,               0.0,             0.0,               0.0,                 0.0,              380.0
WNW2002,           0,          1,            4,              0.0,               0.0,             0.0,             448.0,               842.0,              144.0
HBC1540,           0,          1,            2,              0.0,               0.0,             0.0,               0.0,                 0.0,                0.0
DRF1498,           0,         76,           11,              0.0,               0.0,             0.0,               0.0,                 0.0,                1.0
SAH2292,           0,          1,            4,              0.0,               0.0,             0.0,               0.0,                 0.0,                0.0
FKA0393,           0,          1,            3,              0.0,               0.0,             0.0,               0.0,                 0.0,               24.0
CJH2921,           0,          1,            4,              0.0,               0.0,             0.0,               0.0,                 0.0,               12.0
SBM2719,           0,          1,            2,              0.0,               0.0,             0.0,               0.0,                 0.0,               65.0
MWK3854,           0,          1,            4,              0.0,               0.0,             0.0,               0.0,                 0.0,                0.0
CMH2342,           0,         89,           24,              0.0,               0.0,             0.0,             423.0,               773.0,              186.0
QFP3467,           0,         17,           10,              0.0,               0.0,             0.0,             194.0,               373.0,               67.0
CQC0997,           0,          1,            4,              0.0,               0.0,             0.0,               0.0,                 0.0,                0.0
AJH3517,           0,          1,            4,              0.0,               0.0,             0.0,               0.0,                 0.0,              107.0
BGA0892,           0,          1,            2,              0.0,               0.0,             0.0,               0.0,                 0.0,                0.0
HGJ2592,           0,         68,           24,              0.0,               0.0,             0.0,            2904.0,              4820.0,              726.0
GYH3476,           0,         23,            9,              0.0,               0.0,             0.0,            2626.0,              4771.0,              813.0
DHC1989,           0,          1,            3,              0.0,               0.0,             0.0,               0.0,                 0.0,                0.0
RHB1721,           0,          1,            3,              0.0,               0.0,             0.0,               0.0,                 0.0,                0.0
OGW0251,           0,          1,            4,              0.0,               0.0,             0.0,               0.0,                 0.0,                0.0
ABH0349,           0,         57,           10,              0.0,               0.0,             0.0,             591.0,              1396.0,              243.0
BBH2509,           0,          1,            7,              0.0,               0.0,             0.0,               0.0,                 0.0,               71.0
KSO2224,           0,          1,           10,              0.0,               0.0,             0.0,               0.0,                 0.0,                2.0
CDM2075,           0,          1,            4,              0.0,               0.0,             0.0,               0.0,                 0.0,               13.0
SQC2334,           0,          1,            9,              0.0,               0.0,             0.0,               0.0,                 0.0,              135.0
JSB0783,           0,        105,           12,              0.0,               0.0,             0.0,               0.0,                 0.0,               47.0
HJR3540,           0,          1,            3,              0.0,               0.0,             0.0,               0.0,                 0.0,                0.0
ABP2003,           0,          1,            3,              0.0,               0.0,             0.0,               0.0,                 0.0,               42.0
LYS3814,           0,         91,           22,              0.0,               0.0,             0.0,              35.0,                67.0,               30.0
MBA1797,           0,          1,            7,              0.0,               0.0,             0.0,               0.0,                 0.0,                3.0
BQK2024,           0,        104,           11,              0.0,               0.0,             0.0,               0.0,                 0.0,              507.0
MMM2156,           0,          1,            4,              0.0,               0.0,             0.0,               0.0,                 0.0,                1.0
TQR3104,           0,          1,            3,              0.0,               0.0,             0.0,               0.0,                 0.0,                0.0
XUC1092,           0,          1,            4,              0.0,               0.0,             0.0,             289.0,               512.0,               85.0
FDV1224,           0,          1,            2,              0.0,               0.0,             0.0,            1008.0,              1657.0,              264.0
FDM1933,           0,          1,            3,              0.0,               0.0,             0.0,               0.0,                 0.0,               53.0
CBL3631,           0,        104,           12,              0.0,               0.0,             0.0,               0.0,                 0.0,               20.0
LFF1887,           0,          1,            3,              0.0,               0.0,             0.0,               0.0,                 0.0,               72.0
ATT0293,           0,         21,           10,              0.0,               0.0,             0.0,               0.0,                 0.0,              449.0
EFJ1685,           0,          1,            4,              0.0,               0.0,             0.0,               0.0,                 0.0,                0.0
AOM1457,           0,         22,           11,              0.0,               0.0,             0.0,            2052.0,              3515.0,              580.0
GDH2500,           0,         79,           24,              0.0,               0.0,             0.0,             331.0,               344.0,              485.0
JSR3988,           0,          1,            2,              0.0,               0.0,             0.0,               0.0,                 0.0,                0.0
IOP1859,           0,          1,            2,              0.0,               0.0,             0.0,               0.0,                 0.0,               28.0
NJS2498,           0,          1,           14,              0.0,               0.0,             0.0,            3048.0,              5173.0,              794.0
CSV3305,           0,          1,            4,              0.0,               0.0,             0.0,               0.0,                 0.0,                4.0
EMR3880,           0,          1,           16,              0.0,               0.0,             0.0,               0.0,                 0.0,               14.0
ZAF3065,           0,          1,            3,              0.0,               0.0,             0.0,               0.0,                 0.0,               62.0
MFW0646,           0,          1,            4,              0.0,               0.0,             0.0,               0.0,                 0.0,               96.0
GYM1926,           0,          1,            4,              0.0,               0.0,             0.0,               0.0,                 0.0,               52.0
DFC3287,           0,          1,            3,              0.0,               0.0,             0.0,               0.0,                 0.0,               10.0
CAP1971,           0,          1,            3,              0.0,               0.0,             0.0,               0.0,                 0.0,              125.0
HBH2368,           0,          1,            7,              0.0,               0.0,             0.0,               0.0,                 0.0,               44.0
VIB2070,           0,          1,            7,              0.0,               0.0,             0.0,               0.0,                 0.0,               91.0
NHE3204,           0,          1,            4,              0.0,               0.0,             0.0,               0.0,                 0.0,                0.0
BKM3611,           0,         69,           10,              0.0,               0.0,             0.0,               0.0,                 0.0,               30.0
DAM2705,           0,          1,            2,              0.0,               0.0,             0.0,               0.0,                 0.0,               66.0
KNM0423,           0,          1,            3,              0.0,               0.0,             0.0,               0.0,                 0.0,                0.0
MDH3639,           0,          1,            2,              0.0,               0.0,             0.0,               0.0,                 0.0,                5.0
BRN3289,           0,          1,            2,              0.0,               0.0,             0.0,               0.0,                 0.0,                0.0
BGA2301,           0,          1,            9,              0.0,               0.0,             0.0,               0.0,                 0.0,               54.0
SAB0817,           0,         20,           11,              0.0,               0.0,             0.0,             230.0,               409.0,              101.0
SJY3732,           0,          1,            4,              0.0,               0.0,             0.0,               0.0,                 0.0,               60.0
TFB1229,           0,          1,            3,              0.0,               0.0,             0.0,               0.0,                 0.0,               22.0
MFK0902,           0,         12,           18,              0.0,               0.0,             0.0,             142.0,               225.0,               51.0
MSH1269,           0,          1,            4,              0.0,               0.0,             0.0,               0.0,                 0.0,               93.0
AMA2808,           0,          1,           20,              0.0,               0.0,             0.0,               0.0,                 0.0,               18.0
PMG1376,           0,          1,            3,              0.0,               0.0,             0.0,               0.0,                 0.0,               13.0
TNV3213,           0,         34,            9,              0.0,               0.0,             0.0,               0.0,                 0.0,              286.0
PTO1063,           0,        930,           24,              0.0,               0.0,             0.0,               0.0,                 0.0,                0.0
DOM0586,           0,          1,            2,              0.0,               0.0,             0.0,              51.0,                85.0,               24.0
KLP3864,           0,          1,           19,              0.0,               0.0,             0.0,             982.0,              1653.0,              270.0
JHK3122,           0,         11,           22,              0.0,               0.0,             0.0,            2843.0,              4922.0,              846.0
BAV0390,           0,          1,            3,              0.0,               0.0,             0.0,               0.0,                 0.0,               32.0
DFH1681,           0,          1,            2,              0.0,               0.0,             0.0,               0.0,                 0.0,                0.0
LLG2714,           0,          1,            2,              0.0,               0.0,             0.0,               0.0,                 0.0,                0.0
TIJ1817,           0,        150,           24,              0.0,               0.0,             0.0,               0.0,                 0.0,              556.0
CAF1331,           0,          1,            4,              0.0,               0.0,             0.0,               0.0,                 0.0,               41.0
VFM3223,           0,         66,           12,              0.0,               0.0,             0.0,               0.0,                 0.0,              119.0
NQO2712,           0,         42,            9,              0.0,               0.0,             0.0,            3010.0,              5020.0,              785.0
LBB0453,           0,         30,            7,              0.0,               0.0,             0.0,               0.0,                 0.0,               86.0
FXD3105,           0,        110,           11,              0.0,               0.0,             0.0,               0.0,                 0.0,               71.0
AKB3530,           0,          1,            7,              0.0,               0.0,             0.0,              38.0,                69.0,               27.0
CYO1575,           0,        107,           14,              0.0,               0.0,             0.0,               0.0,                 0.0,               13.0
EVO1522,           0,          1,            4,              0.0,               0.0,             0.0,               0.0,                 0.0,                3.0
FKJ1521,           0,          1,            3,              0.0,               0.0,             0.0,               0.0,                 0.0,                9.0
HDC2132,           0,          1,            3,              0.0,               0.0,             0.0,               0.0,                 0.0,                0.0
ANK0777,           0,          1,            4,              0.0,               0.0,             0.0,               0.0,                 0.0,                0.0
BAW0780,           0,          1,           10,              0.0,               0.0,             0.0,               0.0,                 0.0,               39.0
VKE0655,           0,          1,            3,              0.0,               0.0,             0.0,               0.0,                 0.0,               35.0
CMS2897,           0,         71,           24,              0.0,               0.0,             0.0,               0.0,                 0.0,               43.0
ICH2378,           0,         12,           19,              0.0,               0.0,             0.0,             131.0,               243.0,               55.0
CIT0310,           0,          1,            3,              0.0,               0.0,             0.0,               0.0,                 0.0,                4.0
JHM0583,           0,         75,           11,              0.0,               0.0,             0.0,               0.0,                 0.0,              219.0
AMH3562,           0,          1,            3,              0.0,               0.0,             0.0,               0.0,                 0.0,               28.0
CUP2764,           0,          1,            2,              0.0,               0.0,             0.0,               0.0,                 0.0,                0.0
SAB3286,           0,        100,           12,              0.0,               0.0,             0.0,               0.0,                 0.0,               27.0
CJT1106,           0,          1,            3,              0.0,               0.0,             0.0,               0.0,                 0.0,               54.0
JBM3933,           0,         58,           11,              0.0,               0.0,             0.0,               0.0,                 0.0,                3.0
FVR0881,           0,         92,           10,              0.0,               0.0,             0.0,             304.0,               511.0,              150.0
VEW0278,           0,          1,            4,              0.0,               0.0,             0.0,             794.0,              1413.0,              272.0
KAH2460,           0,          1,            3,              0.0,               0.0,             0.0,               0.0,                 0.0,               42.0
AJP1199,           0,         26,            8,              0.0,               0.0,             0.0,               0.0,                 0.0,               23.0
HCB1643,           0,          1,           10,              0.0,               0.0,             0.0,               0.0,                 0.0,               23.0
BKW1032,           0,          1,            2,              0.0,               0.0,             0.0,               0.0,                 0.0,               55.0
OSC1925,           0,         67,           11,              0.0,               0.0,             0.0,            3019.0,              4842.0,              825.0
DOT1898,           0,          1,            4,              0.0,               0.0,             0.0,            3111.0,              3989.0,              705.0
NCM3725,           0,          1,            4,              0.0,               0.0,             0.0,               0.0,                 0.0,               64.0
NDA0536,           0,          1,            3,              0.0,               0.0,             0.0,               0.0,                 0.0,                0.0
GDG2354,           0,          1,            4,              0.0,               0.0,             0.0,               0.0,                 0.0,               19.0
AGE1244,           0,          1,            4,              0.0,               0.0,             0.0,               0.0,                 0.0,               41.0
GDM3835,           0,          1,            2,              0.0,               0.0,             0.0,               0.0,                 0.0,               57.0
FAL1867,           0,          1,            9,              0.0,               0.0,             0.0,            3044.0,              5018.0,              811.0
HDG2848,           0,          1,           10,              0.0,               0.0,             0.0,               0.0,                 0.0,               11.0
HEW2164,           0,          1,            4,              0.0,               0.0,             0.0,               0.0,                 0.0,                0.0
KMR0682,           0,          1,            2,              0.0,               0.0,             0.0,             239.0,               136.0,              249.0
ECA1221,           0,          1,            3,              0.0,               0.0,             0.0,               0.0,                 0.0,                0.0
ARC1725,           0,         29,           11,              0.0,               0.0,             0.0,               0.0,                 0.0,               56.0
DRK3644,           0,          1,            2,              0.0,               0.0,             0.0,               0.0,                 0.0,                7.0
TAB0684,           0,         83,           23,              0.0,               0.0,             0.0,               0.0,                 0.0,              563.0
NJG2979,           0,          1,            2,              0.0,               0.0,             0.0,               0.0,                 0.0,                0.0
CMP2946,           0,         33,           11,              0.0,               0.0,             0.0,             443.0,               381.0,              989.0
CKP0659,           0,          1,           10,              0.0,               0.0,             0.0,               0.0,                 0.0,               89.0
HCM2945,           0,          1,            4,              0.0,               0.0,             0.0,               0.0,                 0.0,                0.0
JDB3127,           0,          1,            3,              0.0,               0.0,             0.0,               0.0,                 0.0,               33.0
JCR1148,           0,         20,           24,              0.0,               0.0,             0.0,             258.0,               453.0,              101.0
KAS2029,           0,          1,           17,              0.0,               0.0,             0.0,               0.0,                 0.0,              100.0
DAR3637,           0,          1,            2,              0.0,               0.0,             0.0,               0.0,                 0.0,               10.0
MDG0657,           0,          1,            4,              0.0,               0.0,             0.0,               0.0,                 0.0,               37.0
ATR3231,           0,          1,            2,              0.0,               0.0,             0.0,               0.0,                 0.0,                0.0
CTH2220,           0,          1,           10,              0.0,               0.0,             0.0,             264.0,               471.0,               86.0
APA1788,           0,         87,           24,              0.0,               0.0,             0.0,             627.0,              1118.0,              198.0
TJB0540,           0,         85,           10,              0.0,               0.0,             0.0,            1042.0,              1832.0,              301.0
ARC3034,           0,         23,           10,              0.0,               0.0,             0.0,              93.0,               149.0,              100.0
ACW0464,           0,        915,           24,              0.0,               0.0,             0.0,               0.0,                 0.0,                0.0
RAF1290,           0,          1,            4,              0.0,               0.0,             0.0,               0.0,                 0.0,               73.0
HSP1675,           0,          1,            7,              0.0,               0.0,             0.0,               0.0,                 0.0,               11.0
PJC1252,           0,         28,           24,              0.0,               0.0,             0.0,             188.0,               152.0,              420.0
ARC1223,           0,          1,            3,              0.0,               0.0,             0.0,               0.0,                 0.0,               95.0
MCS3301,           0,          1,            4,              0.0,               0.0,             0.0,               0.0,                 0.0,               21.0
AGF2302,           0,          1,            4,              0.0,               0.0,             0.0,               0.0,                 0.0,                0.0
OJT3599,           0,          1,           19,              0.0,               0.0,             0.0,             818.0,              1382.0,              240.0
BWG3220,           0,          1,            2,              0.0,               0.0,             0.0,               0.0,                 0.0,                0.0
AAC0610,           0,          1,           22,              0.0,               0.0,             0.0,             604.0,              1056.0,              191.0
ISH0051,           0,          1,            9,              0.0,               0.0,             0.0,               0.0,                 0.0,               28.0
SLB2519,           0,          1,            4,              0.0,               0.0,             0.0,               0.0,                 0.0,               28.0
FJA1848,           0,          1,           11,              0.0,               0.0,             0.0,               0.0,                 0.0,               45.0
THR3371,           0,          1,            4,              0.0,               0.0,             0.0,               0.0,                 0.0,               29.0
SLL0504,           0,          1,            2,              0.0,               0.0,             0.0,               0.0,                 0.0,                0.0
JPJ0227,           0,         65,           11,              0.0,               0.0,             0.0,               0.0,                 0.0,              213.0
KEH0665,           0,          1,            4,              0.0,               0.0,             0.0,               0.0,                 0.0,               18.0
LDB3304,           0,          1,           10,              0.0,               0.0,             0.0,             141.0,               222.0,               78.0
ZWS3625,           0,          1,            4,              0.0,               0.0,             0.0,               0.0,                 0.0,                6.0
LAS3757,           0,          1,            4,              0.0,               0.0,             0.0,               0.0,                 0.0,                3.0
JDH1027,           0,          1,            4,              0.0,               0.0,             0.0,               0.0,                 0.0,               11.0
CBD0802,           0,        100,           12,              0.0,               0.0,             0.0,               0.0,                 0.0,               37.0
BBM3688,           0,          1,            3,              0.0,               0.0,             0.0,               0.0,                 0.0,                0.0
HNB2571,           0,         15,           23,              0.0,               0.0,             0.0,            3064.0,              5062.0,              814.0
IPK2575,           0,          1,            2,              0.0,               0.0,             0.0,               0.0,                 0.0,               24.0
JKD1115,           0,         86,           14,              0.0,               0.0,             0.0,               0.0,                 0.0,              527.0
RKG2587,           0,          1,            5,              0.0,               0.0,             0.0,               0.0,                 0.0,               48.0
AVH3584,           0,          1,            3,              0.0,               0.0,             0.0,               0.0,                 0.0,                0.0
AJK0611,           0,          1,            4,              0.0,               0.0,             0.0,               0.0,                 0.0,               44.0
PXR3453,           0,          1,            2,              0.0,               0.0,             0.0,               0.0,                 0.0,               23.0
BNR2527,           0,          1,            4,              0.0,               0.0,             0.0,               0.0,                 0.0,                9.0
LMJ1783,           0,          1,            4,              0.0,               0.0,             0.0,               0.0,                 0.0,                0.0
TAP0631,           0,          1,            3,              0.0,               0.0,             0.0,               0.0,                 0.0,                0.0
CCW3901,           0,         89,           11,              0.0,               0.0,             0.0,               0.0,                 0.0,               60.0
RWN1705,           0,         66,           11,              0.0,               0.0,             0.0,               0.0,                 0.0,               12.0
ALN2046,           0,          1,            4,              0.0,               0.0,             0.0,               0.0,                 0.0,               50.0
AZK0622,           0,          1,           10,              0.0,               0.0,             0.0,               0.0,                 0.0,               85.0
ASK0599,           0,          1,            4,              0.0,               0.0,             0.0,               0.0,                 0.0,                0.0
WBL2852,           0,          1,            9,              0.0,               0.0,             0.0,               0.0,                 0.0,                8.0
OCC0107,           0,          1,            4,              0.0,               0.0,             0.0,               0.0,                 0.0,               82.0
GSS0841,           0,          1,            4,              0.0,               0.0,             0.0,               0.0,                 0.0,                4.0
BRB2143,           0,          1,            2,              0.0,               0.0,             0.0,               0.0,                 0.0,               25.0
JJA1399,           0,          1,            2,              0.0,               0.0,             0.0,               0.0,                 0.0,               46.0
BAB2968,           0,          1,            2,              0.0,               0.0,             0.0,               0.0,                 0.0,               20.0
OMP1671,           0,          1,            4,              0.0,               0.0,             0.0,               0.0,                 0.0,                0.0
EYD2871,           0,         22,           24,              0.0,               0.0,             0.0,            3230.0,              5116.0,              828.0
CKL0697,           0,         17,            9,              0.0,               0.0,             0.0,             333.0,               587.0,              143.0
CIG1277,           0,          1,            4,              0.0,               0.0,             0.0,               0.0,                 0.0,                0.0
INB3109,           0,          1,            3,              0.0,               0.0,             0.0,               0.0,                 0.0,               47.0
HBM0676,           0,        105,           11,              0.0,               0.0,             0.0,               0.0,                 0.0,              104.0
EPH2834,           0,         12,           19,              0.0,               0.0,             0.0,               0.0,                 0.0,               28.0
BCH3651,           0,          1,            2,              0.0,               0.0,             0.0,               0.0,                 0.0,                9.0
AGB0057,           0,         29,            9,              0.0,               0.0,             0.0,              54.0,               124.0,               61.0
SHG1281,           0,          1,            4,              0.0,               0.0,             0.0,               0.0,                 0.0,               36.0
GNT0221,           0,         13,           12,              0.0,               0.0,             0.0,             763.0,               957.0,              626.0
KJC3748,           0,          1,            4,              0.0,               0.0,             0.0,               0.0,                 0.0,               31.0
CMR1470,           0,        115,           11,              0.0,               0.0,             0.0,               0.0,                 0.0,              486.0
GRP0277,           0,        119,           12,              0.0,               0.0,             0.0,             222.0,               331.0,             1458.0
ASC0177,           0,         81,           11,              0.0,               0.0,             0.0,             662.0,              1152.0,              204.0
KBM3460,           0,         76,           10,              0.0,               0.0,             0.0,             108.0,               186.0,              362.0
BDP3912,           0,          1,            2,              0.0,               0.0,             0.0,              38.0,                60.0,               16.0
LQJ3060,           0,          1,            3,              0.0,               0.0,             0.0,               0.0,                 0.0,               83.0
KTD2249,           0,         22,           10,              0.0,               0.0,             0.0,               0.0,                 0.0,                1.0
GDY2724,           0,         88,           24,              0.0,               0.0,             0.0,             138.0,               258.0,              106.0
FDH0299,           0,          1,            4,              0.0,               0.0,             0.0,               0.0,                 0.0,               25.0
MAP0215,           0,          1,            4,              0.0,               0.0,             0.0,               0.0,                 0.0,                0.0
MOB1914,           0,          1,            2,              0.0,               0.0,             0.0,               0.0,                 0.0,                0.0
IMH0562,           0,         41,           24,              0.0,               0.0,             0.0,             211.0,               421.0,              432.0
CIS3471,           0,          1,            4,              0.0,               0.0,             0.0,               0.0,                 0.0,               44.0
ETM2542,           0,          1,            4,              0.0,               0.0,             0.0,               0.0,                 0.0,               20.0
CTP3877,           0,          1,            3,              0.0,               0.0,             0.0,               0.0,                 0.0,               65.0
TCH2216,           0,         23,           12,              0.0,               0.0,             0.0,             505.0,               971.0,              159.0
BFR3250,           0,        107,           12,              0.0,               0.0,             0.0,               0.0,                 0.0,               69.0
DRB1780,           0,          1,            3,              0.0,               0.0,             0.0,               0.0,                 0.0,                0.0
TBS3382,           0,          1,            4,              0.0,               0.0,             0.0,               0.0,                 0.0,                4.0
BWW1159,           0,          1,           10,              0.0,               0.0,             0.0,             255.0,               446.0,               88.0
AAM0138,           0,          1,            4,              0.0,               0.0,             0.0,               0.0,                 0.0,                0.0
KHC3350,           0,          1,            3,              0.0,               0.0,             0.0,               0.0,                 0.0,                0.0
AAB0162,           0,          1,            4,              0.0,               0.0,             0.0,               0.0,                 0.0,               30.0
UWB0395,           0,          1,            2,              0.0,               0.0,             0.0,               0.0,                 0.0,               20.0
BKC2698,           0,         15,            9,              0.0,               0.0,             0.0,               0.0,                 0.0,               34.0
TGP1343,           0,          1,            4,              0.0,               0.0,             0.0,            4136.0,              5177.0,             1056.0
PEC0475,           0,          1,            2,              0.0,               0.0,             0.0,               0.0,                 0.0,                5.0
KAG2599,           0,         99,           12,              0.0,               0.0,             0.0,            1025.0,              1768.0,              285.0
AIJ3995,           0,         72,           24,              0.0,               0.0,             0.0,            1956.0,              3312.0,              514.0
CWR0117,           0,          1,            3,              0.0,               0.0,             0.0,               0.0,                 0.0,               22.0
VTB2147,           0,          1,            3,              0.0,               0.0,             0.0,               0.0,                 0.0,               78.0
KAL1210,           0,          1,            4,              0.0,               0.0,             0.0,               0.0,                 0.0,               62.0
LDH0574,           0,          1,            4,              0.0,               0.0,             0.0,               0.0,                 0.0,              110.0
HET0359,           0,        101,           12,              0.0,               0.0,             0.0,             858.0,              1441.0,              274.0
ZLG3090,           0,          1,            4,              0.0,               0.0,             0.0,               0.0,                 0.0,                0.0
BHN2290,           0,          1,            4,              0.0,               0.0,             0.0,               0.0,                 0.0,                7.0
USC3486,           0,          1,            2,              0.0,               0.0,             0.0,               0.0,                 0.0,                0.0
HIP0148,           0,         20,           10,              0.0,               0.0,             0.0,            2821.0,              4899.0,              847.0
MRS1520,           0,          1,            3,              0.0,               0.0,             0.0,               0.0,                 0.0,                0.0
BCL2082,           0,          1,            4,              0.0,               0.0,             0.0,               0.0,                 0.0,               59.0
MCB2802,           0,          1,            8,              0.0,               0.0,             0.0,             215.0,               369.0,               57.0
MAH0590,           0,          1,            2,              0.0,               0.0,             0.0,               0.0,                 0.0,                7.0
BLL3585,           0,         16,           13,              0.0,               0.0,             0.0,              56.0,                99.0,               75.0
NMM1560,           0,        113,           14,              0.0,               0.0,             0.0,             818.0,              1404.0,              214.0
RLH0358,           0,          1,            7,              0.0,               0.0,             0.0,               0.0,                 0.0,              125.0
DDC0980,           0,        111,           11,              0.0,               0.0,             0.0,               0.0,                 0.0,               16.0
WJC2637,           0,          1,           17,              0.0,               0.0,             0.0,               0.0,                 0.0,               26.0
BJS0053,           0,          1,            2,              0.0,               0.0,             0.0,               0.0,                 0.0,               54.0
CID3774,           0,          1,            4,              0.0,               0.0,             0.0,               0.0,                 0.0,              238.0
SMM3221,           0,          1,            2,              0.0,               0.0,             0.0,               0.0,                 0.0,               92.0
CFL0156,           0,         31,           10,              0.0,               0.0,             0.0,             320.0,               560.0,              131.0
QFD1857,           0,          1,            2,              0.0,               0.0,             0.0,               0.0,                 0.0,               64.0
JDB1620,           0,        113,           10,              0.0,               0.0,             0.0,               0.0,                 0.0,               10.0
JCC0736,           0,          1,            2,              0.0,               0.0,             0.0,               0.0,                 0.0,                0.0
NDM2251,           0,          3,            9,              0.0,               0.0,             0.0,              14.0,                15.0,               11.0
JAM1676,           0,          1,            2,              0.0,               0.0,             0.0,               0.0,                 0.0,                0.0
LAF2213,           0,         88,           24,              0.0,               0.0,             0.0,             339.0,               613.0,               87.0
PHA0726,           0,          1,            3,              0.0,               0.0,             0.0,               0.0,                 0.0,                9.0
QSG3297,           0,          1,            2,              0.0,               0.0,             0.0,               0.0,                 0.0,               17.0
AGC0445,           0,          1,            2,              0.0,               0.0,             0.0,               0.0,                 0.0,               78.0
RSE2382,           0,          1,            4,              0.0,               0.0,             0.0,               0.0,                 0.0,               43.0
RCH2447,           0,          1,           21,              0.0,               0.0,             0.0,               0.0,                 0.0,              122.0
HLZ2414,           0,         13,           10,              0.0,               0.0,             0.0,               0.0,                 0.0,                9.0
SGF2611,           0,        116,           12,              0.0,               0.0,             0.0,               0.0,                 0.0,              158.0
ASW1918,           0,         55,           24,              0.0,               0.0,             0.0,              24.0,                55.0,              309.0
ROB2744,           0,          1,            3,              0.0,               0.0,             0.0,               0.0,                 0.0,                0.0
MWH0347,           0,          1,            2,              0.0,               0.0,             0.0,               0.0,                 0.0,                0.0
RQR3924,           0,          1,            2,              0.0,               0.0,             0.0,               0.0,                 0.0,                0.0
RAA0675,           0,          1,            4,              0.0,               0.0,             0.0,               0.0,                 0.0,               73.0
VSF0004,           0,          1,            4,              0.0,               0.0,             0.0,               0.0,                 0.0,               84.0
LIG2813,           0,         42,           12,              0.0,               0.0,             0.0,               0.0,                 0.0,                3.0
RJM3227,           0,          1,            2,              0.0,               0.0,             0.0,               0.0,                 0.0,               48.0
EQT0195,           0,          1,            8,              0.0,               0.0,             0.0,               0.0,                 0.0,               37.0
LRM1922,           0,         13,           11,              0.0,               0.0,             0.0,             575.0,              1133.0,              206.0
CBR2229,           0,          1,            4,              0.0,               0.0,             0.0,               0.0,                 0.0,                9.0
KBP0899,           0,         79,           24,              0.0,               0.0,             0.0,             910.0,              1615.0,              270.0
DWY3973,           0,          1,            4,              0.0,               0.0,             0.0,               0.0,                 0.0,               40.0
PDG2607,           0,          1,           22,              0.0,               0.0,             0.0,             884.0,              1585.0,              262.0
CLA1285,           0,          1,            4,              0.0,               0.0,             0.0,               0.0,                 0.0,                0.0
GKB2807,           0,          1,            8,              0.0,               0.0,             0.0,             825.0,              1484.0,              233.0
CAM3050,           0,        948,           24,              0.0,               0.0,             0.0,             845.0,              1412.0,              379.0
TZM0851,           0,         24,           13,              0.0,               0.0,             0.0,             741.0,              1269.0,              236.0
DSJ1384,           0,          1,           10,              0.0,               0.0,             0.0,               0.0,                 0.0,              133.0
DJS1127,           0,          1,           22,              0.0,               0.0,             0.0,            1763.0,              4411.0,             1480.0
JFL2674,           0,         92,           11,              0.0,               0.0,             0.0,               0.0,                 0.0,              101.0
SES2670,           0,         69,           11,              0.0,               0.0,             0.0,               0.0,                 0.0,               95.0
BRJ2151,           0,         35,           10,              0.0,               0.0,             0.0,               0.0,                 0.0,               85.0
FCY1157,           0,          1,            3,              0.0,               0.0,             0.0,               0.0,                 0.0,               42.0
STC3053,           0,        937,           23,              0.0,               0.0,             0.0,               0.0,                 0.0,               12.0
CNW2408,           0,          1,            3,              0.0,               0.0,             0.0,               0.0,                 0.0,               35.0
CKD3861,           0,          1,            4,              0.0,               0.0,             0.0,               0.0,                 0.0,                9.0
DOC1734,           0,          1,            4,              0.0,               0.0,             0.0,               0.0,                 0.0,                0.0
JJS3884,           0,          1,           11,              0.0,               0.0,             0.0,               0.0,                 0.0,               63.0
BGH2610,           0,          1,            4,              0.0,               0.0,             0.0,               0.0,                 0.0,                4.0
LIM1718,           0,        125,           12,              0.0,               0.0,             0.0,               0.0,                 0.0,               71.0
BDA1906,           0,          1,            2,              0.0,               0.0,             0.0,               0.0,                 0.0,                0.0
UMF2894,           0,         24,           22,              0.0,               0.0,             0.0,             187.0,               361.0,              548.0
HEB3754,           0,          1,           10,              0.0,               0.0,             0.0,               0.0,                 0.0,                0.0
TDC3116,           0,          1,            4,              0.0,               0.0,             0.0,               0.0,                 0.0,               22.0
JGR2327,           0,          1,            3,              0.0,               0.0,             0.0,               0.0,                 0.0,                0.0
WET2108,           0,          1,            2,              0.0,               0.0,             0.0,               0.0,                 0.0,               22.0
HDC0789,           0,          1,            2,              0.0,               0.0,             0.0,               0.0,                 0.0,              126.0
DBS1363,           0,          1,            4,              0.0,               0.0,             0.0,               0.0,                 0.0,              101.0
MMS0241,           0,         28,           11,              0.0,               0.0,             0.0,             165.0,               290.0,              113.0
ACS1921,           0,         94,           11,              0.0,               0.0,             0.0,            1072.0,              1931.0,              312.0
TGH3351,           0,        127,           12,              0.0,               0.0,             0.0,               0.0,                 0.0,              612.0
VHM2280,           0,          1,            2,              0.0,               0.0,             0.0,               0.0,                 0.0,               58.0
SLC0017,           0,          1,            3,              0.0,               0.0,             0.0,               0.0,                 0.0,              133.0
CRL2357,           0,          1,           20,              0.0,               0.0,             0.0,             178.0,               334.0,               61.0
NCT3492,           0,          1,            3,              0.0,               0.0,             0.0,               0.0,                 0.0,                0.0
WSE1949,           0,          1,            7,              0.0,               0.0,             0.0,               0.0,                 0.0,              599.0
BJR0774,           0,          1,            4,              0.0,               0.0,             0.0,               0.0,                 0.0,                0.0
MNB2570,           0,          1,            2,              0.0,               0.0,             0.0,               0.0,                 0.0,               13.0
CCT2165,           0,         72,           10,              0.0,               0.0,             0.0,             495.0,              1075.0,              295.0
CUL3015,           0,          1,            2,              0.0,               0.0,             0.0,               0.0,                 0.0,                0.0
MRE3723,           0,          1,            4,              0.0,               0.0,             0.0,               0.0,                 0.0,              168.0
BBV3875,           0,          1,            3,              0.0,               0.0,             0.0,               0.0,                 0.0,                7.0
WVM1669,           0,          1,            3,              0.0,               0.0,             0.0,               0.0,                 0.0,              101.0
BBM2604,           0,          1,           10,              0.0,               0.0,             0.0,              99.0,               201.0,              368.0
DAL1943,           0,          1,            3,              0.0,               0.0,             0.0,               0.0,                 0.0,                0.0
AGM3372,           0,          1,            4,              0.0,               0.0,             0.0,               0.0,                 0.0,               27.0
KRD2100,           0,         36,           10,              0.0,               0.0,             0.0,               0.0,                 0.0,              593.0
JEH2847,           0,          1,            4,              0.0,               0.0,             0.0,               0.0,                 0.0,                0.0
EIH0064,           0,          1,            2,              0.0,               0.0,             0.0,               0.0,                 0.0,               49.0
GST1100,           0,          1,            3,              0.0,               0.0,             0.0,               0.0,                 0.0,                0.0
TEC2300,           0,          1,            8,              0.0,               0.0,             0.0,               0.0,                 0.0,               13.0
GTL3389,           0,         10,           12,              0.0,               0.0,             0.0,               0.0,                 0.0,               26.0
SKM1369,           0,          1,            4,              0.0,               0.0,             0.0,               0.0,                 0.0,               48.0
RKH1569,           0,          1,           10,              0.0,               0.0,             0.0,               0.0,                 0.0,               17.0
DWB3415,           0,          1,            2,              0.0,               0.0,             0.0,               0.0,                 0.0,                0.0
LNR0556,           0,          1,            2,              0.0,               0.0,             0.0,               0.0,                 0.0,               17.0
RAH1514,           0,          5,            5,              0.0,               0.0,             0.0,               0.0,                 0.0,                4.0
SVM0077,           0,          1,            3,              0.0,               0.0,             0.0,               0.0,                 0.0,               11.0
LMH3831,           0,          1,           10,              0.0,               0.0,             0.0,             127.0,               199.0,              108.0
TKM1539,           0,         81,           10,              0.0,               0.0,             0.0,            2699.0,              4844.0,              762.0
DAH3324,           0,          1,            3,              0.0,               0.0,             0.0,               0.0,                 0.0,               15.0
CMS0010,           0,          1,            4,              0.0,               0.0,             0.0,               0.0,                 0.0,                0.0
LOP1055,           0,        937,           24,              0.0,               0.0,             0.0,               0.0,                 0.0,              101.0
NMC3998,           0,         16,            9,              0.0,               0.0,             0.0,               0.0,                 0.0,               20.0
KLC3364,           0,          1,            4,              0.0,               0.0,             0.0,               0.0,                 0.0,                0.0
QMV2796,           0,          1,            3,              0.0,               0.0,             0.0,               0.0,                 0.0,                2.0
KIC2314,           0,         18,           11,              0.0,               0.0,             0.0,               0.0,                 0.0,              119.0
GFK3498,           0,         83,           21,              0.0,               0.0,             0.0,             256.0,               480.0,              170.0
CNP1183,           0,          1,            4,              0.0,               0.0,             0.0,               0.0,                 0.0,               46.0
LPH3918,           0,         20,           10,              0.0,               0.0,             0.0,             534.0,               936.0,              156.0
SOH3595,           0,          1,            2,              0.0,               0.0,             0.0,               0.0,                 0.0,                0.0
SOM2865,           0,         44,           11,              0.0,               0.0,             0.0,              72.0,               131.0,               24.0
JCS0380,           0,          1,            4,              0.0,               0.0,             0.0,               0.0,                 0.0,                0.0
QGH0041,           0,        908,           24,              0.0,               0.0,             0.0,             808.0,              1374.0,              500.0
NRN2936,           0,          1,            4,              0.0,               0.0,             0.0,               0.0,                 0.0,                0.0
QJO1715,           0,         56,           10,              0.0,               0.0,             0.0,             143.0,               282.0,               82.0
RSG2931,           0,          1,            4,              0.0,               0.0,             0.0,               0.0,                 0.0,                0.0
GRL2886,           0,          1,            3,              0.0,               0.0,             0.0,               0.0,                 0.0,                0.0
NNB2730,           0,          1,            4,              0.0,               0.0,             0.0,               0.0,                 0.0,               55.0
MCW3493,           0,          1,            3,              0.0,               0.0,             0.0,               0.0,                 0.0,                0.0
LAC0994,           0,          1,            3,              0.0,               0.0,             0.0,               0.0,                 0.0,               82.0
CSB1660,           0,         14,            7,              0.0,               0.0,             0.0,             807.0,              1425.0,              268.0
IRC3952,           0,          9,           24,              0.0,               0.0,             0.0,             165.0,               274.0,               59.0
DHS2419,           0,        115,           23,              0.0,               0.0,             0.0,               0.0,                 0.0,              102.0
DMJ1815,           0,          1,            2,              0.0,               0.0,             0.0,               0.0,                 0.0,               37.0
TTF2920,           0,         33,           10,              0.0,               0.0,             0.0,               0.0,                 0.0,              110.0
BSS3551,           0,          1,            2,              0.0,               0.0,             0.0,               0.0,                 0.0,                0.0
SWK1436,           0,          1,            2,              0.0,               0.0,             0.0,               0.0,                 0.0,                5.0
DDW3361,           0,          1,            3,              0.0,               0.0,             0.0,               0.0,                 0.0,                0.0
JSM3633,           0,          1,            2,              0.0,               0.0,             0.0,               0.0,                 0.0,                0.0
CHB3396,           0,          1,            4,              0.0,               0.0,             0.0,               0.0,                 0.0,                0.0
EAH1653,           0,         23,           13,              0.0,               0.0,             0.0,               0.0,                 0.0,               38.0
CTM1961,           0,          1,            2,              0.0,               0.0,             0.0,               0.0,                 0.0,               52.0
BGR1991,           0,          1,            3,              0.0,               0.0,             0.0,               0.0,                 0.0,               49.0
MMW1927,           0,         17,           11,              0.0,               0.0,             0.0,             131.0,               232.0,               75.0
IIM1947,           0,          1,            8,              0.0,               0.0,             0.0,               0.0,                 0.0,               54.0
KCR0468,           0,          1,            9,              0.0,               0.0,             0.0,               0.0,                 0.0,               43.0
KCH3224,           0,          1,            2,              0.0,               0.0,             0.0,               0.0,                 0.0,               84.0
MEC0781,           0,         82,           10,              0.0,               0.0,             0.0,             264.0,               496.0,               69.0
TJM3340,           0,          1,            9,              0.0,               0.0,             0.0,               0.0,                 0.0,               12.0
CKM0405,           0,          1,            2,              0.0,               0.0,             0.0,               0.0,                 0.0,               81.0
AEK3566,           0,        108,           10,              0.0,               0.0,             0.0,               0.0,                 0.0,               33.0
TAP0664,           0,          1,           10,              0.0,               0.0,             0.0,             471.0,               775.0,              868.0
BAW1019,           0,          1,            2,              0.0,               0.0,             0.0,               0.0,                 0.0,                0.0
HOE0301,           0,          1,            4,              0.0,               0.0,             0.0,               0.0,                 0.0,               32.0
RTM0849,           0,          1,            4,              0.0,               0.0,             0.0,               0.0,                 0.0,                7.0
EEH0965,           0,          1,            8,              0.0,               0.0,             0.0,               0.0,                 0.0,              155.0
MKR2258,           0,          1,            2,              0.0,               0.0,             0.0,               0.0,                 0.0,              138.0
HUC1396,           0,          1,            7,              0.0,               0.0,             0.0,               0.0,                 0.0,               62.0
KAP2430,           0,        963,           23,              0.0,               0.0,             0.0,               0.0,                 0.0,                0.0
MME3399,           0,          1,           10,              0.0,               0.0,             0.0,               0.0,                 0.0,               24.0
RMO2439,           0,        903,           24,              0.0,               0.0,             0.0,               0.0,                 0.0,                0.0
AJC0722,           0,          1,            4,              0.0,               0.0,             0.0,               0.0,                 0.0,               47.0
MBA2092,           0,          1,            7,              0.0,               0.0,             0.0,               0.0,                 0.0,               12.0
PRH2431,           0,        928,           24,              0.0,               0.0,             0.0,               0.0,                 0.0,                0.0
SAT3766,           0,         54,           12,              0.0,               0.0,             0.0,               0.0,                 0.0,               26.0
CMS1900,           0,          8,           10,              0.0,               0.0,             0.0,               0.0,                 0.0,              307.0
ESB2888,           0,          1,            3,              0.0,               0.0,             0.0,               0.0,                 0.0,               40.0
HNV3655,           0,          1,            2,              0.0,               0.0,             0.0,               0.0,                 0.0,                3.0
NHN0711,           0,          1,            2,              0.0,               0.0,             0.0,               0.0,                 0.0,                0.0
QYG1180,           0,        106,           13,              0.0,               0.0,             0.0,               0.0,                 0.0,              118.0
ABS0677,           0,         17,           11,              0.0,               0.0,             0.0,               0.0,                 0.0,              488.0
JNW2037,           0,         91,            8,              0.0,               0.0,             0.0,               0.0,                 0.0,              518.0
MAL2345,           0,         67,           11,              0.0,               0.0,             0.0,              47.0,                89.0,               25.0
KCL2310,           0,         26,            9,              0.0,               0.0,             0.0,               0.0,                 0.0,              147.0
ELW1413,           0,         82,           24,              0.0,               0.0,             0.0,             228.0,               589.0,              699.0
QKP3927,           0,          1,            2,              0.0,               0.0,             0.0,               0.0,                 0.0,               14.0
HMT1024,           0,          1,            2,              0.0,               0.0,             0.0,               0.0,                 0.0,               50.0
AHP0154,           0,          1,            4,              0.0,               0.0,             0.0,               0.0,                 0.0,               16.0
JDC3713,           0,          1,            4,              0.0,               0.0,             0.0,               0.0,                 0.0,               33.0
DNB3545,           0,          1,            7,              0.0,               0.0,             0.0,               0.0,                 0.0,               47.0
NJH0196,           0,          1,            2,              0.0,               0.0,             0.0,               0.0,                 0.0,                0.0
CBC0952,           0,          1,            8,              0.0,               0.0,             0.0,             139.0,               280.0,              182.0
DMA3455,           0,          1,            4,              0.0,               0.0,             0.0,               0.0,                 0.0,               28.0
TCG1262,           0,          1,            4,              0.0,               0.0,             0.0,               0.0,                 0.0,               33.0
EGB3624,           0,          1,            4,              0.0,               0.0,             0.0,               0.0,                 0.0,                7.0
JDH0295,           0,          1,            3,              0.0,               0.0,             0.0,               0.0,                 0.0,                0.0
PHB0124,           0,         79,           11,              0.0,               0.0,             0.0,             595.0,               507.0,              655.0
ADB3853,           0,          1,            4,              0.0,               0.0,             0.0,               0.0,                 0.0,               54.0
NMP3872,           0,          1,            3,              0.0,               0.0,             0.0,               0.0,                 0.0,                0.0
WBM1045,           0,        916,           23,              0.0,               0.0,             0.0,               0.0,                 0.0,                0.0
DEF0998,           0,          1,            8,              0.0,               0.0,             0.0,               0.0,                 0.0,              167.0
CRP2489,           0,         91,           12,              0.0,               0.0,             0.0,               0.0,                 0.0,              122.0
HAG3665,           0,          1,            4,              0.0,               0.0,             0.0,               0.0,                 0.0,                4.0
DLW2729,           0,          1,            4,              0.0,               0.0,             0.0,               0.0,                 0.0,               80.0
CSM2819,           0,         55,           12,              0.0,               0.0,             0.0,               0.0,                 0.0,               79.0
JCH2963,           0,          1,            4,              0.0,               0.0,             0.0,               0.0,                 0.0,               49.0
HGD1664,           0,          1,           14,              0.0,               0.0,             0.0,            1616.0,               809.0,              984.0
STJ2043,           0,          1,            4,              0.0,               0.0,             0.0,               0.0,                 0.0,               11.0
MJF0334,           0,          1,            2,              0.0,               0.0,             0.0,               0.0,                 0.0,               46.0
BKA0175,           0,          1,            4,              0.0,               0.0,             0.0,               0.0,                 0.0,               25.0
TAP1086,           0,         88,           11,              0.0,               0.0,             0.0,               0.0,                 0.0,              453.0
CSR3140,           0,         13,           11,              0.0,               0.0,             0.0,             143.0,               254.0,               81.0
BAH1259,           0,          1,           15,              0.0,               0.0,             0.0,               0.0,                 0.0,               19.0
TCP2520,           0,          1,           10,              0.0,               0.0,             0.0,               0.0,                 0.0,               88.0
CGG2688,           0,          1,            4,              0.0,               0.0,             0.0,               0.0,                 0.0,               83.0
SJD3032,           0,          1,            4,              0.0,               0.0,             0.0,               0.0,                 0.0,              106.0
MQM1638,           0,          1,           10,              0.0,               0.0,             0.0,               0.0,                 0.0,               38.0
BKM3410,           0,          1,            4,              0.0,               0.0,             0.0,               0.0,                 0.0,               17.0
NJS2657,           0,          1,            4,              0.0,               0.0,             0.0,               0.0,                 0.0,               47.0
KMB3781,           0,         20,           11,              0.0,               0.0,             0.0,             945.0,              1622.0,              280.0
WJW3627,           0,          1,            9,              0.0,               0.0,             0.0,               0.0,                 0.0,                8.0
BMM0462,           0,        910,           24,              0.0,               0.0,             0.0,             860.0,              1460.0,              387.0
NIR3987,           0,         42,           24,              0.0,               0.0,             0.0,               0.0,                 0.0,              141.0
AEW1442,           0,          1,            2,              0.0,               0.0,             0.0,               0.0,                 0.0,               31.0
IKM1808,           0,         53,           11,              0.0,               0.0,             0.0,            1011.0,              1706.0,              295.0
KJS1940,           0,         87,           10,              0.0,               0.0,             0.0,               0.0,                 0.0,               37.0
DLM2440,           0,        922,           24,              0.0,               0.0,             0.0,             909.0,              1485.0,              319.0
IKK3333,           0,          1,            3,              0.0,               0.0,             0.0,               0.0,                 0.0,                0.0
MKJ1574,           0,         34,           14,              0.0,               0.0,             0.0,             112.0,               161.0,               74.0
QGS1841,           0,          1,           10,              0.0,               0.0,             0.0,               0.0,                 0.0,               71.0
ARJ0912,           0,          1,            4,              0.0,               0.0,             0.0,               0.0,                 0.0,              106.0
TDV3188,           0,        108,            9,              0.0,               0.0,             0.0,             479.0,               926.0,              151.0
NRK3448,           0,         33,           10,              0.0,               0.0,             0.0,               0.0,                 0.0,               29.0
RHM3909,           0,          1,            2,              0.0,               0.0,             0.0,               0.0,                 0.0,                0.0
BMC3061,           0,          1,            8,              0.0,               0.0,             0.0,               0.0,                 0.0,               61.0
RPG0403,           0,          1,            2,              0.0,               0.0,             0.0,               0.0,                 0.0,               28.0
JHD2499,           0,          1,            7,              0.0,               0.0,             0.0,               0.0,                 0.0,               36.0
MNP0290,           0,          1,            4,              0.0,               0.0,             0.0,               0.0,                 0.0,               56.0
LCK1403,           0,          1,            9,              0.0,               0.0,             0.0,               0.0,                 0.0,               62.0
MBR3648,           0,         97,           12,              0.0,               0.0,             0.0,             322.0,               570.0,               79.0
NHH3276,           0,          1,            2,              0.0,               0.0,             0.0,               0.0,                 0.0,                3.0
EKK0503,           0,          1,            2,              0.0,               0.0,             0.0,               0.0,                 0.0,                0.0
RCB2424,           0,        948,           24,              0.0,               0.0,             0.0,               0.0,                 0.0,                0.0
ADM0765,           0,          1,            4,              0.0,               0.0,             0.0,               0.0,                 0.0,               25.0
BAB0518,           0,          1,            4,              0.0,               0.0,             0.0,               0.0,                 0.0,               27.0
DCC3689,           0,         28,            9,              0.0,               0.0,             0.0,               0.0,                 0.0,                2.0
VBN0984,           0,         23,           23,              0.0,               0.0,             0.0,               0.0,                 0.0,               29.0
PAS2864,           0,          1,            4,              0.0,               0.0,             0.0,               0.0,                 0.0,               11.0
BOV1609,           0,          1,            3,              0.0,               0.0,             0.0,               0.0,                 0.0,             1099.0
SCL2577,           0,         27,           18,              0.0,               0.0,             0.0,             766.0,              1532.0,              634.0
SCR0898,           0,          1,            2,              0.0,               0.0,             0.0,               0.0,                 0.0,                0.0
BCB0294,           0,          1,            4,              0.0,               0.0,             0.0,               0.0,                 0.0,                0.0
AAC3270,           0,          1,            2,              0.0,               0.0,             0.0,               0.0,                 0.0,                8.0
NHR1220,           0,          1,            3,              0.0,               0.0,             0.0,               0.0,                 0.0,                0.0
JHH2770,           0,          1,            2,              0.0,               0.0,             0.0,               0.0,                 0.0,               23.0
VNG0916,           0,         88,           24,              0.0,               0.0,             0.0,             964.0,              1615.0,              303.0
VJM2715,           0,          1,            2,              0.0,               0.0,             0.0,               0.0,                 0.0,               57.0
BCO0877,           0,          1,            2,              0.0,               0.0,             0.0,               0.0,                 0.0,               20.0
RTA1201,           0,          1,            2,              0.0,               0.0,             0.0,               0.0,                 0.0,               13.0
MSR2850,           0,         87,           24,              0.0,               0.0,             0.0,               0.0,                 0.0,                7.0
GDS3165,           0,          1,            4,              0.0,               0.0,             0.0,               0.0,                 0.0,               44.0
GVC1358,           0,         28,           10,              0.0,               0.0,             0.0,             341.0,               594.0,              122.0
TJS3067,           0,         22,           24,              0.0,               0.0,             0.0,             767.0,              1305.0,              232.0
JKG3329,           0,         24,           12,              0.0,               0.0,             0.0,               0.0,                 0.0,              179.0
GRY1398,           0,         40,           11,              0.0,               0.0,             0.0,             237.0,               411.0,              136.0
RNM0466,           0,        916,           24,              0.0,               0.0,             0.0,               0.0,                 0.0,               12.0
CQH1505,           0,          1,            4,              0.0,               0.0,             0.0,               0.0,                 0.0,                0.0
ADM0158,           0,         17,            4,              0.0,               0.0,             0.0,               0.0,                 0.0,               12.0
BHM0430,           0,          1,            4,              0.0,               0.0,             0.0,               0.0,                 0.0,               70.0
AUA0826,           0,          1,            4,              0.0,               0.0,             0.0,               0.0,                 0.0,                0.0
TDV1034,           0,          1,            3,              0.0,               0.0,             0.0,               0.0,                 0.0,               33.0
IJC1553,           0,          1,            3,              0.0,               0.0,             0.0,               0.0,                 0.0,                0.0
WGM1823,           0,          1,            4,              0.0,               0.0,             0.0,               0.0,                 0.0,               66.0
MNB3094,           0,          1,           10,              0.0,               0.0,             0.0,               0.0,                 0.0,               65.0
LBG0407,           0,         27,           10,              0.0,               0.0,             0.0,             209.0,               131.0,              147.0
CHM2081,           0,          1,            4,              0.0,               0.0,             0.0,               0.0,                 0.0,               15.0
ACP2122,           0,         17,           11,              0.0,               0.0,             0.0,               0.0,                 0.0,              124.0
NBP0217,           0,         92,           24,              0.0,               0.0,             0.0,               0.0,                 0.0,              137.0
ROH3778,           0,          1,            2,              0.0,               0.0,             0.0,               0.0,                 0.0,               25.0
WES2531,           0,          1,            4,              0.0,               0.0,             0.0,               0.0,                 0.0,               17.0
LLG1238,           0,          1,            4,              0.0,               0.0,             0.0,               0.0,                 0.0,               18.0
TJL2113,           0,          1,            3,              0.0,               0.0,             0.0,               0.0,                 0.0,               38.0
ZHT3869,           0,          1,            4,              0.0,               0.0,             0.0,               0.0,                 0.0,               52.0
RHG1647,           0,          1,            3,              0.0,               0.0,             0.0,               0.0,                 0.0,                0.0
KAB1420,           0,          1,            2,              0.0,               0.0,             0.0,               0.0,                 0.0,               39.0
AED1421,           0,         52,           24,              0.0,               0.0,             0.0,            2807.0,              4850.0,              760.0
EJG1655,           0,          1,            4,              0.0,               0.0,             0.0,               0.0,                 0.0,                0.0
AFB3228,           0,          1,           21,              0.0,               0.0,             0.0,             134.0,               247.0,              103.0
DNM3903,           0,          1,            3,              0.0,               0.0,             0.0,               0.0,                 0.0,               54.0
CAC3741,           0,          1,            4,              0.0,               0.0,             0.0,               0.0,                 0.0,               15.0
KIC1000,           0,          1,            2,              0.0,               0.0,             0.0,               0.0,                 0.0,               64.0
LBW3159,           0,         63,           11,              0.0,               0.0,             0.0,               0.0,                 0.0,              102.0
NNJ1215,           0,          1,            4,              0.0,               0.0,             0.0,               0.0,                 0.0,               77.0
VNC1607,           0,          1,            3,              0.0,               0.0,             0.0,               0.0,                 0.0,                0.0
SIP2293,           0,         24,            9,              0.0,               0.0,             0.0,               0.0,                 0.0,               39.0
AJV0176,           0,          1,            4,              0.0,               0.0,             0.0,               0.0,                 0.0,               14.0
KNM1674,           0,          1,            4,              0.0,               0.0,             0.0,               0.0,                 0.0,               18.0
LIC0203,           0,         51,            9,              0.0,               0.0,             0.0,              79.0,               140.0,               85.0
AJS3021,           0,        117,           10,              0.0,               0.0,             0.0,             112.0,               218.0,              861.0
BAB0541,           0,        101,           10,              0.0,               0.0,             0.0,               0.0,                 0.0,               27.0
FFP2270,           0,         21,           10,              0.0,               0.0,             0.0,               0.0,                 0.0,              215.0
GDF3524,           0,          1,            2,              0.0,               0.0,             0.0,               0.0,                 0.0,                3.0
EJS1338,           0,         82,           10,              0.0,               0.0,             0.0,             467.0,               458.0,              768.0
NJP1439,           0,          1,            4,              0.0,               0.0,             0.0,               0.0,                 0.0,                7.0
XKW2303,           0,          1,            4,              0.0,               0.0,             0.0,               0.0,                 0.0,               27.0
LCW0047,           0,        931,           24,              0.0,               0.0,             0.0,             813.0,              1359.0,              865.0
IKT0917,           0,         12,           23,              0.0,               0.0,             0.0,            1016.0,              1735.0,              274.0
KRH1028,           0,         34,           24,              0.0,               0.0,             0.0,            1009.0,              1655.0,              248.0
FZM0318,           0,         41,           12,              0.0,               0.0,             0.0,             167.0,               126.0,              307.0
XCL1792,           0,         59,           13,              0.0,               0.0,             0.0,            3543.0,              6019.0,              924.0
CMH0776,           0,          1,            4,              0.0,               0.0,             0.0,               0.0,                 0.0,               11.0
CBG1142,           0,         25,           10,              0.0,               0.0,             0.0,               0.0,                 0.0,               42.0
DHB2364,           0,          1,            2,              0.0,               0.0,             0.0,               0.0,                 0.0,                0.0
CAG2442,           0,        970,           24,              0.0,               0.0,             0.0,             846.0,              1385.0,              296.0
KEC2465,           0,          1,            3,              0.0,               0.0,             0.0,             735.0,              1285.0,              220.0
MCY0601,           0,          1,            4,              0.0,               0.0,             0.0,               0.0,                 0.0,                0.0
TKP0210,           0,         81,           12,              0.0,               0.0,             0.0,               0.0,                 0.0,              548.0
ZAR2140,           0,          1,            2,              0.0,               0.0,             0.0,               0.0,                 0.0,                0.0
ITM0906,           0,          1,            2,              0.0,               0.0,             0.0,               0.0,                 0.0,                0.0
LIW0379,           0,          1,            4,              0.0,               0.0,             0.0,               0.0,                 0.0,                0.0
TKD2115,           0,          1,            3,              0.0,               0.0,             0.0,               0.0,                 0.0,               14.0
CHB3647,           0,          1,            2,              0.0,               0.0,             0.0,               0.0,                 0.0,               10.0
MDE2114,           0,         32,           24,              0.0,               0.0,             0.0,               0.0,                 0.0,               53.0
QJA3887,           0,          1,            3,              0.0,               0.0,             0.0,               0.0,                 0.0,              123.0
LBF1992,           0,          1,            4,              0.0,               0.0,             0.0,               0.0,                 0.0,               30.0
APP3678,           0,         79,           13,              0.0,               0.0,             0.0,               0.0,                 0.0,               94.0
AKI3229,           0,          1,            4,              0.0,               0.0,             0.0,               0.0,                 0.0,               48.0
APS3553,           0,          1,            3,              0.0,               0.0,             0.0,               0.0,                 0.0,                0.0
CSE1265,           0,          1,            4,              0.0,               0.0,             0.0,               0.0,                 0.0,               17.0
BJM2491,           0,          1,            2,              0.0,               0.0,             0.0,               0.0,                 0.0,                0.0
AKW1679,           0,          1,            2,              0.0,               0.0,             0.0,               0.0,                 0.0,                4.0
JDC2176,           0,         30,           24,              0.0,               0.0,             0.0,             342.0,               617.0,              205.0
QSG2525,           0,          1,           10,              0.0,               0.0,             0.0,               0.0,                 0.0,               57.0
HLO2756,           0,         43,           24,              0.0,               0.0,             0.0,               0.0,                 0.0,               33.0
GDM3960,           0,         88,           14,              0.0,               0.0,             0.0,            1372.0,              2401.0,              414.0
NJS2473,           0,          1,            2,              0.0,               0.0,             0.0,               0.0,                 0.0,               23.0
MKC2767,           0,          1,           22,              0.0,               0.0,             0.0,               0.0,                 0.0,               84.0
RKE1589,           0,          1,            4,              0.0,               0.0,             0.0,               0.0,                 0.0,               90.0
YNR2544,           0,          1,            4,              0.0,               0.0,             0.0,               0.0,                 0.0,                0.0
LMH1987,           0,          1,            2,              0.0,               0.0,             0.0,               0.0,                 0.0,               86.0
VCR3103,           0,          1,            3,              0.0,               0.0,             0.0,               0.0,                 0.0,               28.0
KLM1357,           0,         62,           23,              0.0,               0.0,             0.0,               0.0,                 0.0,               70.0
ODB1853,           0,          1,            2,              0.0,               0.0,             0.0,               0.0,                 0.0,               62.0
MKO0749,           0,          1,            4,              0.0,               0.0,             0.0,               0.0,                 0.0,                0.0
UCM3537,           0,          1,            8,              0.0,               0.0,             0.0,               0.0,                 0.0,               36.0
DJA0740,           0,         43,           23,              0.0,               0.0,             0.0,             760.0,              1294.0,              235.0
KBV1602,           0,         72,           10,              0.0,               0.0,             0.0,               0.0,                 0.0,               82.0
MBL1247,           0,          1,            4,              0.0,               0.0,             0.0,               0.0,                 0.0,               71.0
DZW0126,           0,          1,            3,              0.0,               0.0,             0.0,               0.0,                 0.0,               47.0
HCH3338,           0,          1,            3,              0.0,               0.0,             0.0,               0.0,                 0.0,                0.0
LBM0614,           0,          1,            4,              0.0,               0.0,             0.0,               0.0,                 0.0,               14.0
SVM3947,           0,          1,            4,              0.0,               0.0,             0.0,               0.0,                 0.0,                0.0
LAO2771,           0,          1,            2,              0.0,               0.0,             0.0,               0.0,                 0.0,               28.0
LWH0180,           0,          1,            4,              0.0,               0.0,             0.0,               0.0,                 0.0,               53.0
RAH3181,           0,          1,            2,              0.0,               0.0,             0.0,               0.0,                 0.0,               28.0
CSM3502,           0,          1,           21,              0.0,               0.0,             0.0,             244.0,               528.0,              457.0
ARP1144,           0,          1,           10,              0.0,               0.0,             0.0,               0.0,                 0.0,              102.0
SBJ3628,           0,          1,            3,              0.0,               0.0,             0.0,               0.0,                 0.0,                0.0
MCH3354,           0,         54,           24,              0.0,               0.0,             0.0,            1657.0,               482.0,              643.0
NGV3638,           0,          1,            7,              0.0,               0.0,             0.0,               0.0,                 0.0,                8.0
PDC1453,           0,          1,            4,              0.0,               0.0,             0.0,               0.0,                 0.0,               44.0
SNV2423,           0,          1,            8,              0.0,               0.0,             0.0,               0.0,                 0.0,              599.0
MNC3485,           0,          1,            4,              0.0,               0.0,             0.0,               0.0,                 0.0,              132.0
SBG3983,           0,         40,           20,              0.0,               0.0,             0.0,               0.0,                 0.0,               12.0
ZVS1637,           0,          1,            4,              0.0,               0.0,             0.0,               0.0,                 0.0,                0.0
ULP1169,           0,          1,            3,              0.0,               0.0,             0.0,               0.0,                 0.0,               39.0
CDW2000,           0,          1,            8,              0.0,               0.0,             0.0,               0.0,                 0.0,               72.0
ACL2943,           0,          1,           10,              0.0,               0.0,             0.0,               0.0,                 0.0,               90.0
YKW1763,           0,        953,           24,              0.0,               0.0,             0.0,               0.0,                 0.0,               52.0
OJM1324,           0,          1,            4,              0.0,               0.0,             0.0,               0.0,                 0.0,               29.0
SRC2524,           0,          1,            4,              0.0,               0.0,             0.0,               0.0,                 0.0,               89.0
XAB3746,           0,         39,           12,              0.0,               0.0,             0.0,               0.0,                 0.0,                7.0
EMH1957,           0,          1,            3,              0.0,               0.0,             0.0,               0.0,                 0.0,                0.0
WGC1081,           0,          1,            3,              0.0,               0.0,             0.0,               0.0,                 0.0,               82.0
ESN2683,           0,          1,            4,              0.0,               0.0,             0.0,               0.0,                 0.0,               51.0
WNO1466,           0,        110,           24,              0.0,               0.0,             0.0,               0.0,                 0.0,              187.0
WMM3904,           0,          1,            2,              0.0,               0.0,             0.0,               0.0,                 0.0,                0.0
CHL3430,           0,          1,            3,              0.0,               0.0,             0.0,               0.0,                 0.0,               83.0
CPM1627,           0,          1,            8,              0.0,               0.0,             0.0,               0.0,                 0.0,               28.0
BMR1662,           0,          1,            3,              0.0,               0.0,             0.0,               0.0,                 0.0,               95.0
TCR3994,           0,          1,            2,              0.0,               0.0,             0.0,               0.0,                 0.0,               14.0
BKS1860,           0,          1,            2,              0.0,               0.0,             0.0,               0.0,                 0.0,                0.0
REL3735,           0,          1,            4,              0.0,               0.0,             0.0,               0.0,                 0.0,              121.0
CHH2272,           0,          1,            7,              0.0,               0.0,             0.0,               0.0,                 0.0,               62.0
TJT3412,           0,          1,            3,              0.0,               0.0,             0.0,               0.0,                 0.0,                0.0
AHH1966,           0,          1,            3,              0.0,               0.0,             0.0,               0.0,                 0.0,                0.0
IRW2130,           0,          1,            3,              0.0,               0.0,             0.0,               0.0,                 0.0,                0.0
KKP2284,           0,          1,            4,              0.0,               0.0,             0.0,               0.0,                 0.0,               13.0
ANH3059,           0,          1,            4,              0.0,               0.0,             0.0,               0.0,                 0.0,               69.0
CTG3770,           0,          1,            4,              0.0,               0.0,             0.0,               0.0,                 0.0,               47.0
MHH0034,           0,          1,            2,              0.0,               0.0,             0.0,               0.0,                 0.0,               60.0
KRM3125,           0,          1,            8,              0.0,               0.0,             0.0,             827.0,              1407.0,              255.0
FSM0056,           0,         26,           10,              0.0,               0.0,             0.0,             657.0,              1109.0,              197.0
AKS3496,           0,          6,            9,              0.0,               0.0,             0.0,             491.0,               678.0,              156.0
GAB1885,           0,          1,            4,              0.0,               0.0,             0.0,               0.0,                 0.0,               71.0
HCS2231,           0,         57,           10,              0.0,               0.0,             0.0,             294.0,               511.0,               99.0
CKC3072,           0,          1,            2,              0.0,               0.0,             0.0,               0.0,                 0.0,                0.0
JSN0214,           0,         55,           12,              0.0,               0.0,             0.0,            2569.0,              4292.0,              711.0
CBM0410,           0,         14,           24,              0.0,               0.0,             0.0,               0.0,                 0.0,              802.0
PLH1807,           0,         36,           24,              0.0,               0.0,             0.0,             882.0,              1500.0,              248.0
ACG3819,           0,         21,           24,              0.0,               0.0,             0.0,             272.0,               523.0,              117.0
NIW3071,           0,         56,           11,              0.0,               0.0,             0.0,              52.0,               116.0,               67.0
FPL3129,           0,          1,            4,              0.0,               0.0,             0.0,               0.0,                 0.0,               16.0
TCB0061,           0,        107,            9,              0.0,               0.0,             0.0,               0.0,                 0.0,              105.0
WGD3156,           0,          1,           10,              0.0,               0.0,             0.0,               0.0,                 0.0,               14.0
BLS1973,           0,         21,           13,              0.0,               0.0,             0.0,               0.0,                 0.0,               69.0
AHG1408,           0,          1,            2,              0.0,               0.0,             0.0,               0.0,                 0.0,                0.0
RMR0341,           0,          1,            3,              0.0,               0.0,             0.0,               0.0,                 0.0,                0.0
ATB1273,           0,          1,           10,              0.0,               0.0,             0.0,               0.0,                 0.0,              198.0
CKP3600,           0,          1,            8,              0.0,               0.0,             0.0,              71.0,               128.0,               71.0
JJB3398,           0,          1,            4,              0.0,               0.0,             0.0,               0.0,                 0.0,                0.0
TSS3643,           0,          1,            2,              0.0,               0.0,             0.0,               0.0,                 0.0,               15.0
ACW1707,           0,          1,            3,              0.0,               0.0,             0.0,               0.0,                 0.0,               49.0
SHW3011,           0,          1,            4,              0.0,               0.0,             0.0,               0.0,                 0.0,                0.0
PTS0531,           0,         13,            9,              0.0,               0.0,             0.0,               0.0,                 0.0,                0.0
KNS2828,           0,          1,            4,              0.0,               0.0,             0.0,               0.0,                 0.0,               12.0
GVC0049,           0,        237,           23,              0.0,               0.0,             0.0,               0.0,                 0.0,               11.0
DLM0608,           0,          1,            4,              0.0,               0.0,             0.0,               0.0,                 0.0,               19.0
DCM3596,           0,         27,           24,              0.0,               0.0,             0.0,               0.0,                 0.0,              123.0
WNC0858,           0,          1,            2,              0.0,               0.0,             0.0,               0.0,                 0.0,                0.0
MSP3845,           0,         65,           13,              0.0,               0.0,             0.0,             206.0,               645.0,              581.0
CDP2892,           0,          1,            3,              0.0,               0.0,             0.0,               0.0,                 0.0,               99.0
JCB2089,           0,         56,           10,              0.0,               0.0,             0.0,            1974.0,              3281.0,              564.0
KBA1020,           0,          1,            4,              0.0,               0.0,             0.0,               0.0,                 0.0,                0.0
GJB2659,           0,         24,           11,              0.0,               0.0,             0.0,             181.0,               336.0,               95.0
ACM2278,           0,          1,           14,              0.0,               0.0,             0.0,               7.0,                22.0,               83.0
NPR1612,           0,          1,            8,              0.0,               0.0,             0.0,               0.0,                 0.0,               45.0
RIJ2470,           0,          1,            3,              0.0,               0.0,             0.0,               0.0,                 0.0,                0.0
RRA0643,           0,          1,            4,              0.0,               0.0,             0.0,               0.0,                 0.0,               31.0
GOM0090,           0,          1,            4,              0.0,               0.0,             0.0,               0.0,                 0.0,               35.0
LRT0447,           0,          1,            4,              0.0,               0.0,             0.0,               0.0,                 0.0,               68.0
ACB0701,           0,          1,           20,              0.0,               0.0,             0.0,             212.0,               219.0,              242.0
NRG1562,           0,          1,           16,              0.0,               0.0,             0.0,              96.0,               145.0,              108.0
LAN2608,           0,        108,           12,              0.0,               0.0,             0.0,               0.0,                 0.0,              133.0
HBB1759,           0,       1056,           24,              0.0,               0.0,             0.0,               0.0,                 0.0,              155.0
CGW3093,           0,          1,            4,              0.0,               0.0,             0.0,               0.0,                 0.0,               18.0
KDT1190,           0,          1,            4,              0.0,               0.0,             0.0,               0.0,                 0.0,               21.0
CCH1724,           0,          1,            4,              0.0,               0.0,             0.0,               0.0,                 0.0,                0.0
SJB2984,           0,          1,            2,              0.0,               0.0,             0.0,               0.0,                 0.0,                0.0
SXR0964,           0,          1,            3,              0.0,               0.0,             0.0,               0.0,                 0.0,               30.0
NDS1897,           0,          1,            3,              0.0,               0.0,             0.0,               0.0,                 0.0,               18.0
GMA1698,           0,          1,            9,              0.0,               0.0,             0.0,               0.0,                 0.0,               41.0
RIK1631,           0,          1,            4,              0.0,               0.0,             0.0,               0.0,                 0.0,               18.0
SAM3862,           0,          1,            4,              0.0,               0.0,             0.0,               0.0,                 0.0,                0.0
SJG1194,           0,          1,            2,              0.0,               0.0,             0.0,               0.0,                 0.0,               68.0
NBW2810,           0,         82,           12,              0.0,               0.0,             0.0,             176.0,               356.0,              158.0
RPW2445,           0,          1,            2,              0.0,               0.0,             0.0,               0.0,                 0.0,               21.0
RTW2758,           0,          1,            4,              0.0,               0.0,             0.0,               0.0,                 0.0,               55.0
BRC1811,           0,          1,           20,              0.0,               0.0,             0.0,               0.0,                 0.0,                7.0
NYS2040,           0,          1,            2,              0.0,               0.0,             0.0,               0.0,                 0.0,               53.0
POD0750,           0,         89,           11,              0.0,               0.0,             0.0,               0.0,                 0.0,              555.0
MNW2267,           0,         31,           11,              0.0,               0.0,             0.0,               0.0,                 0.0,              620.0
DYH0315,           0,          1,            4,              0.0,               0.0,             0.0,               0.0,                 0.0,               17.0
KCH2475,           0,          1,           17,              0.0,               0.0,             0.0,               0.0,                 0.0,               23.0
PIM3569,           0,          1,            8,              0.0,               0.0,             0.0,               0.0,                 0.0,              147.0
KSM1772,           0,        941,           24,              0.0,               0.0,             0.0,               0.0,                 0.0,               21.0
BTG3468,           0,          1,            4,              0.0,               0.0,             0.0,               0.0,                 0.0,               21.0
HCF2857,           0,         13,           11,              0.0,               0.0,             0.0,             229.0,               435.0,               70.0
SLD1639,           0,          1,            4,              0.0,               0.0,             0.0,               0.0,                 0.0,                0.0
NNJ2986,           0,          1,            2,              0.0,               0.0,             0.0,               0.0,                 0.0,                0.0
WBB2321,           0,         72,           11,              0.0,               0.0,             0.0,               0.0,                 0.0,              371.0
KOP3802,           0,          1,            3,              0.0,               0.0,             0.0,               0.0,                 0.0,                0.0
HYV1658,           0,          1,            3,              0.0,               0.0,             0.0,               0.0,                 0.0,                0.0
IGB1902,           0,          1,            5,              0.0,               0.0,             0.0,               0.0,                 0.0,               65.0
SHC1585,           0,          1,            4,              0.0,               0.0,             0.0,               0.0,                 0.0,                0.0
GUC3945,           0,          1,           10,              0.0,               0.0,             0.0,               0.0,                 0.0,               10.0
LCC2503,           0,          1,            2,              0.0,               0.0,             0.0,               0.0,                 0.0,               15.0
KBG1117,           0,         72,           23,              0.0,               0.0,             0.0,               0.0,                 0.0,               30.0
DOW1266,           0,          1,            4,              0.0,               0.0,             0.0,               0.0,                 0.0,                0.0
CEB3714,           0,          1,            4,              0.0,               0.0,             0.0,               0.0,                 0.0,                0.0
HWP0364,           0,          1,            9,              0.0,               0.0,             0.0,             900.0,              1557.0,              391.0
CMC1642,           0,          1,           10,              0.0,               0.0,             0.0,               0.0,                 0.0,               11.0
RPF2614,           0,          1,            2,              0.0,               0.0,             0.0,               0.0,                 0.0,               55.0
LNB2991,           0,          1,            2,              0.0,               0.0,             0.0,               0.0,                 0.0,                0.0
SDB3500,           0,          1,            3,              0.0,               0.0,             0.0,               0.0,                 0.0,                0.0
QGS3009,           0,          1,            2,              0.0,               0.0,             0.0,               0.0,                 0.0,               29.0
ADV2467,           0,          1,            2,              0.0,               0.0,             0.0,               0.0,                 0.0,                0.0
LIC3646,           0,          1,            4,              0.0,               0.0,             0.0,               0.0,                 0.0,               13.0
ETB0828,           0,          1,            4,              0.0,               0.0,             0.0,               0.0,                 0.0,               59.0
CDS2792,           0,          1,            4,              0.0,               0.0,             0.0,               0.0,                 0.0,                0.0
JWB1519,           0,          1,            4,              0.0,               0.0,             0.0,               0.0,                 0.0,                8.0
ZER0085,           0,          1,            2,              0.0,               0.0,             0.0,               0.0,                 0.0,                0.0
KNL0918,           0,          1,            4,              0.0,               0.0,             0.0,               0.0,                 0.0,               68.0
MAR2386,           0,          1,            4,              0.0,               0.0,             0.0,            2656.0,              4459.0,              747.0
NLP0155,           0,          1,            4,              0.0,               0.0,             0.0,               0.0,                 0.0,               19.0
WYC3397,           0,          1,            4,              0.0,               0.0,             0.0,               0.0,                 0.0,                0.0
COD2351,           0,          1,            2,              0.0,               0.0,             0.0,               0.0,                 0.0,               28.0
JSB0320,           0,          1,            7,              0.0,               0.0,             0.0,               0.0,                 0.0,               41.0
GMY3938,           0,          1,            4,              0.0,               0.0,             0.0,               0.0,                 0.0,               15.0
HAL1200,           0,          1,            2,              0.0,               0.0,             0.0,               0.0,                 0.0,               17.0
KEF0629,           0,         25,           24,              0.0,               0.0,             0.0,             248.0,               182.0,              191.0
NKN3153,           0,          1,            4,              0.0,               0.0,             0.0,               0.0,                 0.0,                0.0
AKL1605,           0,          4,           10,              0.0,               0.0,             0.0,            1793.0,              3217.0,              487.0
INR0927,           0,          1,            3,              0.0,               0.0,             0.0,               0.0,                 0.0,               13.0
BWA2593,           0,          1,            8,              0.0,               0.0,             0.0,               0.0,                 0.0,               72.0
HES2103,           0,         13,           20,              0.0,               0.0,             0.0,               0.0,                 0.0,               41.0
RAS0223,           0,          1,            3,              0.0,               0.0,             0.0,               0.0,                 0.0,              132.0
KMB1379,           0,          1,            3,              0.0,               0.0,             0.0,               0.0,                 0.0,               17.0
GSA2720,           0,          1,            3,              0.0,               0.0,             0.0,               0.0,                 0.0,               42.0
GFV3163,           0,          1,            4,              0.0,               0.0,             0.0,               0.0,                 0.0,               44.0
RMR2694,           0,          1,            2,              0.0,               0.0,             0.0,               0.0,                 0.0,               69.0
XFF1302,           0,          4,            5,              0.0,               0.0,             0.0,               0.0,                 0.0,                0.0
THF2879,           0,         22,           11,              0.0,               0.0,             0.0,              55.0,               124.0,              218.0
RMB0885,           0,          1,            2,              0.0,               0.0,             0.0,               0.0,                 0.0,                0.0
DWB3085,           0,         95,           11,              0.0,               0.0,             0.0,             706.0,              1260.0,              224.0
HNM3405,           0,         90,           24,              0.0,               0.0,             0.0,             380.0,               686.0,              122.0
UMB0055,           0,         79,           12,              0.0,               0.0,             0.0,            1172.0,              1930.0,              319.0
ADM0923,           0,         84,           23,              0.0,               0.0,             0.0,             136.0,               323.0,              667.0
WZG3563,           0,        105,           10,              0.0,               0.0,             0.0,               0.0,                 0.0,               87.0
SAB1954,           0,         21,           23,              0.0,               0.0,             0.0,             180.0,               115.0,              519.0
XJB0548,           0,          1,            2,              0.0,               0.0,             0.0,               0.0,                 0.0,                0.0
RNB0519,           0,          1,            4,              0.0,               0.0,             0.0,               0.0,                 0.0,                0.0
ABK0481,           0,          1,            3,              0.0,               0.0,             0.0,               0.0,                 0.0,                5.0
KEW2795,           0,          1,            4,              0.0,               0.0,             0.0,               0.0,                 0.0,               23.0
ALP2955,           0,          1,            4,              0.0,               0.0,             0.0,               0.0,                 0.0,               46.0
KNB0560,           0,          1,            2,              0.0,               0.0,             0.0,               0.0,                 0.0,                0.0
DBS0880,           0,          1,            3,              0.0,               0.0,             0.0,               0.0,                 0.0,                7.0
CCB3055,           0,        965,           24,              0.0,               0.0,             0.0,               0.0,                 0.0,              157.0
WEV2867,           0,         81,           11,              0.0,               0.0,             0.0,               0.0,                 0.0,               19.0
REC2555,           0,          1,            2,              0.0,               0.0,             0.0,               0.0,                 0.0,               32.0
IHW2112,           0,          1,            8,              0.0,               0.0,             0.0,               0.0,                 0.0,               87.0
SGP1124,           0,          1,            9,              0.0,               0.0,             0.0,               0.0,                 0.0,               79.0
MAY0978,           0,          1,            4,              0.0,               0.0,             0.0,               0.0,                 0.0,               13.0
WAA2573,           0,          1,            8,              0.0,               0.0,             0.0,               0.0,                 0.0,                6.0
DBC3871,           0,         91,            9,              0.0,               0.0,             0.0,             651.0,              1143.0,              207.0
RRT1417,           0,          1,            7,              0.0,               0.0,             0.0,               0.0,                 0.0,               94.0
KCB1975,           0,         84,           13,              0.0,               0.0,             0.0,               0.0,                 0.0,               85.0
SJS0323,           0,          1,            4,              0.0,               0.0,             0.0,               0.0,                 0.0,               13.0
PLH0411,           0,          1,            3,              0.0,               0.0,             0.0,               0.0,                 0.0,               32.0
IMS2191,           0,          1,            2,              0.0,               0.0,             0.0,               0.0,                 0.0,               19.0
DSB2734,           0,          1,            4,              0.0,               0.0,             0.0,               0.0,                 0.0,               52.0
ACG0312,           0,        110,            9,              0.0,               0.0,             0.0,               0.0,                 0.0,               20.0
GSM0930,           0,         93,           10,              0.0,               0.0,             0.0,               0.0,                 0.0,               14.0
CBG2875,           0,        108,           11,              0.0,               0.0,             0.0,               0.0,                 0.0,               96.0
WAS2214,           0,          6,           16,              0.0,               0.0,             0.0,            3015.0,              5060.0,              806.0
CHA3190,           0,         30,            9,              0.0,               0.0,             0.0,               0.0,                 0.0,              703.0
SRR2711,           0,        107,            9,              0.0,               0.0,             0.0,             188.0,               380.0,              141.0
XIW0171,           0,         38,           11,              0.0,               0.0,             0.0,             159.0,               339.0,               76.0
KPB1123,           0,        126,           14,              0.0,               0.0,             0.0,               0.0,                 0.0,              100.0
SKF2105,           0,          8,           21,              0.0,               0.0,             0.0,             196.0,               436.0,              294.0
RJM3957,           0,         89,           11,              0.0,               0.0,             0.0,               0.0,                 0.0,               21.0
HBS2551,           0,          1,           10,              0.0,               0.0,             0.0,               0.0,                 0.0,               62.0
GES2626,           0,          1,           10,              0.0,               0.0,             0.0,               0.0,                 0.0,               49.0
YBJ0071,           0,          1,            4,              0.0,               0.0,             0.0,               0.0,                 0.0,              237.0
SME1984,           0,          1,            4,              0.0,               0.0,             0.0,               0.0,                 0.0,               26.0
MUH3099,           0,          1,            4,              0.0,               0.0,             0.0,               0.0,                 0.0,                0.0
MDM2496,           0,          1,            4,              0.0,               0.0,             0.0,               0.0,                 0.0,               59.0
CJM0584,           0,          1,            2,              0.0,               0.0,             0.0,              61.0,                88.0,               63.0
BIT2790,           0,          1,            9,              0.0,               0.0,             0.0,               0.0,                 0.0,               10.0
UCW2995,           0,         22,           10,              0.0,               0.0,             0.0,             231.0,               427.0,              101.0
ATC0218,           0,          1,            4,              0.0,               0.0,             0.0,               0.0,                 0.0,                0.0
MAM2630,           0,          1,            4,              0.0,               0.0,             0.0,               0.0,                 0.0,               26.0
SKB2635,           0,          1,            4,              0.0,               0.0,             0.0,               0.0,                 0.0,                0.0
MSB2786,           0,          1,            3,              0.0,               0.0,             0.0,               0.0,                 0.0,               21.0
KKS3790,           0,          1,            4,              0.0,               0.0,             0.0,               0.0,                 0.0,               87.0
SAR2066,           0,          1,            7,              0.0,               0.0,             0.0,               0.0,                 0.0,              281.0
QIC1832,           0,          1,            4,              0.0,               0.0,             0.0,               0.0,                 0.0,                0.0
YHB2355,           0,         81,           11,              0.0,               0.0,             0.0,              66.0,               127.0,              194.0
LSM2234,           0,          1,            4,              0.0,               0.0,             0.0,               0.0,                 0.0,               10.0
LNK3345,           0,         25,           12,              0.0,               0.0,             0.0,               0.0,                 0.0,               11.0
CAM0679,           0,          1,            7,              0.0,               0.0,             0.0,             254.0,               476.0,              102.0
AZA1012,           0,          1,            9,              0.0,               0.0,             0.0,               0.0,                 0.0,               34.0
POS0615,           0,          1,           18,              0.0,               0.0,             0.0,               0.0,                 0.0,              231.0
RCL0068,           0,          1,            4,              0.0,               0.0,             0.0,               0.0,                 0.0,                0.0
VDH0766,           0,          1,            4,              0.0,               0.0,             0.0,               0.0,                 0.0,               40.0
DHL2219,           0,          1,           10,              0.0,               0.0,             0.0,             788.0,              1369.0,              219.0
TDR0111,           0,          1,            7,              0.0,               0.0,             0.0,             111.0,               202.0,               48.0
BFD1111,           0,          1,            4,              0.0,               0.0,             0.0,               0.0,                 0.0,               54.0
IRS1337,           0,         27,           10,              0.0,               0.0,             0.0,             410.0,               703.0,              133.0
TRW3172,           0,          1,            4,              0.0,               0.0,             0.0,               0.0,                 0.0,                0.0
AAC0668,           0,          1,            4,              0.0,               0.0,             0.0,               0.0,                 0.0,               62.0
SGR1164,           0,         37,           13,              0.0,               0.0,             0.0,               0.0,                 0.0,                0.0
RCD2501,           0,          1,            4,              0.0,               0.0,             0.0,               0.0,                 0.0,               35.0
RJH3796,           0,          1,            2,              0.0,               0.0,             0.0,               0.0,                 0.0,               54.0
GHM3953,           0,          1,            4,              0.0,               0.0,             0.0,               0.0,                 0.0,                0.0
VON3443,           0,          1,            2,              0.0,               0.0,             0.0,               0.0,                 0.0,                0.0
PDM0304,           0,          1,            4,              0.0,               0.0,             0.0,               0.0,                 0.0,                0.0
SCP3664,           0,          1,            4,              0.0,               0.0,             0.0,               0.0,                 0.0,               17.0
TBL2581,           0,        109,           24,              0.0,               0.0,             0.0,             155.0,               294.0,              110.0
LFS0392,           0,          1,            2,              0.0,               0.0,             0.0,               0.0,                 0.0,                9.0
MLV0088,           0,          1,            4,              0.0,               0.0,             0.0,               0.0,                 0.0,               16.0
JIP3170,           0,          1,            4,              0.0,               0.0,             0.0,               0.0,                 0.0,                0.0
BMC3636,           0,         97,           24,              0.0,               0.0,             0.0,              75.0,               170.0,              256.0
VSC0775,           0,         60,           24,              0.0,               0.0,             0.0,               0.0,                 0.0,              696.0
ERF2472,           0,         85,           10,              0.0,               0.0,             0.0,               0.0,                 0.0,              562.0
WTG3411,           0,          1,            2,              0.0,               0.0,             0.0,               0.0,                 0.0,               49.0
CLD1641,           0,          1,            4,              0.0,               0.0,             0.0,               0.0,                 0.0,               30.0
FGC0114,           0,         43,            9,              0.0,               0.0,             0.0,             249.0,               420.0,              147.0
FCY1819,           0,          1,            2,              0.0,               0.0,             0.0,               0.0,                 0.0,                0.0
VPG2530,           0,         83,           10,              0.0,               0.0,             0.0,               0.0,                 0.0,               64.0
SME0418,           0,          1,            4,              0.0,               0.0,             0.0,               0.0,                 0.0,               19.0
ATM1003,           0,          1,            4,              0.0,               0.0,             0.0,               0.0,                 0.0,                0.0
JMV0602,           0,          9,           11,              0.0,               0.0,             0.0,             181.0,               163.0,              247.0
SZC2235,           0,          1,            4,              0.0,               0.0,             0.0,               0.0,                 0.0,                0.0
GPL1911,           0,          1,            2,              0.0,               0.0,             0.0,               0.0,                 0.0,               56.0
JIB1218,           0,          1,            4,              0.0,               0.0,             0.0,               0.0,                 0.0,                0.0
GSH1593,           0,          1,            3,              0.0,               0.0,             0.0,               0.0,                 0.0,               60.0
LRS1165,           0,          1,            4,              0.0,               0.0,             0.0,               0.0,                 0.0,               49.0
ADG1430,           0,          1,            8,              0.0,               0.0,             0.0,               0.0,                 0.0,              116.0
BHD2088,           0,         36,           22,              0.0,               0.0,             0.0,              71.0,               161.0,               57.0
JDB0738,           0,          1,            8,              0.0,               0.0,             0.0,               0.0,                 0.0,               60.0
GLN2107,           0,         22,           13,              0.0,               0.0,             0.0,             422.0,               448.0,              484.0
WRJ2184,           0,         55,            9,              0.0,               0.0,             0.0,             132.0,               241.0,              111.0
KSH0672,           0,          1,            4,              0.0,               0.0,             0.0,               0.0,                 0.0,               11.0
SWE3155,           0,          1,           10,              0.0,               0.0,             0.0,               0.0,                 0.0,               90.0
QXH0396,           0,          1,            8,              0.0,               0.0,             0.0,               0.0,                 0.0,               21.0
RAS0356,           0,          1,            3,              0.0,               0.0,             0.0,               0.0,                 0.0,                0.0
CGB2215,           0,          1,            4,              0.0,               0.0,             0.0,               0.0,                 0.0,                0.0
CBB2904,           0,         16,           11,              0.0,               0.0,             0.0,             673.0,              1122.0,              187.0
MMD2022,           0,          1,            2,              0.0,               0.0,             0.0,               0.0,                 0.0,               50.0
MSB0830,           0,          1,            4,              0.0,               0.0,             0.0,               0.0,                 0.0,                0.0
NBR1873,           0,          1,            2,              0.0,               0.0,             0.0,               0.0,                 0.0,               47.0
RTP0754,           0,         58,           11,              0.0,               0.0,             0.0,              64.0,                94.0,              446.0
ZJA2373,           0,          1,            4,              0.0,               0.0,             0.0,               0.0,                 0.0,               45.0
HYK3300,           0,          1,            8,              0.0,               0.0,             0.0,             937.0,              1565.0,              250.0
BKF2204,           0,         24,           13,              0.0,               0.0,             0.0,               0.0,                 0.0,               29.0
KCF0450,           0,          1,            9,              0.0,               0.0,             0.0,               0.0,                 0.0,              135.0
NCR2854,           0,         67,           11,              0.0,               0.0,             0.0,             283.0,               495.0,               80.0
CHH3583,           0,          1,            4,              0.0,               0.0,             0.0,               0.0,                 0.0,               80.0
NEC2033,           0,          1,            2,              0.0,               0.0,             0.0,               0.0,                 0.0,               85.0
PAA2738,           0,        102,           13,              0.0,               0.0,             0.0,               0.0,                 0.0,               76.0
CIJ3941,           0,          1,            4,              0.0,               0.0,             0.0,               0.0,                 0.0,                0.0
BEH2307,           0,         18,            9,              0.0,               0.0,             0.0,               0.0,                 0.0,              260.0
KLD2255,           0,          1,            2,              0.0,               0.0,             0.0,               0.0,                 0.0,               14.0
LND2704,           0,          1,            7,              0.0,               0.0,             0.0,               0.0,                 0.0,               70.0
KCO0287,           0,          1,            3,              0.0,               0.0,             0.0,               0.0,                 0.0,                0.0
SDM3560,           0,          1,            3,              0.0,               0.0,             0.0,               0.0,                 0.0,               26.0
TEW0693,           0,         47,            9,              0.0,               0.0,             0.0,               0.0,                 0.0,               62.0
KVB3830,           0,          1,            3,              0.0,               0.0,             0.0,               0.0,                 0.0,                0.0
EJP2975,           0,         44,            9,              0.0,               0.0,             0.0,               0.0,                 0.0,              279.0
HDB1666,           0,          1,           19,              0.0,               0.0,             0.0,             362.0,               659.0,              122.0
LAR0625,           0,         95,           22,              0.0,               0.0,             0.0,               0.0,                 0.0,               35.0
GKA3690,           0,          1,            3,              0.0,               0.0,             0.0,               0.0,                 0.0,                0.0
SKM1287,           0,          1,            4,              0.0,               0.0,             0.0,               0.0,                 0.0,               86.0
MCJ3137,           0,          1,            4,              0.0,               0.0,             0.0,               0.0,                 0.0,               40.0
CSM1212,           0,         54,           12,              0.0,               0.0,             0.0,               0.0,                 0.0,               13.0
NDW1863,           0,          1,            9,              0.0,               0.0,             0.0,               0.0,                 0.0,              164.0
EDJ1970,           0,          1,            8,              0.0,               0.0,             0.0,               0.0,                 0.0,              307.0
BLB1876,           0,         95,           10,              0.0,               0.0,             0.0,             519.0,              1262.0,              976.0
TDK1689,           0,        134,           12,              0.0,               0.0,             0.0,             169.0,               336.0,               78.0
JHF0480,           0,          1,           18,              0.0,               0.0,             0.0,               0.0,                 0.0,               49.0
LOC0416,           0,          1,            4,              0.0,               0.0,             0.0,               0.0,                 0.0,                0.0
XEJ0773,           0,          1,            4,              0.0,               0.0,             0.0,               0.0,                 0.0,                0.0
JCP3883,           0,         22,           24,              0.0,               0.0,             0.0,               0.0,                 0.0,               55.0
BQW1904,           0,          1,            2,              0.0,               0.0,             0.0,               0.0,                 0.0,               48.0
FES3442,           0,          1,            2,              0.0,               0.0,             0.0,               0.0,                 0.0,               38.0
CCG1025,           0,         20,           11,              0.0,               0.0,             0.0,               0.0,                 0.0,              100.0
EGP2104,           0,          1,            2,              0.0,               0.0,             0.0,               0.0,                 0.0,               33.0
AMB3100,           0,        118,           12,              0.0,               0.0,             0.0,             162.0,               337.0,              122.0
AGS2462,           0,          1,            3,              0.0,               0.0,             0.0,               0.0,                 0.0,                0.0
SWE1349,           0,          1,            4,              0.0,               0.0,             0.0,               0.0,                 0.0,               29.0
ASK2349,           0,          1,            4,              0.0,               0.0,             0.0,               0.0,                 0.0,               17.0
ACA0360,           0,          1,            3,              0.0,               0.0,             0.0,               0.0,                 0.0,               22.0
DHG0533,           0,         52,            9,              0.0,               0.0,             0.0,             492.0,               936.0,              176.0
ZAP1762,           0,        951,           24,              0.0,               0.0,             0.0,               0.0,                 0.0,              169.0
NSC1939,           0,          1,           10,              0.0,               0.0,             0.0,              96.0,               169.0,               46.0
MRT1855,           0,          1,            2,              0.0,               0.0,             0.0,               0.0,                 0.0,                0.0
KNA1279,           0,          1,            4,              0.0,               0.0,             0.0,               0.0,                 0.0,               44.0
BNK0087,           0,          1,            4,              0.0,               0.0,             0.0,               0.0,                 0.0,               17.0
MDS0759,           0,          1,           10,              0.0,               0.0,             0.0,               0.0,                 0.0,               48.0
CKL3556,           0,         24,            4,              0.0,               0.0,             0.0,               0.0,                 0.0,               46.0
BIG3946,           0,          1,            4,              0.0,               0.0,             0.0,               0.0,                 0.0,                0.0
UYW1162,           0,          1,            3,              0.0,               0.0,             0.0,               0.0,                 0.0,                0.0
MHM2370,           0,          1,            2,              0.0,               0.0,             0.0,               0.0,                 0.0,                9.0
MCF3187,           0,          1,            2,              0.0,               0.0,             0.0,               0.0,                 0.0,              144.0
SJG1510,           0,          1,            4,              0.0,               0.0,             0.0,               0.0,                 0.0,               12.0
ZXM3086,           0,          1,            4,              0.0,               0.0,             0.0,               0.0,                 0.0,               80.0
RHO0678,           0,          1,           17,              0.0,               0.0,             0.0,               0.0,                 0.0,               49.0
QKV2583,           0,          1,            3,              0.0,               0.0,             0.0,               0.0,                 0.0,                0.0
YJP2791,           0,          1,            4,              0.0,               0.0,             0.0,               0.0,                 0.0,                0.0
IHH2831,           0,          1,            4,              0.0,               0.0,             0.0,               0.0,                 0.0,               16.0
KBB0460,           0,        939,           24,              0.0,               0.0,             0.0,               0.0,                 0.0,              126.0
ISR1364,           0,         78,           13,              0.0,               0.0,             0.0,             895.0,              1603.0,              301.0
KAA2259,           0,          1,            2,              0.0,               0.0,             0.0,               0.0,                 0.0,               84.0
KCT3965,           0,          1,            4,              0.0,               0.0,             0.0,               0.0,                 0.0,               21.0
GJG1087,           0,          1,           10,              0.0,               0.0,             0.0,               0.0,                 0.0,               44.0
BKR3302,           0,          1,            4,              0.0,               0.0,             0.0,               0.0,                 0.0,                0.0
TSH3841,           0,          1,            2,              0.0,               0.0,             0.0,               0.0,                 0.0,               57.0
OAW3013,           0,          1,            4,              0.0,               0.0,             0.0,             141.0,               257.0,               45.0
RJB1424,           0,          1,            3,              0.0,               0.0,             0.0,               0.0,                 0.0,                0.0
HKA0686,           0,          1,            2,              0.0,               0.0,             0.0,               0.0,                 0.0,               77.0
DBG3320,           0,          1,            4,              0.0,               0.0,             0.0,               0.0,                 0.0,                0.0
KFG2735,           0,          1,            8,              0.0,               0.0,             0.0,               0.0,                 0.0,               14.0
CBA1023,           0,         26,           13,              0.0,               0.0,             0.0,             262.0,               460.0,              119.0
JJB1598,           0,          1,           17,              0.0,               0.0,             0.0,               0.0,                 0.0,              104.0
HLC0943,           0,         80,           10,              0.0,               0.0,             0.0,               0.0,                 0.0,               53.0
XRP3102,           0,          1,            4,              0.0,               0.0,             0.0,               0.0,                 0.0,                0.0
DTH1333,           0,         58,           22,              0.0,               0.0,             0.0,             684.0,              1174.0,              221.0
SLM2404,           0,          1,            2,              0.0,               0.0,             0.0,               0.0,                 0.0,              124.0
SHB3512,           0,         15,           23,              0.0,               0.0,             0.0,               0.0,                 0.0,              191.0
ABG3605,           0,          1,            3,              0.0,               0.0,             0.0,               0.0,                 0.0,               64.0
SBH3683,           0,          1,            3,              0.0,               0.0,             0.0,               0.0,                 0.0,               13.0
MBP1960,           0,          1,            2,              0.0,               0.0,             0.0,               0.0,                 0.0,                5.0
ADS2428,           0,        923,           23,              0.0,               0.0,             0.0,               0.0,                 0.0,               27.0
RFB2959,           0,          1,           10,              0.0,               0.0,             0.0,               0.0,                 0.0,              763.0
AVV2056,           0,          1,            4,              0.0,               0.0,             0.0,               0.0,                 0.0,                0.0
RKL2682,           0,          1,            4,              0.0,               0.0,             0.0,               0.0,                 0.0,               39.0
TJB2532,           0,          1,            4,              0.0,               0.0,             0.0,               0.0,                 0.0,                0.0
IIB2553,           0,          1,            4,              0.0,               0.0,             0.0,               0.0,                 0.0,               28.0
GAF2480,           0,          1,           22,              0.0,               0.0,             0.0,             313.0,               539.0,              102.0
DCC2999,           0,         27,           12,              0.0,               0.0,             0.0,               0.0,                 0.0,              152.0
REF3266,           0,         17,           24,              0.0,               0.0,             0.0,             776.0,              1553.0,              349.0
TRC1831,           0,          1,            4,              0.0,               0.0,             0.0,               0.0,                 0.0,                0.0
JSB2942,           0,          1,            4,              0.0,               0.0,             0.0,               0.0,                 0.0,               82.0
SCJ2279,           0,          1,            2,              0.0,               0.0,             0.0,               0.0,                 0.0,              109.0
KAG0689,           0,        117,           24,              0.0,               0.0,             0.0,               0.0,                 0.0,              647.0
KSN3347,           0,          1,            3,              0.0,               0.0,             0.0,               0.0,                 0.0,                0.0
ARV0704,           0,          1,            7,              0.0,               0.0,             0.0,             325.0,               585.0,              110.0
ILS0713,           0,          1,            2,              0.0,               0.0,             0.0,               0.0,                 0.0,               13.0
LRS1168,           0,          1,            3,              0.0,               0.0,             0.0,               0.0,                 0.0,               37.0
JZM1335,           0,          1,            4,              0.0,               0.0,             0.0,               0.0,                 0.0,               30.0
AFB1626,           0,          1,            4,              0.0,               0.0,             0.0,               0.0,                 0.0,                0.0
CSC0233,           0,          1,            2,              0.0,               0.0,             0.0,               0.0,                 0.0,              107.0
RSV3166,           0,          2,            9,              0.0,               0.0,             0.0,             211.0,               175.0,              217.0
KEC0785,           0,          1,            2,              0.0,               0.0,             0.0,               0.0,                 0.0,               61.0
TDG2727,           0,          1,            4,              0.0,               0.0,             0.0,               0.0,                 0.0,               35.0
RJM0343,           0,          1,            2,              0.0,               0.0,             0.0,               0.0,                 0.0,                3.0
DTA2223,           0,          1,           10,              0.0,               0.0,             0.0,             542.0,               947.0,              138.0
DDG0528,           0,          1,            8,              0.0,               0.0,             0.0,            1073.0,              1824.0,              328.0
CSG1600,           0,          1,            3,              0.0,               0.0,             0.0,               0.0,                 0.0,               90.0
GDB2960,           0,          1,            4,              0.0,               0.0,             0.0,               0.0,                 0.0,               10.0
ZCR0558,           0,        104,           24,              0.0,               0.0,             0.0,             193.0,               350.0,              115.0
HUM0431,           0,          1,            3,              0.0,               0.0,             0.0,               0.0,                 0.0,                0.0
HYF1048,           0,        923,           23,              0.0,               0.0,             0.0,               0.0,                 0.0,                0.0
HJH2977,           0,          1,            2,              0.0,               0.0,             0.0,               0.0,                 0.0,                5.0
TZG2263,           0,          1,            2,              0.0,               0.0,             0.0,               0.0,                 0.0,                0.0
OBH3008,           0,          1,            2,              0.0,               0.0,             0.0,               0.0,                 0.0,              104.0
DEY2638,           0,          1,            4,              0.0,               0.0,             0.0,               0.0,                 0.0,               40.0
ALB1254,           0,          1,            2,              0.0,               0.0,             0.0,               0.0,                 0.0,               60.0
KDT3290,           0,         13,           11,              0.0,               0.0,             0.0,               0.0,                 0.0,                2.0
MDM3580,           0,          1,           13,              0.0,               0.0,             0.0,               0.0,                 0.0,               62.0
URC3818,           0,         84,           11,              0.0,               0.0,             0.0,             572.0,               964.0,              175.0
CDC3413,           0,         91,           10,              0.0,               0.0,             0.0,             190.0,               359.0,              133.0
TPM3141,           0,          1,            4,              0.0,               0.0,             0.0,               0.0,                 0.0,                0.0
REG2171,           0,          1,           10,              0.0,               0.0,             0.0,               0.0,                 0.0,                1.0
DBF3635,           0,        135,           24,              0.0,               0.0,             0.0,             362.0,               681.0,              110.0
WRM2803,           0,        127,           12,              0.0,               0.0,             0.0,               0.0,                 0.0,               36.0
CSG0135,           0,          1,            3,              0.0,               0.0,             0.0,               0.0,                 0.0,               55.0
TAM2031,           0,          1,            4,              0.0,               0.0,             0.0,             639.0,              1041.0,              219.0
ABH2671,           0,          1,            3,              0.0,               0.0,             0.0,               0.0,                 0.0,                0.0
RDA3381,           0,         23,           12,              0.0,               0.0,             0.0,             390.0,               720.0,              143.0
RNB2679,           0,          1,            4,              0.0,               0.0,             0.0,               0.0,                 0.0,                0.0
DCB0401,           0,          1,            9,              0.0,               0.0,             0.0,             637.0,              1136.0,              239.0
KLM0714,           0,          1,            4,              0.0,               0.0,             0.0,               0.0,                 0.0,               47.0
KNM1154,           0,         56,           19,              0.0,               0.0,             0.0,               0.0,                 0.0,               32.0
ESH1283,           0,        103,           11,              0.0,               0.0,             0.0,               0.0,                 0.0,               79.0
EBD2562,           0,         83,           11,              0.0,               0.0,             0.0,             396.0,               698.0,              141.0
NDW3217,           0,         55,           12,              0.0,               0.0,             0.0,             107.0,               263.0,              239.0
VJB1699,           0,          1,           10,              0.0,               0.0,             0.0,               0.0,                 0.0,                6.0
BXT2678,           0,         42,           11,              0.0,               0.0,             0.0,             528.0,               387.0,              356.0
TZY3133,           0,         12,            8,              0.0,               0.0,             0.0,             138.0,               284.0,               70.0
NAK2784,           0,          1,            4,              0.0,               0.0,             0.0,               0.0,                 0.0,                0.0
NJL2478,           0,          1,            7,              0.0,               0.0,             0.0,             466.0,               846.0,              188.0
AIB1567,           0,          1,            4,              0.0,               0.0,             0.0,               0.0,                 0.0,               18.0
LGF1503,           0,          1,            4,              0.0,               0.0,             0.0,               0.0,                 0.0,               19.0
NBD2469,           0,          1,            3,              0.0,               0.0,             0.0,               0.0,                 0.0,               14.0
ANF3332,           0,          6,           22,              0.0,               0.0,             0.0,             153.0,               476.0,              221.0
JGN1767,           0,        949,           24,              0.0,               0.0,             0.0,               0.0,                 0.0,               46.0
GND1618,           0,         73,           10,              0.0,               0.0,             0.0,               0.0,                 0.0,               82.0
HLC1172,           0,         87,           13,              0.0,               0.0,             0.0,               0.0,                 0.0,               44.0
ALH1494,           0,          1,            4,              0.0,               0.0,             0.0,               0.0,                 0.0,               24.0
DIW1749,           0,          1,            4,              0.0,               0.0,             0.0,               0.0,                 0.0,              202.0
MLG2305,           0,          1,            4,              0.0,               0.0,             0.0,               0.0,                 0.0,                0.0
ADW2832,           0,          1,            4,              0.0,               0.0,             0.0,               0.0,                 0.0,                0.0
CSR1682,           0,          1,            2,              0.0,               0.0,             0.0,               0.0,                 0.0,                9.0
PSP3592,           0,         25,            9,              0.0,               0.0,             0.0,             771.0,              1323.0,              242.0
HMG0642,           0,          1,            2,              0.0,               0.0,             0.0,               0.0,                 0.0,                0.0
ZTB2410,           0,          1,            3,              0.0,               0.0,             0.0,               0.0,                 0.0,                0.0
CJS1986,           0,          1,            2,              0.0,               0.0,             0.0,             119.0,               214.0,               62.0
BJC3423,           0,          1,            7,              0.0,               0.0,             0.0,               0.0,                 0.0,               36.0
RPS3617,           0,         13,           22,              0.0,               0.0,             0.0,            3213.0,              4972.0,              822.0
LRU3765,           0,          1,            4,              0.0,               0.0,             0.0,               0.0,                 0.0,                0.0
DFC2060,           0,          1,           15,              0.0,               0.0,             0.0,               0.0,                 0.0,              227.0
FBM3728,           0,          1,            4,              0.0,               0.0,             0.0,               0.0,                 0.0,               29.0
SHN0104,           0,          1,            3,              0.0,               0.0,             0.0,               0.0,                 0.0,               11.0
OHD2274,           0,         91,           11,              0.0,               0.0,             0.0,               0.0,                 0.0,               69.0
DWB0865,           0,          1,            2,              0.0,               0.0,             0.0,               0.0,                 0.0,                0.0
URC2874,           0,        131,           11,              0.0,               0.0,             0.0,               0.0,                 0.0,              147.0
CQS2883,           0,         26,           11,              0.0,               0.0,             0.0,             230.0,               425.0,              137.0
SSA0346,           0,          1,            3,              0.0,               0.0,             0.0,               0.0,                 0.0,               18.0
AVH0566,           0,          1,           15,              0.0,               0.0,             0.0,               0.0,                 0.0,              469.0
KSW3237,           0,          1,            7,              0.0,               0.0,             0.0,               0.0,                 0.0,               37.0
SCC2526,           0,          1,            4,              0.0,               0.0,             0.0,               0.0,                 0.0,               45.0
JCC0059,           0,          1,            2,              0.0,               0.0,             0.0,               0.0,                 0.0,                0.0
ALL0289,           0,         62,           13,              0.0,               0.0,             0.0,               0.0,                 0.0,               65.0
MCB0591,           0,          1,            4,              0.0,               0.0,             0.0,               0.0,                 0.0,                0.0
EKH0934,           0,          1,            7,              0.0,               0.0,             0.0,               0.0,                 0.0,              144.0
SCM3950,           0,          1,           10,              0.0,               0.0,             0.0,             944.0,              1682.0,              320.0
BMH1069,           0,         20,           24,              0.0,               0.0,             0.0,               0.0,                 0.0,              249.0
SAM2567,           0,          1,            2,              0.0,               0.0,             0.0,               0.0,                 0.0,              104.0
JBI0654,           0,          1,            4,              0.0,               0.0,             0.0,               0.0,                 0.0,              142.0
AJW1246,           0,          1,            4,              0.0,               0.0,             0.0,               0.0,                 0.0,               19.0
CAG3049,           0,        949,           24,              0.0,               0.0,             0.0,               0.0,                 0.0,               46.0
ILK3668,           0,          1,           21,              0.0,               0.0,             0.0,            1834.0,              3117.0,              531.0
ADB1105,           0,         44,           22,              0.0,               0.0,             0.0,             207.0,               372.0,               70.0
TAE1559,           0,          1,           10,              0.0,               0.0,             0.0,               0.0,                 0.0,                8.0
SJR0452,           0,          1,            3,              0.0,               0.0,             0.0,               0.0,                 0.0,              105.0
NLN0513,           0,          1,            4,              0.0,               0.0,             0.0,               0.0,                 0.0,               65.0
QAS1692,           0,          1,            9,              0.0,               0.0,             0.0,               0.0,                 0.0,               19.0
LRF0101,           0,          1,            2,              0.0,               0.0,             0.0,               0.0,                 0.0,               25.0
AIP1614,           0,         72,           24,              0.0,               0.0,             0.0,            3052.0,              4921.0,              727.0
MMH2878,           0,          1,            3,              0.0,               0.0,             0.0,               0.0,                 0.0,                0.0
LDW0620,           0,         21,           10,              0.0,               0.0,             0.0,               0.0,                 0.0,               67.0
BOJ2179,           0,          1,            2,              0.0,               0.0,             0.0,               0.0,                 0.0,                6.0
KGS3466,           0,          1,            2,              0.0,               0.0,             0.0,               0.0,                 0.0,                0.0
YCL0650,           0,         83,           11,              0.0,               0.0,             0.0,               0.0,                 0.0,               70.0
WUH2238,           0,          1,            4,              0.0,               0.0,             0.0,               0.0,                 0.0,                7.0
DGG3429,           0,         42,           10,              0.0,               0.0,             0.0,             177.0,               120.0,              325.0
KLM2448,           0,          1,            2,              0.0,               0.0,             0.0,               0.0,                 0.0,              105.0
RGR0706,           0,          1,            2,              0.0,               0.0,             0.0,               0.0,                 0.0,                3.0
RJS3256,           0,          1,            2,              0.0,               0.0,             0.0,               0.0,                 0.0,                3.0
SDE2662,           0,         16,           11,              0.0,               0.0,             0.0,               0.0,                 0.0,               50.0
MCK0435,           0,         29,           11,              0.0,               0.0,             0.0,               0.0,                 0.0,              845.0
RJF3634,           0,          1,            2,              0.0,               0.0,             0.0,               0.0,                 0.0,                5.0
RXN2265,           0,        105,           11,              0.0,               0.0,             0.0,               0.0,                 0.0,              128.0
ZNA0921,           0,          1,            4,              0.0,               0.0,             0.0,               0.0,                 0.0,                0.0
LAW1407,           0,          1,            2,              0.0,               0.0,             0.0,               0.0,                 0.0,               73.0
DJH0971,           0,        125,           11,              0.0,               0.0,             0.0,               0.0,                 0.0,               34.0
JUL1835,           0,          1,            4,              0.0,               0.0,             0.0,               0.0,                 0.0,              111.0
MKN3375,           0,          1,            4,              0.0,               0.0,             0.0,               0.0,                 0.0,               72.0
LJH2619,           0,         83,           10,              0.0,               0.0,             0.0,               0.0,                 0.0,               50.0
XIW2655,           0,         20,           11,              0.0,               0.0,             0.0,               0.0,                 0.0,              132.0
JJB2367,           0,          1,            2,              0.0,               0.0,             0.0,               0.0,                 0.0,               37.0
OUH0741,           0,          1,            3,              0.0,               0.0,             0.0,               0.0,                 0.0,               33.0
SER2158,           0,          1,            4,              0.0,               0.0,             0.0,               0.0,                 0.0,                0.0
HLS2733,           0,          1,            4,              0.0,               0.0,             0.0,               0.0,                 0.0,               16.0
JEM0546,           0,          1,            7,              0.0,               0.0,             0.0,            1597.0,              1528.0,              542.0
RHF0046,           0,        918,           24,              0.0,               0.0,             0.0,               0.0,                 0.0,               74.0
MND1058,           0,        452,           23,              0.0,               0.0,             0.0,               0.0,                 0.0,                0.0
AAS3428,           0,         62,           10,              0.0,               0.0,             0.0,               0.0,                 0.0,              170.0
JRB1080,           0,          1,            8,              0.0,               0.0,             0.0,               0.0,                 0.0,              115.0
LCH1789,           0,          1,            4,              0.0,               0.0,             0.0,               0.0,                 0.0,               20.0
SSA1793,           0,        104,            9,              0.0,               0.0,             0.0,               0.0,                 0.0,               40.0
GWM3260,           0,        111,           24,              0.0,               0.0,             0.0,             446.0,               793.0,              107.0
ACW0426,           0,          1,            3,              0.0,               0.0,             0.0,               0.0,                 0.0,               11.0
MEB2241,           0,          1,            9,              0.0,               0.0,             0.0,             205.0,               484.0,              105.0
TTB0471,           0,          1,            2,              0.0,               0.0,             0.0,               0.0,                 0.0,               37.0
PSG1938,           0,          1,            4,              0.0,               0.0,             0.0,               0.0,                 0.0,               28.0
FVK1623,           0,          1,            4,              0.0,               0.0,             0.0,               0.0,                 0.0,               33.0
SHT3548,           0,          1,            2,              0.0,               0.0,             0.0,               0.0,                 0.0,               75.0
NEW2490,           0,          1,            2,              0.0,               0.0,             0.0,               0.0,                 0.0,               75.0
JSH0887,           0,          1,            2,              0.0,               0.0,             0.0,               0.0,                 0.0,               13.0
NNF3968,           0,        100,           14,              0.0,               0.0,             0.0,               0.0,                 0.0,               24.0
VZG2484,           0,          1,            4,              0.0,               0.0,             0.0,               0.0,                 0.0,              617.0
MAC3214,           0,         62,            9,              0.0,               0.0,             0.0,               0.0,                 0.0,               24.0
TAD1414,           0,          1,            4,              0.0,               0.0,             0.0,               0.0,                 0.0,               17.0
KSM1518,           0,          1,            4,              0.0,               0.0,             0.0,               0.0,                 0.0,               13.0
LXG2919,           0,          1,            4,              0.0,               0.0,             0.0,               0.0,                 0.0,               26.0
MCW0674,           0,         14,           24,              0.0,               0.0,             0.0,             717.0,               315.0,              612.0
LXC0839,           0,         87,           13,              0.0,               0.0,             0.0,             191.0,               495.0,              255.0
RDW0957,           0,          1,            3,              0.0,               0.0,             0.0,               0.0,                 0.0,               48.0
AKS0298,           0,          1,            3,              0.0,               0.0,             0.0,               0.0,                 0.0,                7.0
AMS0630,           0,          1,            4,              0.0,               0.0,             0.0,               0.0,                 0.0,               92.0
GYS2461,           0,          1,            3,              0.0,               0.0,             0.0,               0.0,                 0.0,                9.0
WPJ1400,           0,          1,            2,              0.0,               0.0,             0.0,               0.0,                 0.0,                8.0
REB0123,           0,         80,           11,              0.0,               0.0,             0.0,               0.0,                 0.0,               95.0
RCW2838,           0,          1,            4,              0.0,               0.0,             0.0,               0.0,                 0.0,                0.0
JLL1813,           0,          1,            2,              0.0,               0.0,             0.0,               0.0,                 0.0,                0.0
YSC1691,           0,          1,            3,              0.0,               0.0,             0.0,               0.0,                 0.0,                0.0
ASH0142,           0,          1,            4,              0.0,               0.0,             0.0,               0.0,                 0.0,               79.0
AAT2913,           0,          1,            4,              0.0,               0.0,             0.0,               0.0,                 0.0,                0.0
EUC1051,           0,        953,           23,              0.0,               0.0,             0.0,               0.0,                 0.0,               35.0
FNW3564,           0,          1,            8,              0.0,               0.0,             0.0,            1962.0,              3340.0,              517.0
YFT1382,           0,        103,           10,              0.0,               0.0,             0.0,               0.0,                 0.0,               74.0
SDC2793,           0,          1,           10,              0.0,               0.0,             0.0,               0.0,                 0.0,               17.0
NHR2050,           0,          1,            4,              0.0,               0.0,             0.0,               0.0,                 0.0,               75.0
JSH1843,           0,         50,           12,              0.0,               0.0,             0.0,               0.0,                 0.0,               68.0
YAV0093,           0,         13,           10,              0.0,               0.0,             0.0,               0.0,                 0.0,              622.0
HIF0482,           0,          1,            3,              0.0,               0.0,             0.0,               0.0,                 0.0,               15.0
ARH2097,           0,         42,           10,              0.0,               0.0,             0.0,             117.0,               228.0,               71.0
CCM2207,           0,          1,            4,              0.0,               0.0,             0.0,               0.0,                 0.0,               16.0
CJH2411,           0,          1,            7,              0.0,               0.0,             0.0,              95.0,               163.0,               40.0
BMN0178,           0,          3,           19,              0.0,               0.0,             0.0,              14.0,                28.0,                9.0
ING2221,           0,          1,            4,              0.0,               0.0,             0.0,               0.0,                 0.0,                4.0
FAR2869,           0,          1,            4,              0.0,               0.0,             0.0,               0.0,                 0.0,               12.0
AAG1447,           0,          1,            4,              0.0,               0.0,             0.0,               0.0,                 0.0,                0.0
VAC3966,           0,          1,           10,              0.0,               0.0,             0.0,               0.0,                 0.0,                2.0
HBC0081,           0,         75,           23,              0.0,               0.0,             0.0,             202.0,               342.0,               71.0
CCH3489,           0,          1,            4,              0.0,               0.0,             0.0,               0.0,                 0.0,               15.0
ACH1405,           0,          1,            2,              0.0,               0.0,             0.0,               0.0,                 0.0,                0.0
FHM2067,           0,        113,           11,              0.0,               0.0,             0.0,               0.0,                 0.0,               46.0
RGP0451,           0,          1,            8,              0.0,               0.0,             0.0,               0.0,                 0.0,               63.0
AUR1359,           0,          1,            3,              0.0,               0.0,             0.0,               0.0,                 0.0,                0.0
GYO2169,           0,          1,            4,              0.0,               0.0,             0.0,               0.0,                 0.0,                0.0
VEB3671,           0,         41,           13,              0.0,               0.0,             0.0,               0.0,                 0.0,                5.0
TJB3240,           0,          1,            7,              0.0,               0.0,             0.0,               0.0,                 0.0,               73.0
AMJ2374,           0,          1,            8,              0.0,               0.0,             0.0,             411.0,               748.0,              226.0
OWC2563,           0,          1,            2,              0.0,               0.0,             0.0,               0.0,                 0.0,               16.0
ZMB3863,           0,          1,            3,              0.0,               0.0,             0.0,               0.0,                 0.0,               41.0
CBB3018,           0,          1,            3,              0.0,               0.0,             0.0,               0.0,                 0.0,                0.0
JJH1389,           0,         26,           10,              0.0,               0.0,             0.0,               0.0,                 0.0,               40.0
PSC1608,           0,          1,            3,              0.0,               0.0,             0.0,               0.0,                 0.0,               36.0
CJY2951,           0,          1,            4,              0.0,               0.0,             0.0,               0.0,                 0.0,                0.0
PCA3212,           0,          1,            2,              0.0,               0.0,             0.0,               0.0,                 0.0,                0.0
CFS1611,           0,          1,            9,              0.0,               0.0,             0.0,               0.0,                 0.0,              115.0
BPL3202,           0,         26,           16,              0.0,               0.0,             0.0,               0.0,                 0.0,               34.0
GNA0183,           0,          1,            4,              0.0,               0.0,             0.0,               0.0,                 0.0,               71.0
SCL0022,           0,          1,            4,              0.0,               0.0,             0.0,               0.0,                 0.0,                0.0
FZW2101,           0,          1,            2,              0.0,               0.0,             0.0,               0.0,                 0.0,               39.0
JDB0956,           0,          1,            4,              0.0,               0.0,             0.0,               0.0,                 0.0,                0.0
GAB1206,           0,          1,            4,              0.0,               0.0,             0.0,               0.0,                 0.0,                0.0
NEH3435,           0,         88,           21,              0.0,               0.0,             0.0,             386.0,               727.0,              155.0
BAH3684,           0,          1,            3,              0.0,               0.0,             0.0,               0.0,                 0.0,                0.0
EUH0257,           0,          1,            2,              0.0,               0.0,             0.0,               0.0,                 0.0,               38.0
TKS3035,           0,        121,           10,              0.0,               0.0,             0.0,             295.0,               550.0,              176.0
BMH0457,           0,          1,            2,              0.0,               0.0,             0.0,               0.0,                 0.0,               23.0
LUG2205,           0,        101,           13,              0.0,               0.0,             0.0,             528.0,               978.0,              137.0
ROA3171,           0,         63,           10,              0.0,               0.0,             0.0,               0.0,                 0.0,              136.0
PVV3999,           0,          1,           11,              0.0,               0.0,             0.0,              29.0,                58.0,                6.0
CKB3745,           0,          1,           10,              0.0,               0.0,             0.0,               0.0,                 0.0,               43.0
WAC3677,           0,          1,           10,              0.0,               0.0,             0.0,             478.0,               841.0,              137.0
VCS1196,           0,          1,            2,              0.0,               0.0,             0.0,               0.0,                 0.0,               58.0
ORM1484,           0,         64,           23,              0.0,               0.0,             0.0,            1955.0,              3220.0,              533.0
LRC3160,           0,          1,            4,              0.0,               0.0,             0.0,               0.0,                 0.0,               66.0
CLC1272,           0,          1,            4,              0.0,               0.0,             0.0,               0.0,                 0.0,                0.0
SSH1649,           0,          1,            4,              0.0,               0.0,             0.0,               0.0,                 0.0,                0.0
VCF3273,           0,         33,           12,              0.0,               0.0,             0.0,               0.0,                 0.0,               18.0
KPP2253,           0,          1,            2,              0.0,               0.0,             0.0,               0.0,                 0.0,               66.0
ERH0815,           0,         57,           12,              0.0,               0.0,             0.0,            2158.0,              3585.0,              575.0
NSC0237,           0,          1,           11,              0.0,               0.0,             0.0,               0.0,                 0.0,              116.0
MNM1161,           0,          1,            3,              0.0,               0.0,             0.0,               0.0,                 0.0,              150.0
KDM3923,           0,          1,            7,              0.0,               0.0,             0.0,               0.0,                 0.0,               16.0
IDF0189,           0,        111,           11,              0.0,               0.0,             0.0,               0.0,                 0.0,              461.0
GRM3793,           0,          1,            2,              0.0,               0.0,             0.0,               0.0,                 0.0,                0.0
AMB3208,           0,          1,            4,              0.0,               0.0,             0.0,               0.0,                 0.0,               57.0
BKC3473,           0,          1,            4,              0.0,               0.0,             0.0,               0.0,                 0.0,                0.0
GMM0224,           0,         85,            9,              0.0,               0.0,             0.0,             407.0,               759.0,              169.0
PJS2078,           0,          1,            4,              0.0,               0.0,             0.0,               0.0,                 0.0,              189.0
ROH1347,           0,          1,            4,              0.0,               0.0,             0.0,            2615.0,              4613.0,              759.0
BGN3820,           0,          1,            8,              0.0,               0.0,             0.0,               0.0,                 0.0,                9.0
MHG3749,           0,        106,           12,              0.0,               0.0,             0.0,             793.0,              1395.0,              245.0
FAH1851,           0,          1,            3,              0.0,               0.0,             0.0,               0.0,                 0.0,              556.0
ADB0350,           0,          1,            4,              0.0,               0.0,             0.0,               0.0,                 0.0,               84.0
KBC1485,           0,         32,           23,              0.0,               0.0,             0.0,             127.0,               210.0,               31.0
MMC0261,           0,          8,            9,              0.0,               0.0,             0.0,               0.0,                 0.0,                4.0
GNH1735,           0,          1,            4,              0.0,               0.0,             0.0,               0.0,                 0.0,              267.0
REC0283,           0,        143,           13,              0.0,               0.0,             0.0,             359.0,               634.0,              149.0
DDL3007,           0,          1,            4,              0.0,               0.0,             0.0,               0.0,                 0.0,               79.0
RTN3680,           0,         26,           13,              0.0,               0.0,             0.0,             523.0,              1142.0,              321.0
RAB2739,           0,          1,            4,              0.0,               0.0,             0.0,               0.0,                 0.0,               16.0
LRW1502,           0,          1,            4,              0.0,               0.0,             0.0,               0.0,                 0.0,               13.0
JGH0493,           0,          1,            4,              0.0,               0.0,             0.0,               0.0,                 0.0,                0.0
IIG0772,           0,          1,            4,              0.0,               0.0,             0.0,               0.0,                 0.0,               16.0
JBP0651,           0,          1,            4,              0.0,               0.0,             0.0,               0.0,                 0.0,               34.0
TDW1746,           0,          1,            4,              0.0,               0.0,             0.0,               0.0,                 0.0,                0.0
MCO3164,           0,         28,           11,              0.0,               0.0,             0.0,               0.0,                 0.0,              415.0
DNS1768,           0,        935,           24,              0.0,               0.0,             0.0,               0.0,                 0.0,              100.0
WCR2136,           0,          7,            8,              0.0,               0.0,             0.0,               0.0,                 0.0,                3.0
KCS3465,           0,          1,            9,              0.0,               0.0,             0.0,               0.0,                 0.0,               19.0
LAH3026,           0,         17,           10,              0.0,               0.0,             0.0,            2907.0,              4835.0,              772.0
ACV1946,           0,         85,           24,              0.0,               0.0,             0.0,             403.0,               878.0,              479.0
CXK3433,           0,          1,            3,              0.0,               0.0,             0.0,               0.0,                 0.0,                0.0
JMM0848,           0,         10,           22,              0.0,               0.0,             0.0,               0.0,                 0.0,               16.0
CIG3459,           0,          1,            2,              0.0,               0.0,             0.0,               0.0,                 0.0,               22.0
MHS1146,           0,          1,            4,              0.0,               0.0,             0.0,               0.0,                 0.0,               49.0
DTT1716,           0,          1,            3,              0.0,               0.0,             0.0,               0.0,                 0.0,               86.0
ZVB2656,           0,          1,            4,              0.0,               0.0,             0.0,               0.0,                 0.0,                0.0
HRF2044,           0,          1,            4,              0.0,               0.0,             0.0,               0.0,                 0.0,               14.0
HQB0118,           0,          1,            4,              0.0,               0.0,             0.0,               0.0,                 0.0,                0.0
RSV2438,           0,        941,           24,              0.0,               0.0,             0.0,               0.0,                 0.0,              480.0
KWB1967,           0,          1,            4,              0.0,               0.0,             0.0,               0.0,                 0.0,                0.0
LBG3911,           0,          1,            2,              0.0,               0.0,             0.0,               0.0,                 0.0,                4.0
ILH2989,           0,        115,           24,              0.0,               0.0,             0.0,             255.0,               403.0,              134.0
TPM0039,           0,          1,            3,              0.0,               0.0,             0.0,               0.0,                 0.0,               38.0
CKB0596,           0,         88,           24,              0.0,               0.0,             0.0,              30.0,                97.0,              481.0
NHH1704,           0,          1,            2,              0.0,               0.0,             0.0,               0.0,                 0.0,               99.0
ACB3123,           0,         72,           24,              0.0,               0.0,             0.0,               0.0,                 0.0,              341.0
QRJ1597,           0,         49,           10,              0.0,               0.0,             0.0,            3164.0,              5362.0,              799.0
JLM3150,           0,          1,            4,              0.0,               0.0,             0.0,               0.0,                 0.0,                0.0
JCM1388,           0,         74,           10,              0.0,               0.0,             0.0,               0.0,                 0.0,              655.0
ZBW1015,           0,          1,           10,              0.0,               0.0,             0.0,               0.0,                 0.0,             1275.0
BJH3294,           0,          1,            3,              0.0,               0.0,             0.0,               0.0,                 0.0,                9.0
SSF3031,           0,          1,            4,              0.0,               0.0,             0.0,               0.0,                 0.0,                0.0
WJH0717,           0,          1,            4,              0.0,               0.0,             0.0,               0.0,                 0.0,               35.0
ZAC1838,           0,          1,            3,              0.0,               0.0,             0.0,               0.0,                 0.0,                0.0
NDG3403,           0,          1,            4,              0.0,               0.0,             0.0,               0.0,                 0.0,                0.0
BJV2631,           0,         24,           11,              0.0,               0.0,             0.0,             399.0,               704.0,              187.0
NDR1456,           0,          1,            4,              0.0,               0.0,             0.0,               0.0,                 0.0,                0.0
LCR1537,           0,          1,            2,              0.0,               0.0,             0.0,               0.0,                 0.0,                0.0
ATF3708,           0,          1,            3,              0.0,               0.0,             0.0,               0.0,                 0.0,                8.0
BKM1155,           0,          1,           10,              0.0,               0.0,             0.0,               0.0,                 0.0,               67.0
DSM3954,           0,          1,            4,              0.0,               0.0,             0.0,               0.0,                 0.0,               10.0
TSL2699,           0,          1,            3,              0.0,               0.0,             0.0,               0.0,                 0.0,                0.0
HHD2393,           0,         80,            9,              0.0,               0.0,             0.0,              60.0,                94.0,             1075.0
HJA0779,           0,         20,           10,              0.0,               0.0,             0.0,             520.0,               763.0,              573.0
DBR1558,           0,          1,            9,              0.0,               0.0,             0.0,               0.0,                 0.0,                5.0
GLC3495,           0,          1,            4,              0.0,               0.0,             0.0,               0.0,                 0.0,              121.0
MCM2375,           0,          1,            4,              0.0,               0.0,             0.0,               0.0,                 0.0,               32.0
MJS0832,           0,          1,            4,              0.0,               0.0,             0.0,               0.0,                 0.0,                0.0
CRC2747,           0,          1,            4,              0.0,               0.0,             0.0,               0.0,                 0.0,               57.0
JRM2358,           0,          1,            2,              0.0,               0.0,             0.0,               0.0,                 0.0,               32.0
HHL2311,           0,          1,            9,              0.0,               0.0,             0.0,               0.0,                 0.0,               21.0
ACM0100,           0,          1,            8,              0.0,               0.0,             0.0,               0.0,                 0.0,               52.0
NJM0173,           0,          1,           23,              0.0,               0.0,             0.0,               0.0,                 0.0,              119.0
ELC1833,           0,          1,            4,              0.0,               0.0,             0.0,               0.0,                 0.0,                0.0
RHA3613,           0,          1,            3,              0.0,               0.0,             0.0,               0.0,                 0.0,               19.0
BHE1709,           0,        102,           11,              0.0,               0.0,             0.0,             634.0,              1161.0,              200.0
VMW1500,           0,          1,            3,              0.0,               0.0,             0.0,               0.0,                 0.0,               19.0
QBH3579,           0,          1,            9,              0.0,               0.0,             0.0,               0.0,                 0.0,              554.0
ISM0130,           0,          1,            4,              0.0,               0.0,             0.0,               0.0,                 0.0,               56.0
GAN1584,           0,         77,           24,              0.0,               0.0,             0.0,             187.0,               348.0,              127.0
MTL3695,           0,          1,            3,              0.0,               0.0,             0.0,               0.0,                 0.0,                0.0
GDR1066,           0,          1,            4,              0.0,               0.0,             0.0,               0.0,                 0.0,                0.0
SMS1114,           0,          1,            4,              0.0,               0.0,             0.0,               0.0,                 0.0,                0.0
HUM2481,           0,          1,            2,              0.0,               0.0,             0.0,               0.0,                 0.0,               18.0
LKS1416,           0,        111,           11,              0.0,               0.0,             0.0,               0.0,                 0.0,               29.0
UAH3940,           0,          1,            4,              0.0,               0.0,             0.0,               0.0,                 0.0,                2.0
GMK1449,           0,          1,           10,              0.0,               0.0,             0.0,               0.0,                 0.0,               25.0
CDD0127,           0,          1,            8,              0.0,               0.0,             0.0,               0.0,                 0.0,               62.0
JSG3377,           0,          1,            4,              0.0,               0.0,             0.0,               0.0,                 0.0,                0.0
KTL2843,           0,          1,            4,              0.0,               0.0,             0.0,               0.0,                 0.0,               10.0
YKM2435,           0,        968,           24,              0.0,               0.0,             0.0,               0.0,                 0.0,               43.0
HMM2841,           0,          1,            4,              0.0,               0.0,             0.0,               0.0,                 0.0,               20.0
TOS3712,           0,          1,            4,              0.0,               0.0,             0.0,               0.0,                 0.0,               37.0
BLN0230,           0,         39,           12,              0.0,               0.0,             0.0,               0.0,                 0.0,               23.0
WHW2777,           0,          1,            4,              0.0,               0.0,             0.0,               0.0,                 0.0,               14.0
RME2477,           0,          1,            3,              0.0,               0.0,             0.0,               0.0,                 0.0,               55.0
BKM2643,           0,          1,            4,              0.0,               0.0,             0.0,               0.0,                 0.0,                0.0
HWS2915,           0,          1,            4,              0.0,               0.0,             0.0,               0.0,                 0.0,                4.0
NIB1197,           0,         28,            9,              0.0,               0.0,             0.0,             781.0,              1495.0,              233.0
AGL1301,           0,          1,           10,              0.0,               0.0,             0.0,             140.0,               359.0,              567.0
CBR0121,           0,         28,           13,              0.0,               0.0,             0.0,               0.0,                 0.0,              106.0
NCA3027,           0,          1,            4,              0.0,               0.0,             0.0,               0.0,                 0.0,               39.0
GKL1516,           0,          1,            3,              0.0,               0.0,             0.0,               0.0,                 0.0,               22.0
JLW3598,           0,          1,            3,              0.0,               0.0,             0.0,               0.0,                 0.0,              115.0
RJS3479,           0,          1,            3,              0.0,               0.0,             0.0,               0.0,                 0.0,               28.0
DSA3620,           0,         88,           10,              0.0,               0.0,             0.0,             264.0,               493.0,               86.0
JSB1535,           0,          1,            2,              0.0,               0.0,             0.0,               0.0,                 0.0,               29.0
JGM3588,           0,          1,            3,              0.0,               0.0,             0.0,               0.0,                 0.0,              115.0
FDD3893,           0,         56,           24,              0.0,               0.0,             0.0,             434.0,               813.0,              169.0
ARL2672,           0,          1,            3,              0.0,               0.0,             0.0,               0.0,                 0.0,                0.0
CJW0376,           0,          1,           10,              0.0,               0.0,             0.0,               0.0,                 0.0,              100.0
CFR1166,           0,          1,           14,              0.0,               0.0,             0.0,               0.0,                 0.0,                0.0
CBJ0683,           0,          1,            2,              0.0,               0.0,             0.0,               0.0,                 0.0,               16.0
CSL2055,           0,         64,           12,              0.0,               0.0,             0.0,               0.0,                 0.0,              116.0
EBH1882,           0,          1,            2,              0.0,               0.0,             0.0,               0.0,                 0.0,               29.0
PTR2613,           0,          1,            4,              0.0,               0.0,             0.0,               0.0,                 0.0,                0.0
NCS3577,           0,          1,            3,              0.0,               0.0,             0.0,               0.0,                 0.0,               65.0
QLC0082,           0,          1,            3,              0.0,               0.0,             0.0,               0.0,                 0.0,               42.0
JEH2787,           0,        109,           12,              0.0,               0.0,             0.0,             290.0,               568.0,              215.0
IAS0857,           0,          1,           17,              0.0,               0.0,             0.0,               0.0,                 0.0,                7.0
EJG0833,           0,          3,            5,              0.0,               0.0,             0.0,               0.0,                 0.0,               13.0
KBF2661,           0,          1,            4,              0.0,               0.0,             0.0,               0.0,                 0.0,                0.0
SGP2174,           0,          1,            2,              0.0,               0.0,             0.0,               0.0,                 0.0,                0.0
MJD0469,           0,          1,            2,              0.0,               0.0,             0.0,               0.0,                 0.0,               18.0
AAR0641,           0,          1,            2,              0.0,               0.0,             0.0,               0.0,                 0.0,               79.0
GLR3888,           0,          1,            3,              0.0,               0.0,             0.0,               0.0,                 0.0,                0.0
YSG1195,           0,          1,            2,              0.0,               0.0,             0.0,               0.0,                 0.0,                0.0
SCP1116,           0,          1,            4,              0.0,               0.0,             0.0,               0.0,                 0.0,               73.0
ZND2154,           0,          1,            4,              0.0,               0.0,             0.0,               0.0,                 0.0,               10.0
MRC2160,           0,          1,            4,              0.0,               0.0,             0.0,               0.0,                 0.0,               13.0
APP2488,           0,         63,            9,              0.0,               0.0,             0.0,            2835.0,              4777.0,              754.0
GKH1634,           0,          1,            4,              0.0,               0.0,             0.0,               0.0,                 0.0,                8.0
JAO3463,           0,         76,           10,              0.0,               0.0,             0.0,               0.0,                 0.0,               18.0
UCS3454,           0,          1,            7,              0.0,               0.0,             0.0,               0.0,                 0.0,              208.0
KDN0264,           0,          1,            2,              0.0,               0.0,             0.0,               0.0,                 0.0,                0.0
GCM0813,           0,          1,            4,              0.0,               0.0,             0.0,               0.0,                 0.0,                0.0
AIC1071,           0,          1,            3,              0.0,               0.0,             0.0,               0.0,                 0.0,                0.0
ABH1181,           0,          1,            4,              0.0,               0.0,             0.0,               0.0,                 0.0,               73.0
BDL1065,           0,          1,            3,              0.0,               0.0,             0.0,               0.0,                 0.0,                0.0
DLP1445,           0,          1,            4,              0.0,               0.0,             0.0,               0.0,                 0.0,               18.0
CBM1814,           0,          1,            4,              0.0,               0.0,             0.0,               0.0,                 0.0,                0.0
LUK1182,           0,         20,            6,              0.0,               0.0,             0.0,            2956.0,              5131.0,              822.0
KBO2485,           0,          1,            4,              0.0,               0.0,             0.0,               0.0,                 0.0,               43.0
VTD2731,           0,          1,            4,              0.0,               0.0,             0.0,               0.0,                 0.0,                0.0
LGL2772,           0,        108,            8,              0.0,               0.0,             0.0,               0.0,                 0.0,               69.0
DJF0760,           0,          1,            4,              0.0,               0.0,             0.0,               0.0,                 0.0,               25.0
EAH2882,           0,          1,            3,              0.0,               0.0,             0.0,               0.0,                 0.0,              122.0
JEW2141,           0,          1,           19,              0.0,               0.0,             0.0,               0.0,                 0.0,               44.0
CHB0996,           0,          1,            3,              0.0,               0.0,             0.0,               0.0,                 0.0,              174.0
JIR2827,           0,         16,           11,              0.0,               0.0,             0.0,               0.0,                 0.0,                2.0
CMD0613,           0,         17,           10,              0.0,               0.0,             0.0,               0.0,                 0.0,              102.0
RCM1372,           0,          1,            8,              0.0,               0.0,             0.0,               0.0,                 0.0,               22.0
LCC1963,           0,         54,           13,              0.0,               0.0,             0.0,               0.0,                 0.0,              471.0
TNR0319,           0,          1,           10,              0.0,               0.0,             0.0,             749.0,               533.0,              754.0
MJR0244,           0,          1,            4,              0.0,               0.0,             0.0,               0.0,                 0.0,                0.0
GOG3939,           0,          1,            4,              0.0,               0.0,             0.0,               0.0,                 0.0,               13.0
GPB2691,           0,          1,           10,              0.0,               0.0,             0.0,               0.0,                 0.0,               96.0
JSM3334,           0,          1,            3,              0.0,               0.0,             0.0,               0.0,                 0.0,               16.0
RSA2941,           0,          1,            4,              0.0,               0.0,             0.0,               0.0,                 0.0,                0.0
ACR0331,           0,          1,            2,              0.0,               0.0,             0.0,               0.0,                 0.0,                0.0
NJR1714,           0,          1,            4,              0.0,               0.0,             0.0,               0.0,                 0.0,                0.0
KWR1544,           0,          1,            3,              0.0,               0.0,             0.0,               0.0,                 0.0,                5.0
MDB0680,           0,          1,            4,              0.0,               0.0,             0.0,               0.0,                 0.0,               43.0
AWB2282,           0,          1,            7,              0.0,               0.0,             0.0,               0.0,                 0.0,              150.0
KVW0814,           0,          1,            4,              0.0,               0.0,             0.0,               0.0,                 0.0,               55.0
MRE0567,           0,          1,           10,              0.0,               0.0,             0.0,               0.0,                 0.0,              117.0
WXM3698,           0,          1,            3,              0.0,               0.0,             0.0,               0.0,                 0.0,               12.0
XAL0414,           0,         99,           10,              0.0,               0.0,             0.0,             173.0,               341.0,               77.0
MAH2095,           0,        113,           10,              0.0,               0.0,             0.0,               0.0,                 0.0,               87.0
DRC2296,           0,          1,           24,              0.0,               0.0,             0.0,             425.0,               867.0,              137.0
JRJ0919,           0,          1,           10,              0.0,               0.0,             0.0,               0.0,                 0.0,               89.0
CDP0340,           0,          1,            4,              0.0,               0.0,             0.0,               0.0,                 0.0,                9.0
IRT2811,           0,          1,            3,              0.0,               0.0,             0.0,               0.0,                 0.0,                0.0
IWB3257,           0,         27,            9,              0.0,               0.0,             0.0,               0.0,                 0.0,               17.0
OLB2930,           0,         25,           11,              0.0,               0.0,             0.0,               0.0,                 0.0,               39.0
GNC2237,           0,          1,           10,              0.0,               0.0,             0.0,            1215.0,              2224.0,              362.0
NVH3726,           0,         84,           13,              0.0,               0.0,             0.0,             807.0,              1075.0,              751.0
RJB1151,           0,          1,            4,              0.0,               0.0,             0.0,               0.0,                 0.0,               48.0
HMM2628,           0,         16,           11,              0.0,               0.0,             0.0,               0.0,                 0.0,              222.0
AVH2360,           0,          1,            4,              0.0,               0.0,             0.0,               0.0,                 0.0,                0.0
ALB3649,           0,        104,           12,              0.0,               0.0,             0.0,             353.0,               613.0,              109.0
HCH3685,           0,          1,            8,              0.0,               0.0,             0.0,               0.0,                 0.0,               62.0
DHR2541,           0,          1,            9,              0.0,               0.0,             0.0,               0.0,                 0.0,               42.0
CMM3702,           0,          1,            8,              0.0,               0.0,             0.0,               0.0,                 0.0,               44.0
BXK2091,           0,          1,            7,              0.0,               0.0,             0.0,               0.0,                 0.0,               79.0
CAP2149,           0,          1,            2,              0.0,               0.0,             0.0,               0.0,                 0.0,                0.0
CMM1068,           0,         73,           11,              0.0,               0.0,             0.0,               0.0,                 0.0,              450.0
CCB3173,           0,          1,            4,              0.0,               0.0,             0.0,               0.0,                 0.0,               12.0
TWW0811,           0,          1,           10,              0.0,               0.0,             0.0,               0.0,                 0.0,              152.0
OLA2686,           0,          1,            4,              0.0,               0.0,             0.0,               0.0,                 0.0,               35.0
HAP3000,           0,          1,            4,              0.0,               0.0,             0.0,               0.0,                 0.0,                0.0
OZH2737,           0,          1,            3,              0.0,               0.0,             0.0,               0.0,                 0.0,               85.0
KCC2434,           0,        941,           24,              0.0,               0.0,             0.0,               0.0,                 0.0,               51.0
MMA1255,           0,          1,            2,              0.0,               0.0,             0.0,               0.0,                 0.0,               33.0
JOB1328,           0,          1,            4,              0.0,               0.0,             0.0,               0.0,                 0.0,               26.0
AXW3243,           0,          1,            7,              0.0,               0.0,             0.0,              71.0,               183.0,              119.0
GAB3758,           0,         26,           24,              0.0,               0.0,             0.0,               0.0,                 0.0,                5.0
JCM1803,           0,          1,            3,              0.0,               0.0,             0.0,               0.0,                 0.0,               42.0
QWL3474,           0,         76,           24,              0.0,               0.0,             0.0,             333.0,               600.0,             1098.0
BON0968,           0,          1,            5,              0.0,               0.0,             0.0,               0.0,                 0.0,               48.0
TKS1549,           0,         15,           24,              0.0,               0.0,             0.0,             234.0,               454.0,               70.0
AUI2464,           0,          1,            3,              0.0,               0.0,             0.0,               0.0,                 0.0,              104.0
PNH1444,           0,          1,            4,              0.0,               0.0,             0.0,            3646.0,              6092.0,              911.0
WYC2416,           0,          1,            3,              0.0,               0.0,             0.0,               0.0,                 0.0,                0.0
SGW0443,           0,          1,            2,              0.0,               0.0,             0.0,               0.0,                 0.0,               47.0
CKM0508,           0,          1,            2,              0.0,               0.0,             0.0,               0.0,                 0.0,                0.0
APB3823,           0,          1,            2,              0.0,               0.0,             0.0,               0.0,                 0.0,               13.0
GCD1189,           0,          1,            8,              0.0,               0.0,             0.0,               0.0,                 0.0,               84.0
CWB1463,           0,          1,            4,              0.0,               0.0,             0.0,               0.0,                 0.0,               24.0
ANC1319,           0,          1,           10,              0.0,               0.0,             0.0,               0.0,                 0.0,              114.0
AEP1930,           0,          1,            8,              0.0,               0.0,             0.0,               0.0,                 0.0,               48.0
IJM3356,           0,          1,           10,              0.0,               0.0,             0.0,               0.0,                 0.0,               74.0
CJG3002,           0,          1,            4,              0.0,               0.0,             0.0,             121.0,               201.0,               57.0
DJP2420,           0,          1,            2,              0.0,               0.0,             0.0,               0.0,                 0.0,               42.0
EAB2522,           0,          1,            4,              0.0,               0.0,             0.0,               0.0,                 0.0,               45.0
RGB1869,           0,          1,            4,              0.0,               0.0,             0.0,               0.0,                 0.0,                0.0
KND0529,           0,          1,            9,              0.0,               0.0,             0.0,               0.0,                 0.0,               37.0
SMH1953,           0,          1,            2,              0.0,               0.0,             0.0,               0.0,                 0.0,               33.0
GJG0852,           0,          1,           16,              0.0,               0.0,             0.0,               0.0,                 0.0,              142.0
XBK2623,           0,          1,            2,              0.0,               0.0,             0.0,               0.0,                 0.0,               27.0
KDC2976,           0,          1,            3,              0.0,               0.0,             0.0,               0.0,                 0.0,               14.0
SHH0970,           0,          1,            8,              0.0,               0.0,             0.0,               0.0,                 0.0,               32.0
EMS1736,           0,          1,            4,              0.0,               0.0,             0.0,               0.0,                 0.0,               24.0
LAB1297,           0,          1,            4,              0.0,               0.0,             0.0,               0.0,                 0.0,                0.0
AMR0197,           0,          1,            2,              0.0,               0.0,             0.0,               0.0,                 0.0,               13.0
TAM1488,           0,          1,            3,              0.0,               0.0,             0.0,               0.0,                 0.0,                0.0
VDI1217,           0,          1,           15,              0.0,               0.0,             0.0,             805.0,              1393.0,              233.0
SBO3115,           0,          1,            3,              0.0,               0.0,             0.0,               0.0,                 0.0,               41.0
ASF1136,           0,          1,            3,              0.0,               0.0,             0.0,               0.0,                 0.0,                0.0
SAC0374,           0,          1,            2,              0.0,               0.0,             0.0,               0.0,                 0.0,               64.0
JMF3362,           0,          1,            4,              0.0,               0.0,             0.0,               0.0,                 0.0,                0.0
RWH3312,           0,         31,           12,              0.0,               0.0,             0.0,               0.0,                 0.0,               53.0
NMV2556,           0,          1,            2,              0.0,               0.0,             0.0,               0.0,                 0.0,               59.0
UMS0883,           0,        111,           10,              0.0,               0.0,             0.0,             784.0,              1334.0,              218.0
VEC1686,           0,          1,            2,              0.0,               0.0,             0.0,               0.0,                 0.0,                9.0
AWV0836,           0,          1,            4,              0.0,               0.0,             0.0,               0.0,                 0.0,               20.0
TSF3478,           0,          1,            3,              0.0,               0.0,             0.0,               0.0,                 0.0,               79.0
CHY0083,           0,          1,            2,              0.0,               0.0,             0.0,               0.0,                 0.0,               32.0
YDM2537,           0,          1,            4,              0.0,               0.0,             0.0,               0.0,                 0.0,                0.0
GDP1856,           0,          1,            2,              0.0,               0.0,             0.0,               0.0,                 0.0,               16.0
JSW0872,           0,          8,            9,              0.0,               0.0,             0.0,               0.0,                 0.0,               65.0
KMS0954,           0,          1,            4,              0.0,               0.0,             0.0,               0.0,                 0.0,                0.0
MCT0424,           0,          1,            3,              0.0,               0.0,             0.0,               0.0,                 0.0,                0.0
RAA1455,           0,          1,            4,              0.0,               0.0,             0.0,            3810.0,              6602.0,             1109.0
WBA1786,           0,          1,            4,              0.0,               0.0,             0.0,               0.0,                 0.0,               87.0
FRM3431,           0,          1,            3,              0.0,               0.0,             0.0,               0.0,                 0.0,              181.0
QIT3029,           0,          1,            4,              0.0,               0.0,             0.0,               0.0,                 0.0,                0.0
CGW0692,           0,         16,            9,              0.0,               0.0,             0.0,               0.0,                 0.0,              282.0
MNN1167,           0,          1,            4,              0.0,               0.0,             0.0,               0.0,                 0.0,                0.0
LGR1036,           0,          1,            3,              0.0,               0.0,             0.0,               0.0,                 0.0,                0.0
DDH1041,           0,          1,            8,              0.0,               0.0,             0.0,               0.0,                 0.0,              230.0
CRP1186,           0,          1,            2,              0.0,               0.0,             0.0,               0.0,                 0.0,               49.0
QHF3151,           0,          1,            4,              0.0,               0.0,             0.0,               0.0,                 0.0,                0.0
ADM2762,           0,          1,            3,              0.0,               0.0,             0.0,               0.0,                 0.0,                0.0
HIS1706,           0,          1,            4,              0.0,               0.0,             0.0,               0.0,                 0.0,              147.0
BRW3552,           0,         28,           10,              0.0,               0.0,             0.0,              65.0,               136.0,               53.0
GIH0882,           0,         15,           24,              0.0,               0.0,             0.0,              87.0,               208.0,              176.0
ISM2612,           0,          1,            4,              0.0,               0.0,             0.0,               0.0,                 0.0,                0.0
JJE1552,           0,          1,            2,              0.0,               0.0,             0.0,               0.0,                 0.0,               24.0
GHD1450,           0,          1,           23,              0.0,               0.0,             0.0,               0.0,                 0.0,               15.0
CUM2335,           0,          1,            2,              0.0,               0.0,             0.0,               0.0,                 0.0,               86.0
AHC0232,           0,          1,            4,              0.0,               0.0,             0.0,               0.0,                 0.0,                0.0
TBM3829,           0,          1,            3,              0.0,               0.0,             0.0,               0.0,                 0.0,               11.0
JBT1035,           0,          1,            2,              0.0,               0.0,             0.0,               0.0,                 0.0,               13.0
CHU3211,           0,         47,            9,              0.0,               0.0,             0.0,               0.0,                 0.0,               58.0
AAP0352,           0,         22,           10,              0.0,               0.0,             0.0,             219.0,               373.0,              107.0
THB0987,           0,         22,           24,              0.0,               0.0,             0.0,               0.0,                 0.0,               53.0
ABD3426,           0,         32,           24,              0.0,               0.0,             0.0,            3936.0,              6472.0,             1026.0
KCS0605,           0,          1,           10,              0.0,               0.0,             0.0,               0.0,                 0.0,               27.0
DPF3360,           0,          1,            4,              0.0,               0.0,             0.0,               0.0,                 0.0,                0.0
MRL2636,           0,          1,            9,              0.0,               0.0,             0.0,             359.0,               719.0,              531.0
MYW0914,           0,          1,            4,              0.0,               0.0,             0.0,               0.0,                 0.0,               10.0
KUS2137,           0,          1,            7,              0.0,               0.0,             0.0,               0.0,                 0.0,               49.0
WFN0926,           0,          1,            4,              0.0,               0.0,             0.0,               0.0,                 0.0,                0.0
ABM3641,           0,         68,           24,              0.0,               0.0,             0.0,               0.0,                 0.0,               42.0
ABO1173,           0,          1,           21,              0.0,               0.0,             0.0,             263.0,               611.0,              521.0
RSE2181,           0,          1,            2,              0.0,               0.0,             0.0,               0.0,                 0.0,               14.0
DND3309,           0,          1,            4,              0.0,               0.0,             0.0,               0.0,                 0.0,               10.0
CZB3718,           0,          1,            4,              0.0,               0.0,             0.0,               0.0,                 0.0,                0.0
RBP1171,           0,         33,           13,              0.0,               0.0,             0.0,               0.0,                 0.0,               25.0
SRL3525,           0,          1,            2,              0.0,               0.0,             0.0,               0.0,                 0.0,                0.0
BHC2049,           0,          1,            4,              0.0,               0.0,             0.0,               0.0,                 0.0,               14.0
LKF0335,           0,          1,            2,              0.0,               0.0,             0.0,               0.0,                 0.0,                0.0
JEP1571,           0,          1,           10,              0.0,               0.0,             0.0,             193.0,               364.0,               61.0
XBH0357,           0,          1,            3,              0.0,               0.0,             0.0,               0.0,                 0.0,                0.0
IBP1616,           0,        121,           24,              0.0,               0.0,             0.0,              46.0,                98.0,               73.0
AEH2020,           0,          1,            7,              0.0,               0.0,             0.0,               0.0,                 0.0,               60.0
NBN2651,           0,          1,            4,              0.0,               0.0,             0.0,               0.0,                 0.0,               31.0
GNG2362,           0,          1,            2,              0.0,               0.0,             0.0,               0.0,                 0.0,                9.0
GEB3079,           0,          1,            3,              0.0,               0.0,             0.0,               0.0,                 0.0,               44.0
JJM3791,           0,         23,            7,              0.0,               0.0,             0.0,               0.0,                 0.0,               50.0
MHS2634,           0,         20,           11,              0.0,               0.0,             0.0,               0.0,                 0.0,              104.0
DLM1680,           0,        102,           23,              0.0,               0.0,             0.0,             747.0,              1427.0,              480.0
WCM3134,           0,          1,            4,              0.0,               0.0,             0.0,               0.0,                 0.0,                0.0
KSJ0840,           0,          1,            4,              0.0,               0.0,             0.0,               0.0,                 0.0,                5.0
BCO2338,           0,          1,            3,              0.0,               0.0,             0.0,               0.0,                 0.0,               51.0
JBW3852,           0,         20,           12,              0.0,               0.0,             0.0,               0.0,                 0.0,               76.0
DDS3149,           0,          1,            4,              0.0,               0.0,             0.0,               0.0,                 0.0,                0.0
LMG1061,           0,        909,           24,              0.0,               0.0,             0.0,               0.0,                 0.0,              655.0
EJM2690,           0,          1,           10,              0.0,               0.0,             0.0,               0.0,                 0.0,               62.0
KJD3392,           0,         83,           12,              0.0,               0.0,             0.0,               0.0,                 0.0,               31.0
EBC3242,           0,          1,            2,              0.0,               0.0,             0.0,               0.0,                 0.0,               20.0
CTJ0669,           0,          1,            4,              0.0,               0.0,             0.0,               0.0,                 0.0,               19.0
DOS1990,           0,         92,           13,              0.0,               0.0,             0.0,             498.0,               914.0,              211.0
CSP0483,           0,          1,            3,              0.0,               0.0,             0.0,               0.0,                 0.0,                1.0
NEA3248,           0,          1,            2,              0.0,               0.0,             0.0,               0.0,                 0.0,               19.0
MRH2722,           0,          1,            2,              0.0,               0.0,             0.0,               0.0,                 0.0,               16.0
HLM1007,           0,          1,            4,              0.0,               0.0,             0.0,               0.0,                 0.0,                0.0
MOS0496,           0,          1,            7,              0.0,               0.0,             0.0,             885.0,              1469.0,              243.0
NDK3436,           0,         59,           23,              0.0,               0.0,             0.0,               0.0,                 0.0,               59.0
SMR0338,           0,          1,            7,              0.0,               0.0,             0.0,             611.0,              1127.0,              182.0
DNB1999,           0,         66,           13,              0.0,               0.0,             0.0,               0.0,                 0.0,              318.0
BMS0925,           0,         28,           24,              0.0,               0.0,             0.0,             442.0,               842.0,              206.0
RRM2175,           0,          1,            4,              0.0,               0.0,             0.0,               0.0,                 0.0,                0.0
LHG3145,           0,          1,            4,              0.0,               0.0,             0.0,               0.0,                 0.0,               61.0
NQM0084,           0,        103,           11,              0.0,               0.0,             0.0,             327.0,               592.0,              116.0
JFO2840,           0,          1,           22,              0.0,               0.0,             0.0,               0.0,                 0.0,               10.0
ASD3348,           0,          1,            3,              0.0,               0.0,             0.0,               0.0,                 0.0,                0.0
DRS0032,           0,          1,            4,              0.0,               0.0,             0.0,               0.0,                 0.0,               36.0
GNE1365,           0,         47,           24,              0.0,               0.0,             0.0,               0.0,                 0.0,               17.0
AJO2788,           0,          1,            4,              0.0,               0.0,             0.0,               0.0,                 0.0,               27.0
CTB3481,           0,         17,           13,              0.0,               0.0,             0.0,             139.0,               241.0,               49.0
GNW3891,           0,          1,            4,              0.0,               0.0,             0.0,               0.0,                 0.0,               82.0
WCB0801,           0,          1,            2,              0.0,               0.0,             0.0,               0.0,                 0.0,                0.0
JMH0617,           0,         47,            8,              0.0,               0.0,             0.0,               0.0,                 0.0,               48.0
SAP3390,           0,         83,           12,              0.0,               0.0,             0.0,             108.0,               199.0,               32.0
LEB1764,           0,        962,           24,              0.0,               0.0,             0.0,             848.0,              1468.0,              346.0
KTR3308,           0,          1,            4,              0.0,               0.0,             0.0,               0.0,                 0.0,                0.0
YNW2855,           0,        106,           24,              0.0,               0.0,             0.0,            3888.0,              6164.0,              981.0
MBH1370,           0,          8,           20,              0.0,               0.0,             0.0,            1416.0,               633.0,              533.0
MCC0856,           0,         27,           23,              0.0,               0.0,             0.0,               0.0,                 0.0,               12.0
LCP0344,           0,          1,            8,              0.0,               0.0,             0.0,            3537.0,              5600.0,              839.0
ISR1477,           0,          1,            8,              0.0,               0.0,             0.0,               0.0,                 0.0,               82.0
MJM3657,           0,         23,           12,              0.0,               0.0,             0.0,               0.0,                 0.0,              144.0
JSR1085,           0,          1,            9,              0.0,               0.0,             0.0,               0.0,                 0.0,               56.0
TJB3511,           0,          1,            4,              0.0,               0.0,             0.0,               0.0,                 0.0,               65.0
NWO3501,           0,          1,            3,              0.0,               0.0,             0.0,               0.0,                 0.0,               39.0
XTB3322,           0,          1,            3,              0.0,               0.0,             0.0,               0.0,                 0.0,                7.0
GKN0168,           0,          1,            4,              0.0,               0.0,             0.0,               0.0,                 0.0,               78.0
HKR2901,           0,          1,            3,              0.0,               0.0,             0.0,               0.0,                 0.0,               22.0
AHS2348,           0,          1,            2,              0.0,               0.0,             0.0,               0.0,                 0.0,               10.0
PEB3768,           0,          1,            4,              0.0,               0.0,             0.0,               0.0,                 0.0,                9.0
KDA1452,           0,          1,            4,              0.0,               0.0,             0.0,               0.0,                 0.0,                0.0
AIS1082,           0,          1,            3,              0.0,               0.0,             0.0,               0.0,                 0.0,               41.0
BJM3236,           0,          1,            2,              0.0,               0.0,             0.0,               0.0,                 0.0,                0.0
DCB3597,           0,          1,            3,              0.0,               0.0,             0.0,               0.0,                 0.0,                0.0
GCJ0831,           0,          1,            4,              0.0,               0.0,             0.0,               0.0,                 0.0,                0.0
GEB3975,           0,          1,            9,              0.0,               0.0,             0.0,               0.0,                 0.0,               16.0
FCS1128,           0,         84,            9,              0.0,               0.0,             0.0,               0.0,                 0.0,               99.0
DBC1152,           0,          1,            4,              0.0,               0.0,             0.0,               0.0,                 0.0,               41.0
MBN3610,           0,         36,            9,              0.0,               0.0,             0.0,               0.0,                 0.0,               87.0
WBC1203,           0,        101,            9,              0.0,               0.0,             0.0,               0.0,                 0.0,               33.0
GCR2597,           0,          1,            4,              0.0,               0.0,             0.0,               0.0,                 0.0,               41.0
SMH2222,           0,          1,            4,              0.0,               0.0,             0.0,               0.0,                 0.0,                0.0
VLF1113,           0,          1,           14,              0.0,               0.0,             0.0,               0.0,                 0.0,                9.0
BNC1497,           0,          1,            3,              0.0,               0.0,             0.0,               0.0,                 0.0,                0.0
BPR1678,           0,          1,            7,              0.0,               0.0,             0.0,               0.0,                 0.0,               17.0
WAJ2412,           0,          1,            9,              0.0,               0.0,             0.0,               0.0,                 0.0,               66.0
HMB0805,           0,          9,           12,              0.0,               0.0,             0.0,               0.0,                 0.0,              732.0
MLW0296,           0,          1,            4,              0.0,               0.0,             0.0,               0.0,                 0.0,               40.0
CIV0935,           0,          1,            3,              0.0,               0.0,             0.0,               0.0,                 0.0,               23.0
SHM2429,           0,        958,           24,              0.0,               0.0,             0.0,               0.0,                 0.0,                0.0
DWC2994,           0,          1,            4,              0.0,               0.0,             0.0,               0.0,                 0.0,                0.0
TCG0016,           0,          1,            8,              0.0,               0.0,             0.0,             368.0,               780.0,              881.0
BWC2534,           0,        101,           13,              0.0,               0.0,             0.0,               0.0,                 0.0,               52.0
PEV3955,           0,          1,           23,              0.0,               0.0,             0.0,               0.0,                 0.0,               12.0
KKB2094,           0,          1,            2,              0.0,               0.0,             0.0,               0.0,                 0.0,                0.0
SIW2528,           0,        106,           10,              0.0,               0.0,             0.0,               0.0,                 0.0,              191.0
LBM2142,           0,          1,            2,              0.0,               0.0,             0.0,               0.0,                 0.0,               68.0
AIF1202,           0,          1,            4,              0.0,               0.0,             0.0,               0.0,                 0.0,                0.0
AGW1590,           0,        106,           24,              0.0,               0.0,             0.0,             311.0,               555.0,              136.0
JIM2988,           0,         11,            8,              0.0,               0.0,             0.0,               0.0,                 0.0,               20.0
HJG3868,           0,          1,            3,              0.0,               0.0,             0.0,               0.0,                 0.0,              130.0
AGL3519,           0,          1,           10,              0.0,               0.0,             0.0,               0.0,                 0.0,              159.0
CSR3225,           0,         31,            6,              0.0,               0.0,             0.0,               0.0,                 0.0,               55.0
CTH0737,           0,          1,            9,              0.0,               0.0,             0.0,             260.0,               257.0,              199.0
KNC3843,           0,          1,            3,              0.0,               0.0,             0.0,               0.0,                 0.0,               29.0
SGK1941,           0,        108,           10,              0.0,               0.0,             0.0,               0.0,                 0.0,               40.0
CNK1711,           0,          1,            9,              0.0,               0.0,             0.0,               0.0,                 0.0,               80.0
QNC3717,           0,          1,            4,              0.0,               0.0,             0.0,               0.0,                 0.0,                0.0
JAW3813,           0,          1,            8,              0.0,               0.0,             0.0,               0.0,                 0.0,              250.0
KHC2129,           0,          1,            3,              0.0,               0.0,             0.0,               0.0,                 0.0,               44.0
BEG3521,           0,         96,           10,              0.0,               0.0,             0.0,             844.0,              1511.0,              255.0
AJN1275,           0,          1,           23,              0.0,               0.0,             0.0,               0.0,                 0.0,               58.0
CAS1702,           0,          1,            2,              0.0,               0.0,             0.0,               0.0,                 0.0,                0.0
RHL0268,           0,         44,           12,              0.0,               0.0,             0.0,               0.0,                 0.0,               55.0
NSW3199,           0,          1,            4,              0.0,               0.0,             0.0,               0.0,                 0.0,                0.0
VJC1974,           0,          1,            4,              0.0,               0.0,             0.0,               0.0,                 0.0,               37.0
CAH1839,           0,          6,           19,              0.0,               0.0,             0.0,               0.0,                 0.0,                0.0
CAC0147,           0,          1,            4,              0.0,               0.0,             0.0,               0.0,                 0.0,                0.0
KDH1284,           0,          1,            4,              0.0,               0.0,             0.0,               0.0,                 0.0,              468.0
PTS2487,           0,          1,           22,              0.0,               0.0,             0.0,               0.0,                 0.0,               37.0
KCG0979,           0,        104,           11,              0.0,               0.0,             0.0,             761.0,              1387.0,              236.0
MMB0185,           0,          1,            4,              0.0,               0.0,             0.0,               0.0,                 0.0,               36.0
BRW0963,           0,          1,            8,              0.0,               0.0,             0.0,               0.0,                 0.0,              149.0
JSH3019,           0,          1,           10,              0.0,               0.0,             0.0,             730.0,              1195.0,              877.0
AGF0742,           0,         36,           23,              0.0,               0.0,             0.0,            4153.0,              5311.0,             1030.0
ADG1737,           0,         73,           24,              0.0,               0.0,             0.0,            1772.0,              1169.0,              762.0
DWD2621,           0,          1,            2,              0.0,               0.0,             0.0,             585.0,              1050.0,              174.0
HDH3751,           0,          1,            4,              0.0,               0.0,             0.0,               0.0,                 0.0,               30.0
ANC1834,           0,          1,            4,              0.0,               0.0,             0.0,               0.0,                 0.0,                0.0
CSR0612,           0,          1,            4,              0.0,               0.0,             0.0,               0.0,                 0.0,                0.0
AKG2702,           0,         21,            9,              0.0,               0.0,             0.0,             764.0,              1261.0,              237.0
YZC3244,           0,          1,            7,              0.0,               0.0,             0.0,               0.0,                 0.0,               42.0
YMB2953,           0,         23,           11,              0.0,               0.0,             0.0,               0.0,                 0.0,              135.0
SRH3590,           0,          1,            3,              0.0,               0.0,             0.0,               0.0,                 0.0,                0.0
BSS2956,           0,          1,           10,              0.0,               0.0,             0.0,               0.0,                 0.0,              206.0
JUG0498,           0,          1,            2,              0.0,               0.0,             0.0,               0.0,                 0.0,                0.0
PSS2051,           0,          1,           10,              0.0,               0.0,             0.0,               0.0,                 0.0,               88.0
BSM2288,           0,          1,            4,              0.0,               0.0,             0.0,               0.0,                 0.0,               18.0
CPP2909,           0,          1,            4,              0.0,               0.0,             0.0,               0.0,                 0.0,               13.0
SWA1824,           0,         81,           12,              0.0,               0.0,             0.0,               0.0,                 0.0,              198.0
HVR0633,           0,         25,            9,              0.0,               0.0,             0.0,               0.0,                 0.0,               60.0
LCG0784,           0,          1,            2,              0.0,               0.0,             0.0,               0.0,                 0.0,               21.0
DCM3288,           0,          1,            2,              0.0,               0.0,             0.0,               0.0,                 0.0,               13.0
GKG2763,           0,          1,            2,              0.0,               0.0,             0.0,               0.0,                 0.0,               22.0
CAM2468,           0,          1,            3,              0.0,               0.0,             0.0,               0.0,                 0.0,                4.0
BPM3694,           0,         19,           24,              0.0,               0.0,             0.0,               0.0,                 0.0,              108.0
LMJ3535,           0,          1,            2,              0.0,               0.0,             0.0,               0.0,                 0.0,              110.0
JOR2627,           0,          1,            4,              0.0,               0.0,             0.0,               0.0,                 0.0,               18.0
VND1667,           0,          1,            3,              0.0,               0.0,             0.0,               0.0,                 0.0,                0.0
GIM0786,           0,          1,            2,              0.0,               0.0,             0.0,               0.0,                 0.0,               29.0
JLG2952,           0,          1,            9,              0.0,               0.0,             0.0,               0.0,                 0.0,              176.0
AIA2005,           0,          1,            3,              0.0,               0.0,             0.0,               0.0,                 0.0,               16.0
MBB2649,           0,          1,            4,              0.0,               0.0,             0.0,               0.0,                 0.0,                0.0
ZJS2648,           0,          7,           23,              0.0,               0.0,             0.0,               0.0,                 0.0,               12.0
MIA3825,           0,          1,            7,              0.0,               0.0,             0.0,             187.0,               352.0,               90.0
NJW2402,           0,          1,           17,              0.0,               0.0,             0.0,               0.0,                 0.0,               75.0
SEN0534,           0,          1,            3,              0.0,               0.0,             0.0,               0.0,                 0.0,               67.0
HHW2471,           0,          1,            2,              0.0,               0.0,             0.0,               0.0,                 0.0,               25.0
LLG2958,           0,          1,            4,              0.0,               0.0,             0.0,               0.0,                 0.0,               58.0
IOM0542,           0,          1,            4,              0.0,               0.0,             0.0,               0.0,                 0.0,              119.0
XBL3922,           0,          1,            3,              0.0,               0.0,             0.0,               0.0,                 0.0,               14.0
FZS0969,           0,          1,            3,              0.0,               0.0,             0.0,               0.0,                 0.0,               92.0
UDB1170,           0,        106,           13,              0.0,               0.0,             0.0,               0.0,                 0.0,              104.0
TNH3028,           0,          1,           10,              0.0,               0.0,             0.0,               0.0,                 0.0,               34.0
SSS3091,           0,        103,           12,              0.0,               0.0,             0.0,             305.0,               565.0,              127.0
HZM3056,           0,          1,            4,              0.0,               0.0,             0.0,               0.0,                 0.0,                0.0
NNM2862,           0,         92,           11,              0.0,               0.0,             0.0,             148.0,               243.0,               60.0
GRL3110,           0,          1,            3,              0.0,               0.0,             0.0,               0.0,                 0.0,               49.0
BCC0456,           0,          1,            2,              0.0,               0.0,             0.0,               0.0,                 0.0,              201.0
CAR0928,           0,          1,            8,              0.0,               0.0,             0.0,               0.0,                 0.0,               41.0
NEB3445,           0,         26,           10,              0.0,               0.0,             0.0,               0.0,                 0.0,               26.0
DBT0141,           0,        114,           23,              0.0,               0.0,             0.0,             754.0,              1298.0,              225.0
SKP3263,           0,          1,            3,              0.0,               0.0,             0.0,               0.0,                 0.0,                0.0
JOA0305,           0,         24,            9,              0.0,               0.0,             0.0,             851.0,              1520.0,              240.0
MQR1657,           0,        107,           24,              0.0,               0.0,             0.0,             282.0,               461.0,              138.0
AWH2466,           0,          1,            3,              0.0,               0.0,             0.0,               0.0,                 0.0,                0.0
KBO2708,           0,          1,            2,              0.0,               0.0,             0.0,               0.0,                 0.0,                0.0
JCC1381,           0,          1,            3,              0.0,               0.0,             0.0,               0.0,                 0.0,               60.0
RDB1693,           0,          1,            2,              0.0,               0.0,             0.0,               0.0,                 0.0,               18.0
CGC1132,           0,          1,            3,              0.0,               0.0,             0.0,               0.0,                 0.0,                0.0
MJS3720,           0,          8,           12,              0.0,               0.0,             0.0,              15.0,                27.0,               21.0
DAD2620,           0,          1,            2,              0.0,               0.0,             0.0,               0.0,                 0.0,               40.0
WDD0499,           0,          1,            2,              0.0,               0.0,             0.0,               0.0,                 0.0,                0.0
BEA0311,           0,          1,            3,              0.0,               0.0,             0.0,               0.0,                 0.0,                9.0
JDV1245,           0,          1,           10,              0.0,               0.0,             0.0,             223.0,               232.0,              274.0
APP1054,           0,        657,           24,              0.0,               0.0,             0.0,               0.0,                 0.0,               21.0
BCM3794,           0,          1,           11,              0.0,               0.0,             0.0,               0.0,                 0.0,              440.0
MHV1529,           0,          1,            4,              0.0,               0.0,             0.0,               0.0,                 0.0,                0.0
WJC0470,           0,          1,            3,              0.0,               0.0,             0.0,               0.0,                 0.0,               39.0
NTP2146,           0,         51,           10,              0.0,               0.0,             0.0,               0.0,                 0.0,              120.0
ERC1840,           0,          1,            4,              0.0,               0.0,             0.0,               0.0,                 0.0,                7.0
HMY0235,           0,         46,           24,              0.0,               0.0,             0.0,             319.0,               599.0,              154.0
KEF1057,           0,        899,           24,              0.0,               0.0,             0.0,             786.0,              1360.0,              315.0
TAM3048,           0,       1190,           24,              0.0,               0.0,             0.0,               0.0,                 0.0,              156.0
GMH2027,           0,          1,            2,              0.0,               0.0,             0.0,               0.0,                 0.0,                0.0
LCM1480,           0,          1,            3,              0.0,               0.0,             0.0,               0.0,                 0.0,               36.0
PAM0505,           0,          1,            2,              0.0,               0.0,             0.0,               0.0,                 0.0,                0.0
UMH1532,           0,          1,            3,              0.0,               0.0,             0.0,               0.0,                 0.0,                0.0
KNS0539,           0,          1,            3,              0.0,               0.0,             0.0,               0.0,                 0.0,               22.0
RIS2436,           0,        956,           24,              0.0,               0.0,             0.0,               0.0,                 0.0,               52.0
RMB2275,           0,          1,            2,              0.0,               0.0,             0.0,               0.0,                 0.0,               27.0
BBF2388,           0,          1,            4,              0.0,               0.0,             0.0,               0.0,                 0.0,                0.0
IMR3660,           0,        109,           12,              0.0,               0.0,             0.0,             849.0,              1483.0,              258.0
SML1923,           0,         82,           11,              0.0,               0.0,             0.0,             261.0,               437.0,              118.0
MSF3311,           0,          1,            4,              0.0,               0.0,             0.0,               0.0,                 0.0,                3.0
BBH3779,           0,          1,            2,              0.0,               0.0,             0.0,               0.0,                 0.0,               85.0
CAR2900,           0,          1,            4,              0.0,               0.0,             0.0,               0.0,                 0.0,                0.0
JCH3456,           0,          1,            2,              0.0,               0.0,             0.0,               0.0,                 0.0,               15.0
TSD2948,           0,         89,           24,              0.0,               0.0,             0.0,             109.0,               173.0,              122.0
JCR3919,           0,          1,            7,              0.0,               0.0,             0.0,               0.0,                 0.0,               24.0
BXW1804,           0,          1,            8,              0.0,               0.0,             0.0,               0.0,                 0.0,               51.0
CRC0348,           0,         36,           24,              0.0,               0.0,             0.0,               0.0,                 0.0,              143.0
DAH2506,           0,          1,            8,              0.0,               0.0,             0.0,               0.0,                 0.0,               52.0
HCS2401,           0,          1,            8,              0.0,               0.0,             0.0,             859.0,              1610.0,              265.0
CBS0951,           0,          1,           17,              0.0,               0.0,             0.0,               0.0,                 0.0,               36.0
SHP1713,           0,          1,            2,              0.0,               0.0,             0.0,               0.0,                 0.0,              143.0
IRB2456,           0,          1,            7,              0.0,               0.0,             0.0,               0.0,                 0.0,              120.0
GJM2800,           0,          1,           20,              0.0,               0.0,             0.0,               0.0,                 0.0,               43.0
XJM3874,           0,         71,            9,              0.0,               0.0,             0.0,               0.0,                 0.0,               89.0
SCR2455,           0,         21,           10,              0.0,               0.0,             0.0,             746.0,              1331.0,              232.0
JJC0116,           0,          1,            2,              0.0,               0.0,             0.0,               0.0,                 0.0,               19.0
KSB1599,           0,          1,            3,              0.0,               0.0,             0.0,               0.0,                 0.0,               13.0
THG3271,           0,          1,            3,              0.0,               0.0,             0.0,               0.0,                 0.0,                4.0
SWS0823,           0,          1,            4,              0.0,               0.0,             0.0,               0.0,                 0.0,               65.0
BCZ1345,           0,          1,            4,              0.0,               0.0,             0.0,               0.0,                 0.0,                0.0
BMB0007,           0,          1,            3,              0.0,               0.0,             0.0,               0.0,                 0.0,              111.0
AZB1225,           0,          1,            2,              0.0,               0.0,             0.0,               0.0,                 0.0,               55.0
HLM1564,           0,          1,            4,              0.0,               0.0,             0.0,               0.0,                 0.0,               24.0
HQF1912,           0,          1,           16,              0.0,               0.0,             0.0,             260.0,               464.0,               99.0
AGM0133,           0,          1,            2,              0.0,               0.0,             0.0,               0.0,                 0.0,                0.0
JZE2902,           0,         12,           10,              0.0,               0.0,             0.0,             213.0,               283.0,              393.0
VAB1102,           0,          1,            2,              0.0,               0.0,             0.0,               0.0,                 0.0,               54.0
PIG2047,           0,          1,            4,              0.0,               0.0,             0.0,               0.0,                 0.0,                0.0
JRB0025,           0,          1,            4,              0.0,               0.0,             0.0,               0.0,                 0.0,              233.0
RAW3461,           0,          1,            2,              0.0,               0.0,             0.0,               0.0,                 0.0,               65.0
DXM2433,           0,        987,           24,              0.0,               0.0,             0.0,               0.0,                 0.0,                0.0
AYS0110,           0,          1,            4,              0.0,               0.0,             0.0,               0.0,                 0.0,                0.0
GWC0137,           0,          1,            2,              0.0,               0.0,             0.0,               0.0,                 0.0,               57.0
MEA3886,           0,        105,           12,              0.0,               0.0,             0.0,               0.0,                 0.0,              173.0
LYF3449,           0,          1,            8,              0.0,               0.0,             0.0,               0.0,                 0.0,               31.0
KAA2150,           0,          1,            2,              0.0,               0.0,             0.0,               0.0,                 0.0,              191.0
WLG0406,           0,          1,           10,              0.0,               0.0,             0.0,               0.0,                 0.0,               77.0
HMP3391,           0,          1,            4,              0.0,               0.0,             0.0,               0.0,                 0.0,                2.0
JEL2887,           0,          1,           10,              0.0,               0.0,             0.0,               0.0,                 0.0,               96.0
ZBW0132,           0,          1,            4,              0.0,               0.0,             0.0,               0.0,                 0.0,                0.0
HKH0204,           0,        108,           22,              0.0,               0.0,             0.0,             681.0,              1473.0,              368.0
CHF1005,           0,         27,           23,              0.0,               0.0,             0.0,               0.0,                 0.0,              117.0
ZAN1931,           0,          1,            4,              0.0,               0.0,             0.0,               0.0,                 0.0,                0.0
CWF1289,           0,          1,            4,              0.0,               0.0,             0.0,               0.0,                 0.0,               62.0
OMB2053,           0,          1,            4,              0.0,               0.0,             0.0,               0.0,                 0.0,               47.0
MSW0973,           0,          1,            4,              0.0,               0.0,             0.0,               0.0,                 0.0,                0.0
OEJ1648,           0,         24,           24,              0.0,               0.0,             0.0,             349.0,               390.0,              488.0
AYL1635,           0,          1,            4,              0.0,               0.0,             0.0,               0.0,                 0.0,                0.0
OGW3384,           0,         19,           11,              0.0,               0.0,             0.0,            1182.0,              1990.0,              308.0
RKA2561,           0,          1,            2,              0.0,               0.0,             0.0,               0.0,                 0.0,                0.0
BCB2072,           0,          1,            7,              0.0,               0.0,             0.0,               0.0,                 0.0,              139.0
CMA1475,           0,          1,            3,              0.0,               0.0,             0.0,               0.0,                 0.0,               61.0
WAF3438,           0,         95,           10,              0.0,               0.0,             0.0,               0.0,                 0.0,              111.0
IJC3881,           0,          1,            3,              0.0,               0.0,             0.0,               0.0,                 0.0,                0.0
RJH0219,           0,         81,           24,              0.0,               0.0,             0.0,               0.0,                 0.0,              149.0
AKS3705,           0,          1,            3,              0.0,               0.0,             0.0,               0.0,                 0.0,                9.0
RKH3803,           0,          1,            2,              0.0,               0.0,             0.0,               0.0,                 0.0,               27.0
JIW2086,           0,          1,            4,              0.0,               0.0,             0.0,               0.0,                 0.0,               50.0
PGM0342,           0,          1,            7,              0.0,               0.0,             0.0,               0.0,                 0.0,               89.0
ELB3697,           0,         16,           10,              0.0,               0.0,             0.0,               0.0,                 0.0,               18.0
DMM2063,           0,          1,            2,              0.0,               0.0,             0.0,               0.0,                 0.0,                0.0
EZP3568,           0,          1,            9,              0.0,               0.0,             0.0,               0.0,                 0.0,               32.0
JMH2517,           0,          1,           10,              0.0,               0.0,             0.0,               0.0,                 0.0,               83.0
MMJ0070,           0,        109,           13,              0.0,               0.0,             0.0,               0.0,                 0.0,               48.0
DMG1298,           0,          1,            4,              0.0,               0.0,             0.0,               0.0,                 0.0,                0.0
YJP2689,           0,         13,           10,              0.0,               0.0,             0.0,               0.0,                 0.0,               19.0
GHT3177,           0,          1,            4,              0.0,               0.0,             0.0,               0.0,                 0.0,               85.0
CJM0273,           0,         39,           12,              0.0,               0.0,             0.0,            4229.0,              7045.0,             1146.0
FAP0199,           0,         56,            9,              0.0,               0.0,             0.0,               0.0,                 0.0,               18.0
FNM2124,           0,          1,            3,              0.0,               0.0,             0.0,            2823.0,              4803.0,              786.0
HMS2212,           0,          1,            4,              0.0,               0.0,             0.0,               0.0,                 0.0,                0.0
BNF1110,           0,         22,           14,              0.0,               0.0,             0.0,             827.0,              1850.0,              875.0
RMD0792,           0,         38,           21,              0.0,               0.0,             0.0,             271.0,               481.0,              115.0
ISH0079,           0,          1,            3,              0.0,               0.0,             0.0,               0.0,                 0.0,                0.0
BSV1499,           0,          1,            8,              0.0,               0.0,             0.0,               0.0,                 0.0,               30.0
SFM2226,           0,          1,            4,              0.0,               0.0,             0.0,              58.0,               125.0,               23.0
JTR3205,           0,          1,            2,              0.0,               0.0,             0.0,               0.0,                 0.0,                0.0
MNW1733,           0,         48,           13,              0.0,               0.0,             0.0,             103.0,               157.0,               46.0
SKK0282,           0,          1,            3,              0.0,               0.0,             0.0,               0.0,                 0.0,              104.0
IMH2964,           0,          1,            3,              0.0,               0.0,             0.0,               0.0,                 0.0,               26.0
GJO3614,           0,          1,            4,              0.0,               0.0,             0.0,               0.0,                 0.0,               10.0
WAR1374,           0,          1,            3,              0.0,               0.0,             0.0,               0.0,                 0.0,               47.0
NTH2822,           0,          1,            3,              0.0,               0.0,             0.0,               0.0,                 0.0,               10.0
AIL2511,           0,          1,            2,              0.0,               0.0,             0.0,               0.0,                 0.0,               49.0
CWH0038,           0,          1,            3,              0.0,               0.0,             0.0,               0.0,                 0.0,                0.0
IBP2990,           0,          1,            3,              0.0,               0.0,             0.0,               0.0,                 0.0,               31.0
LJM3339,           0,          1,            3,              0.0,               0.0,             0.0,               0.0,                 0.0,                2.0
VMN0743,           0,         28,           10,              0.0,               0.0,             0.0,               0.0,                 0.0,              732.0
DWF2268,           0,          1,            2,              0.0,               0.0,             0.0,               0.0,                 0.0,              381.0
MTG0463,           0,        959,           24,              0.0,               0.0,             0.0,               0.0,                 0.0,               25.0
JPC2507,           0,         33,            9,              0.0,               0.0,             0.0,             237.0,               452.0,               97.0
IWR3469,           0,         20,           10,              0.0,               0.0,             0.0,               0.0,                 0.0,               45.0
AEB3249,           0,          1,            7,              0.0,               0.0,             0.0,              81.0,                90.0,              156.0
LHB3089,           0,          1,           10,              0.0,               0.0,             0.0,               0.0,                 0.0,               94.0
RDC0378,           0,          1,            4,              0.0,               0.0,             0.0,               0.0,                 0.0,                0.0
XWM0415,           0,          1,           10,              0.0,               0.0,             0.0,               0.0,                 0.0,               45.0
HHF1995,           0,         19,           13,              0.0,               0.0,             0.0,            1104.0,              1837.0,              360.0
AAP1942,           0,          1,            8,              0.0,               0.0,             0.0,               0.0,                 0.0,               66.0
IRO0822,           0,          1,            4,              0.0,               0.0,             0.0,               0.0,                 0.0,                0.0
RVL1688,           0,          1,            2,              0.0,               0.0,             0.0,               0.0,                 0.0,                9.0
YJD3130,           0,          1,            3,              0.0,               0.0,             0.0,               0.0,                 0.0,               60.0
MDG3281,           0,          1,            3,              0.0,               0.0,             0.0,               0.0,                 0.0,                0.0
CRP3682,           0,         14,           23,              0.0,               0.0,             0.0,             288.0,               551.0,              207.0
CMH3077,           0,          1,            2,              0.0,               0.0,             0.0,               0.0,                 0.0,                0.0
YBP3978,           0,          1,            2,              0.0,               0.0,             0.0,               0.0,                 0.0,               18.0
OLH3452,           0,          1,            2,              0.0,               0.0,             0.0,               0.0,                 0.0,              126.0
MRM2906,           0,          1,            4,              0.0,               0.0,             0.0,               0.0,                 0.0,               34.0
KDT3773,           0,        108,           11,              0.0,               0.0,             0.0,               0.0,                 0.0,             1111.0
FBM2755,           0,          1,            4,              0.0,               0.0,             0.0,               0.0,                 0.0,               27.0
ZDC2523,           0,          1,           24,              0.0,               0.0,             0.0,             132.0,               203.0,              107.0
RGB0263,           0,          1,            3,              0.0,               0.0,             0.0,               0.0,                 0.0,              105.0
BJE0351,           0,          1,            8,              0.0,               0.0,             0.0,             607.0,              1114.0,              186.0
CBC3175,           0,          1,            9,              0.0,               0.0,             0.0,             197.0,               347.0,              105.0
GTG1348,           0,          1,            4,              0.0,               0.0,             0.0,               0.0,                 0.0,                0.0
VKA1118,           0,        107,           14,              0.0,               0.0,             0.0,               0.0,                 0.0,              580.0
LOC1446,           0,          1,            4,              0.0,               0.0,             0.0,               0.0,                 0.0,                0.0
JRR2745,           0,         20,           13,              0.0,               0.0,             0.0,             673.0,              1140.0,              205.0
JHB0807,           0,          1,            2,              0.0,               0.0,             0.0,               0.0,                 0.0,                2.0
CTD1850,           0,          1,            3,              0.0,               0.0,             0.0,               0.0,                 0.0,               39.0
LJH0866,           0,          1,            2,              0.0,               0.0,             0.0,               0.0,                 0.0,                0.0
CMM0764,           0,         92,           11,              0.0,               0.0,             0.0,               0.0,                 0.0,               66.0
AMD2728,           0,          1,            4,              0.0,               0.0,             0.0,               0.0,                 0.0,                0.0
SGC2111,           0,        109,           13,              0.0,               0.0,             0.0,              61.0,               142.0,              756.0
BAR3420,           0,         78,           10,              0.0,               0.0,             0.0,               0.0,                 0.0,              126.0
DCC1431,           0,          1,            9,              0.0,               0.0,             0.0,               0.0,                 0.0,               69.0
JYW1965,           0,          1,            4,              0.0,               0.0,             0.0,               0.0,                 0.0,              104.0
OHM1030,           0,          1,            8,              0.0,               0.0,             0.0,               0.0,                 0.0,              820.0
WKC0573,           0,         56,           13,              0.0,               0.0,             0.0,               0.0,                 0.0,               58.0
ZDC3269,           0,          1,           17,              0.0,               0.0,             0.0,               0.0,                 0.0,                8.0
FFP3169,           0,          1,            4,              0.0,               0.0,             0.0,               0.0,                 0.0,               37.0
AJQ0809,           0,          1,            9,              0.0,               0.0,             0.0,               0.0,                 0.0,               25.0
CBM0060,           0,          1,            2,              0.0,               0.0,             0.0,               0.0,                 0.0,               41.0
AMN0911,           0,         88,           11,              0.0,               0.0,             0.0,               0.0,                 0.0,               66.0
LWB2851,           0,         11,           11,              0.0,               0.0,             0.0,             168.0,               306.0,               52.0
QMP2998,           0,          1,            2,              0.0,               0.0,             0.0,               0.0,                 0.0,              109.0
BJG0662,           0,          1,            4,              0.0,               0.0,             0.0,               0.0,                 0.0,               99.0
OUJ2510,           0,          1,            2,              0.0,               0.0,             0.0,               0.0,                 0.0,               29.0
DCW0174,           0,          1,            2,              0.0,               0.0,             0.0,               0.0,                 0.0,                0.0
LKS1010,           0,          1,            4,              0.0,               0.0,             0.0,               0.0,                 0.0,                0.0
SLH0900,           0,          1,            2,              0.0,               0.0,             0.0,               0.0,                 0.0,               19.0
ALH2916,           0,          1,            4,              0.0,               0.0,             0.0,               0.0,                 0.0,                6.0
GDH3546,           0,          1,            2,              0.0,               0.0,             0.0,               0.0,                 0.0,               26.0
BAL2366,           0,        113,           11,              0.0,               0.0,             0.0,             208.0,               357.0,               81.0
BHW2476,           0,          1,            2,              0.0,               0.0,             0.0,               0.0,                 0.0,               14.0
CDB2017,           0,         10,           24,              0.0,               0.0,             0.0,             115.0,               195.0,               78.0
BNB3370,           0,          1,            4,              0.0,               0.0,             0.0,               0.0,                 0.0,              154.0
NWH2896,           0,         16,           19,              0.0,               0.0,             0.0,             261.0,               486.0,              183.0
LKB2322,           0,          1,            3,              0.0,               0.0,             0.0,               0.0,                 0.0,               97.0
OWL2872,           0,         22,           11,              0.0,               0.0,             0.0,               0.0,                 0.0,               29.0
KCO1253,           0,          1,            4,              0.0,               0.0,             0.0,               0.0,                 0.0,               23.0
ZZO2997,           0,          1,            3,              0.0,               0.0,             0.0,               0.0,                 0.0,               59.0
DJF3394,           0,          1,           10,              0.0,               0.0,             0.0,             139.0,               331.0,              389.0
LSM0408,           0,          1,            3,              0.0,               0.0,             0.0,               0.0,                 0.0,                0.0
RME0448,           0,        101,           11,              0.0,               0.0,             0.0,               0.0,                 0.0,               71.0
AJC3010,           0,          1,            2,              0.0,               0.0,             0.0,               0.0,                 0.0,                0.0
BRR2899,           0,          1,            4,              0.0,               0.0,             0.0,               0.0,                 0.0,               72.0
OIP0988,           0,          1,            2,              0.0,               0.0,             0.0,               0.0,                 0.0,               56.0
VHG3993,           0,         92,           10,              0.0,               0.0,             0.0,             901.0,              1535.0,              216.0
DSN3186,           0,          1,            8,              0.0,               0.0,             0.0,               0.0,                 0.0,               92.0
SNC1837,           0,          1,           10,              0.0,               0.0,             0.0,               0.0,                 0.0,               17.0
HCB1383,           0,         93,           24,              0.0,               0.0,             0.0,              42.0,                83.0,               68.0
GJS0160,           0,        147,           13,              0.0,               0.0,             0.0,               0.0,                 0.0,               24.0
IAB3386,           0,          1,            4,              0.0,               0.0,             0.0,               0.0,                 0.0,                6.0
MRB0796,           0,          1,            3,              0.0,               0.0,             0.0,               0.0,                 0.0,                0.0
BCS1604,           0,         42,           24,              0.0,               0.0,             0.0,               0.0,                 0.0,             1003.0
CCT0020,           0,          1,            4,              0.0,               0.0,             0.0,               0.0,                 0.0,               91.0
TLK0003,           0,         32,           22,              0.0,               0.0,             0.0,            1699.0,               980.0,              923.0
IBM1752,           0,          1,            4,              0.0,               0.0,             0.0,               0.0,                 0.0,               88.0
GIT2266,           0,          1,            7,              0.0,               0.0,             0.0,               0.0,                 0.0,              431.0
LYB3419,           0,         58,           10,              0.0,               0.0,             0.0,             201.0,               388.0,              146.0
MKR1339,           0,         80,           10,              0.0,               0.0,             0.0,             906.0,              1532.0,              242.0
IIW0361,           0,          1,            3,              0.0,               0.0,             0.0,               0.0,                 0.0,                0.0
BNC3178,           0,          1,            4,              0.0,               0.0,             0.0,               0.0,                 0.0,                0.0
SJS1415,           0,          1,            4,              0.0,               0.0,             0.0,               0.0,                 0.0,               66.0
NBH3076,           0,          1,            2,              0.0,               0.0,             0.0,               0.0,                 0.0,                0.0
EMM3195,           0,          1,            2,              0.0,               0.0,             0.0,               0.0,                 0.0,               19.0
QRR1242,           0,          1,            4,              0.0,               0.0,             0.0,               0.0,                 0.0,                0.0
MHS0125,           0,          1,            2,              0.0,               0.0,             0.0,               0.0,                 0.0,                0.0
BXN0660,           0,          1,            4,              0.0,               0.0,             0.0,               0.0,                 0.0,               62.0
SJL3355,           0,          1,           10,              0.0,               0.0,             0.0,               0.0,                 0.0,              152.0
BNT0663,           0,          1,            4,              0.0,               0.0,             0.0,               0.0,                 0.0,                0.0
RKM3650,           0,          1,            2,              0.0,               0.0,             0.0,               0.0,                 0.0,               19.0
AJS0616,           0,          1,            4,              0.0,               0.0,             0.0,               0.0,                 0.0,                0.0
ZOM0746,           0,          1,            4,              0.0,               0.0,             0.0,               0.0,                 0.0,                0.0
GJT1292,           0,          1,            4,              0.0,               0.0,             0.0,               0.0,                 0.0,               32.0
BLD2227,           0,         14,           18,              0.0,               0.0,             0.0,               0.0,                 0.0,               97.0
JLF3219,           0,          1,            2,              0.0,               0.0,             0.0,               0.0,                 0.0,               34.0
